race_date,time,venue,race_no,race_no_num,candidate_source,rating,selection,base_ai_score,base_ai_rating,base_ai_selection,base_reason_text,final_ai_score,final_ai_rating,final_ai_selection,final_rank,latest_reason_text,latest_updated_at,exhibition,exhibition_rank,weather,wind_speed,wave_height,wind_type,wind_dir,water_state_score,ai_lane_score_text,class_history_text,player_names_text,player_stat_text,player_reason_text,result_trifecta_text,result_trifecta_payout,result_exacta_text,result_exacta_payout,result_trio_text,result_trio_payout,settled_flag,settled_at,result_source_url,imported_at,purchased,purchased_selection_text,amount,hit,payout,memo,bet_type,series_day,race_phase,base_raw_score,base_raw_label,base_raw_reason_text,base_updated_at,day_trend_text,day_trend_sample
2026-04-24,08:32,唐津,1R,1,official_all,★★☆☆☆,1-3-2 / 1-2-3 / 1-3-6 / 1-2-6 / 1-6-3 / 1-6-2,0.73,AI★★☆☆☆,6-1-3 / 6-1-5 / 6-1-4 / 6-1-2 / 6-3-1 / 6-3-5,base危険 / 選手力上位 / 当地巧者,0.69,AI★☆☆☆☆,1-3-4 / 3-1-4 / 1-4-3 / 4-3-5 / 2-3-4 / 6-1-3,見送り寄り,"公式低評価AI検証 / 朝:base危険 / 選手力上位 / 当地巧者 / base危険で買い上げ抑制 / 直前:気象荒れ気味 / 風向東 / 風速8m / 波高8cm / 足:ST気配あり / 部品交換:6 / 足:1号艇足色良さげ / 整備:チルト:1:-0.5,2:0,3:0,4:-0.5,5:-0.5,6:0 / 部品交換:6:ピストン,リング / 直前差中で少し動かす / 隊形:1逃げ本線 / 3攻め注意 / 開催:2日目でやや本命寄り",2026-04-24 23:48:25 JST,"[""6.90"", ""6.92"", ""6.83"", ""6.85"", ""6.83"", ""6.86""]",1:5 / 2:6 / 3:1 / 4:3 / 5:1 / 6:4,晴,8.0,8.0,,東,-0.36,1:0.03 / 2:-0.12 / 3:0.13 / 4:0.17 / 5:-0.07 / 6:-0.03,1:A2 / A2 / A2 / A2 / 2:B1 / B1 / B1 / B1 / 3:B1 / A2 / A2 / A2 / 4:B1 / B1 / B1 / B1 / 5:B1 / B1 / B1 / B1 / 6:B1 / B1 / A2 / A2,1:田川大貴 / 2:塩崎優司 / 3:大庭元明 / 4:早川尚人 / 5:東 潤樹 / 6:牧山敦也,1:-勝率|+当地|-モータ|+級別 / 2:-勝率|+当地|-モータ / 3:-勝率|+当地|-モータ|-近況|+級別 / 4:-勝率|+当地|-モータ|-近況 / 5:+当地|-モータ|-近況 / 6:+当地|-モータ,1:-勝率|+当地|-モータ|+級別 / 2:-勝率|+当地|-モータ / 3:-勝率|+当地|-モータ|-近況|+級別 / 4:-勝率|+当地|-モータ|-近況 / 5:+当地|-モータ|-近況 / 6:+当地|-モータ,,,,,,,,,,2026-04-24 23:48:26 JST,,,100,,,,3連単,2,,0.34,base素材危険,base素材危険 / 選手力上位 / 当地巧者,2026-04-24 23:28:20 JST,,0
2026-04-24,08:40,徳山,1R,1,official_all,★★★★☆,1-2-4 / 1-4-2 / 1-2-5 / 1-4-5 / 1-5-2 / 1-5-4,1.31,AI★★★☆☆,1-5-4 / 1-5-3 / 1-5-2 / 1-5-6 / 1-4-5 / 1-4-3,base土台○ / 当地巧者 / 級別傾向強い / 1号艇有利,1.35,AI★★☆☆☆,1-5-4 / 6-1-4 / 1-5-6 / 4-6-1 / 3-6-1 / 1-4-5,様子見,"朝:base土台○ / 当地巧者 / 級別傾向強い / 1号艇有利 / base土台をやや保持 / 直前:展示差ややあり / 展示タイム差を確認 / 風向北 / 足:足差ややあり / 展示F:1,4,5注意 / 部品交換:5,6 / 足:6号艇足色良さげ / 整備:チルト:1:0,2:0,3:0,4:-0.5,5:0,6:0 / 部品交換:5:ピストン,リング,ピストンリング,6:ピストン,リング,ピストンリング,シリンダ,ギヤケース,電気,電気一式,キャブ,キャブレタ,シャフト,クランク / 直前差小で朝寄り / 朝評価をやや優先 / 隊形:1逃げ本線 / 6一撃注意",2026-04-24 23:48:25 JST,"[""6.95"", ""7.08"", ""7.04"", ""6.97"", ""6.98"", ""7.02""]",1:1 / 2:6 / 3:5 / 4:2 / 5:3 / 6:4,曇,4.0,4.0,,北,0.0,1:0.20 / 2:-0.31 / 3:-0.05 / 4:0.06 / 5:-0.03 / 6:0.13,1:A2 / A2 / A2 / A2 / 2:B1 / B1 / B1 / B1 / 3:B1 / B1 / B1 / B1 / 4:B1 / B1 / B1 / B1 / 5:B1 / B1 / B1 / B1 / 6:B2 / B2,1:坂本雄紀 / 2:松田憲幸 / 3:北川敏弘 / 4:坂口貴彦 / 5:半田尚也 / 6:吉川颯汰,1:-勝率|+当地|-モータ|+級別 / 2:-勝率|+当地|-モータ / 3:-勝率|+当地|-モータ|-近況 / 4:-勝率|+当地|-モータ|-近況 / 5:+当地|-モータ / 6:+当地|-モータ|-級別,1:-勝率|+当地|-モータ|+級別 / 2:-勝率|+当地|-モータ / 3:-勝率|+当地|-モータ|-近況 / 4:-勝率|+当地|-モータ|-近況 / 5:+当地|-モータ / 6:+当地|-モータ|-級別,,,,,,,,,,2026-04-24 23:48:26 JST,,,100,,,,3連単,4,,-0.4,base素材危険,base素材危険 / 当地巧者 / 級別傾向強い / 1号艇有利,2026-04-24 23:28:20 JST,,0
2026-04-24,08:48,鳴門,1R,1,official_all,★★★☆☆,1-2-5 / 1-5-2 / 1-2-6 / 1-5-6 / 1-6-2 / 1-6-5,1.93,AI★★★★☆,2-6-5 / 2-6-4 / 2-6-3 / 2-6-1 / 2-5-6 / 2-5-4,base土台○ / 当地巧者 / 級別傾向強い / インやや強め,2.0,AI★★★☆☆,1-2-6 / 2-6-5 / 1-2-5 / 5-1-6 / 3-1-6 / 2-6-1,様子見,"公式低評価AI検証 / 朝:base土台○ / 当地巧者 / 級別傾向強い / インやや強め / base土台をやや保持 / 直前:展示差ややあり / 展示タイム差を確認 / 足:ST気配あり / 部品交換:5,6 / 足:1号艇足色良さげ / 整備:チルト:1:-0.5,2:0,3:0,4:0,5:0,6:0 / 部品交換:5:ピストン,リング,ピストンリング,6:ピストン,リング,ピストンリング,シリンダ,ギヤケース,電気,電気一式,キャブ,キャブレタ,シャフト,クランク / 直前差中で少し動かす / 隊形:1逃げ本線",2026-04-24 23:48:26 JST,"[""6.90"", ""6.84"", ""6.91"", ""6.94"", ""6.84"", ""6.83""]",1:4 / 2:2 / 3:5 / 4:6 / 5:2 / 6:1,曇,3.0,3.0,,,0.0,1:0.24 / 2:0.03 / 3:-0.16 / 4:-0.20 / 5:0.05 / 6:0.05,1:B1 / B1 / B1 / B1 / 2:A2 / A2 / A1 / A2 / 3:B1 / B1 / B1 / B1 / 4:B1 / B1 / B1 / B1 / 5:B1 / B1 / B1 / B1 / 6:B1 / B1 / B1 / B1,1:岡谷健吾 / 2:黒柳浩孝 / 3:池上隆行 / 4:吉岡 誠 / 5:近藤稔也 / 6:大井清貴,1:-勝率|+当地|-モータ / 2:-勝率|+当地|-モータ|+級別 / 3:-勝率|+当地|-モータ|-近況 / 4:-勝率|+当地|-モータ|-近況 / 5:+当地|-モータ|-近況 / 6:+当地|-モータ,1:-勝率|+当地|-モータ / 2:-勝率|+当地|-モータ|+級別 / 3:-勝率|+当地|-モータ|-近況 / 4:-勝率|+当地|-モータ|-近況 / 5:+当地|-モータ|-近況 / 6:+当地|-モータ,,,,,,,,,,2026-04-24 23:48:26 JST,,,100,,,,3連単,3,,0.44,base素材危険,base素材危険 / 当地巧者 / 級別傾向強い,2026-04-24 23:28:20 JST,,0
2026-04-24,08:58,唐津,2R,2,official_all,★☆☆☆☆,2-1-3 / 2-3-1 / 2-1-4 / 2-3-4 / 2-4-1 / 2-4-3,0.59,AI★★☆☆☆,1-3-6 / 1-3-5 / 1-3-4 / 1-3-2 / 1-6-3 / 1-6-5,base土台○ / 当地巧者 / 級別傾向強い / 1号艇有利,0.68,AI★☆☆☆☆,6-2-5 / 2-6-5 / 6-2-3 / 3-6-2 / 1-6-3 / 1-3-6,見送り寄り,"公式低評価AI検証 / 朝:base土台○ / 当地巧者 / 級別傾向強い / 1号艇有利 / base土台をやや保持 / 直前:展示差あり / 展示タイム差を確認 / 進入:1-2-3-6-4-5 / 前づけで波乱含み / 気象荒れ気味 / 波高6cm / 足:足差あり / 展示F:4,5注意 / 足:ST気配あり / 足:進入変化 / 整備:チルト:1:0,2:0,3:0,4:-0.5,5:0,6:-0.5 / 部品交換:5:ピストン,リング,ピストンリング,6:ピストン,リング,ピストンリング,シリンダ,ギヤケース,電気,電気一式,キャブ,キャブレタ,シャフト,クランク / 進入変化ありで直前重視 / 隊形:6一撃注意 / 進入:1-2-3-6-4-5 / 開催:2日目でやや本命寄り",2026-04-24 23:48:26 JST,"[""6.93"", ""6.72"", ""6.82"", ""6.86"", ""6.81"", ""6.92""]",1:6 / 2:1 / 3:3 / 4:4 / 5:2 / 6:5,曇,6.0,6.0,,,-0.2,1:-0.43 / 2:0.27 / 3:-0.07 / 4:-0.21 / 5:-0.10 / 6:0.18,1:A2 / A2 / A2 / A2 / 2:B1 / B1 / B1 / B1 / 3:A2 / A2 / A2 / B1 / 4:B1 / B1 / B1 / B1 / 5:B1 / B1 / B1 / B1 / 6:B1 / B1 / B1 / B1,1:三浦洋次 / 2:富田恕生 / 3:蒲原健太 / 4:佐竹友樹 / 5:村岡 賢 / 6:藤井 徹,1:-勝率|+当地|-モータ|+級別 / 2:-勝率|+当地|-モータ|-コース / 3:-勝率|+当地|-モータ|-コース|-近況|+級別 / 4:-勝率|+当地|-モータ|-コース|-近況 / 5:+当地|-モータ|-コース|-近況 / 6:+当地|-モータ|-コース|-近況,1:-勝率|+当地|-モータ|+級別 / 2:-勝率|+当地|-モータ|-コース / 3:-勝率|+当地|-モータ|-コース|-近況|+級別 / 4:-勝率|+当地|-モータ|-コース|-近況 / 5:+当地|-モータ|-コース|-近況 / 6:+当地|-モータ|-コース|-近況,,,,,,,,,,2026-04-24 23:48:26 JST,,,100,,,,3連単,2,,0.14,base素材危険,base素材危険 / 当地巧者 / 級別傾向強い / 1号艇有利,2026-04-24 23:28:20 JST,,0
2026-04-24,09:06,徳山,2R,2,official_all,★★★★☆,4-3-1 / 4-1-3 / 4-3-5 / 4-1-5 / 4-5-3 / 4-5-1,0.9,AI★★☆☆☆,4-5-1 / 4-5-3 / 4-5-2 / 4-5-6 / 4-1-5 / 4-1-3,base危険 / 当地巧者 / 中枠攻め候補,1.01,AI★★☆☆☆,1-3-6 / 3-1-6 / 3-1-2 / 2-3-1 / 6-3-1 / 4-5-1,様子見,"朝:base危険 / 当地巧者 / 中枠攻め候補 / base危険で買い上げ抑制 / 直前:気象安定 / 足:ST気配あり / 部品交換:2 / 足:3号艇足色良さげ / 整備:チルト:1:0,2:0,3:0,4:0.5,5:0,6:0 / 部品交換:2:リング / 直前差小で朝寄り / 隊形:3攻め注意 / 1逃げ本線",2026-04-24 23:48:26 JST,"[""6.96"", ""6.98"", ""6.97"", ""6.95"", ""7.01"", ""7.00""]",1:2 / 2:4 / 3:3 / 4:1 / 5:6 / 6:5,曇,1.0,1.0,,,0.1,1:0.12 / 2:-0.02 / 3:0.28 / 4:-0.06 / 5:-0.03 / 6:0.02,1:A2 / B1 / B1 / B1 / 2:B1 / B1 / B1 / B1 / 3:B1 / B1 / B1 / B1 / 4:A2 / A2 / B2 / A2 / 5:B1 / B1 / B1 / B1 / 6:B2 / B2 / B2,1:藤森陸斗 / 2:細川明人 / 3:加木 郁 / 4:奈須啓太 / 5:金子貴志 / 6:小柳勝希,1:-勝率|+当地|-モータ|-コース|+級別 / 2:-勝率|+当地|-モータ|-コース / 3:-勝率|+当地|-モータ|-コース|-近況 / 4:-勝率|+当地|-モータ|-コース|-近況|+級別 / 5:+当地|-モータ|-コース / 6:+当地|-モータ|-コース|+近況|-級別,1:-勝率|+当地|-モータ|-コース|+級別 / 2:-勝率|+当地|-モータ|-コース / 3:-勝率|+当地|-モータ|-コース|-近況 / 4:-勝率|+当地|-モータ|-コース|-近況|+級別 / 5:+当地|-モータ|-コース / 6:+当地|-モータ|-コース|+近況|-級別,,,,,,,,,,2026-04-24 23:48:26 JST,,,100,,,,3連単,4,,-0.69,base素材危険,base素材危険 / 当地巧者 / 中枠攻め候補,2026-04-24 23:28:20 JST,,0
2026-04-24,09:14,鳴門,2R,2,official_all,★★★★★,5-1-2 / 5-2-1 / 5-1-4 / 5-2-4 / 5-4-1 / 5-4-2,9.05,AI★★★★★,5-2-4 / 5-2-1 / 5-2-6 / 5-2-3 / 5-4-2 / 5-4-1,base土台○ / 地力上位 / 当地巧者 / 級別傾向強い / インやや強め,9.16,AI★★★★★,1-2-4 / 2-1-4 / 1-2-5 / 4-2-5 / 5-2-4 / 5-2-1,買い強め,"朝:base土台○ / 地力上位 / 当地巧者 / 級別傾向強い / インやや強め / base土台をやや保持 / 直前:展示差あり / 展示タイム差を確認 / 気象安定 / 足:足差ややあり / 足:ST気配あり / 部品交換:5,6 / 足:6号艇足色良さげ / 整備:チルト:1:0,2:0,3:-0.5,4:0,5:0,6:-0.5 / 部品交換:5:ピストン,リング,ピストンリング,6:ピストン,リング,ピストンリング,シリンダ,ギヤケース,電気,電気一式,キャブ,キャブレタ,シャフト,クランク / 直前差中で少し動かす / 隊形:1逃げ本線",2026-04-24 23:48:26 JST,"[""6.87"", ""6.83"", ""6.97"", ""6.85"", ""6.86"", ""6.99""]",1:4 / 2:1 / 3:5 / 4:2 / 5:3 / 6:6,曇,2.0,2.0,,,0.08,1:0.06 / 2:0.08 / 3:-0.10 / 4:0.06 / 5:-0.04 / 6:-0.13,1:A2 / B1 / B1 / B1 / 2:A2 / A2 / A2 / B1 / 3:B2 / B1 / B1 / B1 / 4:B1 / B1 / A2 / B1 / 5:A1 / A1 / A1 / A1 / 6:B1 / B2 / B2 / B2,1:廣瀬 凜 / 2:廣瀬将亨 / 3:上瀧絢也 / 4:中井俊祐 / 5:土屋智則 / 6:小林甘寧,1:-勝率|+当地|-モータ|-コース|+級別 / 2:-勝率|+当地|-モータ|-コース|+級別 / 3:-勝率|+当地|-モータ|-ST|-コース|-近況 / 4:-勝率|+当地|-モータ|-コース|-近況 / 5:+勝率|+当地|-モータ|-コース|-近況|+級別 / 6:+当地|-モータ|-コース|-級別,1:-勝率|+当地|-モータ|-コース|+級別 / 2:-勝率|+当地|-モータ|-コース|+級別 / 3:-勝率|+当地|-モータ|-ST|-コース|-近況 / 4:-勝率|+当地|-モータ|-コース|-近況 / 5:+勝率|+当地|-モータ|-コース|-近況|+級別 / 6:+当地|-モータ|-コース|-級別,,,,,,,,,,2026-04-24 23:48:26 JST,,,100,,,,3連単,3,,4.59,base素材○,base素材○ / 地力上位 / 当地巧者 / 級別傾向強い,2026-04-24 23:28:20 JST,,0
2026-04-24,09:24,唐津,3R,3,official_all,★★★★☆,4-1-5 / 4-5-1 / 4-1-2 / 4-5-2 / 4-2-1 / 4-2-5,6.85,AI★★★★★,1-4-6 / 1-4-5 / 1-4-2 / 1-4-3 / 1-6-4 / 1-6-5,base土台◎ / 当地巧者 / 級別傾向強い / 1号艇有利 / 攻めやや注意,6.85,AI★★★★★,1-4-6 / 2-5-6 / 5-2-6 / 4-2-6 / 1-4-2 / 1-4-5,見送り寄り,"朝:base土台◎ / 当地巧者 / 級別傾向強い / 1号艇有利 / 攻めやや注意 / base土台を強めに保持 / 直前:気象荒れ気味 / 波高6cm / 展示F:2,3,6注意 / 部品交換:5 / 足:5号艇足色良さげ / 整備:チルト:1:-0.5,2:-0.5,3:0,4:-0.5,5:-0.5,6:-0.5 / 部品交換:5:ピストン,シリンダ / 直前差小で朝寄り / 朝評価をやや優先 / 隊形:2差し注意 / 開催:2日目でやや本命寄り",2026-04-24 23:48:26 JST,"[""6.90"", ""6.81"", ""6.87"", ""6.86"", ""6.90"", ""6.81""]",1:5 / 2:1 / 3:4 / 4:3 / 5:5 / 6:1,曇,6.0,6.0,,,-0.2,1:-0.13 / 2:0.10 / 3:-0.07 / 4:0.05 / 5:0.04 / 6:0.04,1:A1 / A1 / A1 / A1 / 2:B1 / B2 / B1 / B1 / 3:B2 / B1 / B1 / B1 / 4:A2 / A1 / A2 / A2 / 5:B2 / A2 / B1 / A2 / 6:B1 / B1 / B1 / B1,1:中辻博訓 / 2:高木圭大 / 3:相馬 翔 / 4:榎 幸司 / 5:峰重侑治 / 6:吉武真也,1:-勝率|+当地|-モータ|-コース|+級別 / 2:-勝率|+当地|-モータ|-コース|-級別 / 3:-勝率|+当地|-モータ|-ST|-コース|-近況 / 4:-勝率|+当地|-モータ|-コース|-近況|+級別 / 5:+当地|-モータ|-コース|-近況|-級別 / 6:+当地|-モータ|-コース,1:-勝率|+当地|-モータ|-コース|+級別 / 2:-勝率|+当地|-モータ|-コース|-級別 / 3:-勝率|+当地|-モータ|-ST|-コース|-近況 / 4:-勝率|+当地|-モータ|-コース|-近況|+級別 / 5:+当地|-モータ|-コース|-近況|-級別 / 6:+当地|-モータ|-コース,,,,,,,,,,2026-04-24 23:48:26 JST,,,100,,,,3連単,2,,4.35,base素材○,base素材○ / 当地巧者 / 級別傾向強い / 1号艇有利,2026-04-24 23:28:20 JST,,0
2026-04-24,09:32,徳山,3R,3,official_all,★★★★☆,1-5-2 / 1-2-5 / 1-5-3 / 1-2-3 / 1-3-5 / 1-3-2,2.98,AI★★★★★,5-1-3 / 5-1-2 / 5-1-6 / 5-1-4 / 5-3-1 / 5-3-2,base保留 / 当地巧者 / 級別傾向強い,3.04,AI★★★★☆,1-6-2 / 6-1-2 / 1-6-3 / 3-6-1 / 5-1-6 / 5-1-3,様子見,"朝:base保留 / 当地巧者 / 級別傾向強い / base保留で買い上げ慎重 / 直前:足:ST気配あり / 部品交換:5,6 / 足:6号艇足色良さげ / 整備:チルト:1:0,2:0,3:0,4:-0.5,5:0,6:-0.5 / 部品交換:5:ピストン,リング,ピストンリング,6:ピストン,リング,ピストンリング,シリンダ,ギヤケース,電気,電気一式,キャブ,キャブレタ,シャフト,クランク / 直前差中で少し動かす / 隊形:1逃げ本線 / 6一撃注意",2026-04-24 23:48:26 JST,"[""7.00"", ""7.05"", ""7.04"", ""7.03"", ""7.06"", ""7.09""]",1:1 / 2:4 / 3:3 / 4:2 / 5:5 / 6:6,曇,3.0,3.0,,,0.0,1:0.20 / 2:0.00 / 3:0.00 / 4:0.00 / 5:-0.12 / 6:0.11,1:A2 / A2 / A2 / A2 / 2:B1 / B1 / B1 / B1 / 3:B1 / B1 / B1 / B1 / 4:B2 / B2 / B2 / B2 / 5:A2 / A2 / A2 / A2 / 6:B2 / B2 / B1 / B1,1:柘植政浩 / 2:國弘翔平 / 3:香月大介 / 4:庄島潤成 / 5:鳥居塚孝 / 6:島崎丈一,1:-勝率|+当地|-モータ|-コース|+級別 / 2:-勝率|+当地|-モータ|-コース / 3:-勝率|+当地|-モータ|-コース|-近況 / 4:-勝率|+当地|-モータ|-ST|-コース|-近況 / 5:+当地|-モータ|-コース|+級別 / 6:+当地|-モータ|-コース|-級別,1:-勝率|+当地|-モータ|-コース|+級別 / 2:-勝率|+当地|-モータ|-コース / 3:-勝率|+当地|-モータ|-コース|-近況 / 4:-勝率|+当地|-モータ|-ST|-コース|-近況 / 5:+当地|-モータ|-コース|+級別 / 6:+当地|-モータ|-コース|-級別,,,,,,,,,,2026-04-24 23:48:26 JST,,,100,,,,3連単,4,,1.04,base素材危険,base素材危険 / 当地巧者 / 級別傾向強い,2026-04-24 23:28:20 JST,,0
2026-04-24,09:40,鳴門,3R,3,official_all,★★★★☆,2-6-3 / 2-3-6 / 2-6-5 / 2-3-5 / 2-5-6 / 2-5-3,0.7,AI★★☆☆☆,3-2-6 / 3-2-5 / 3-2-1 / 3-2-4 / 3-6-2 / 3-6-5,base保留 / 当地巧者 / 級別傾向強い / 中枠攻め候補,0.79,AI★☆☆☆☆,1-2-3 / 3-2-6 / 3-2-1 / 2-3-1 / 6-2-3 / 1-3-2,見送り寄り,"朝:base保留 / 当地巧者 / 級別傾向強い / 中枠攻め候補 / base保留で買い上げ慎重 / 直前:展示差ややあり / 展示タイム差を確認 / 気象安定 / 展示F:5注意 / 部品交換:5 / 足:6号艇足色良さげ / 整備:チルト:1:-0.5,2:-0.5,3:-0.5,4:-0.5,5:0,6:0 / 部品交換:5:電気 / 直前差中で少し動かす / 隊形:3攻め注意 / 1逃げ本線",2026-04-24 23:48:26 JST,"[""6.86"", ""6.82"", ""6.77"", ""6.87"", ""6.86"", ""6.87""]",1:3 / 2:2 / 3:1 / 4:5 / 5:3 / 6:5,曇,2.0,2.0,,,0.08,1:0.05 / 2:0.01 / 3:0.18 / 4:-0.18 / 5:-0.12 / 6:-0.01,1:B1 / B1 / B1 / B1 / 2:A2 / A2 / A2 / A2 / 3:A2 / A2 / A2 / A2 / 4:B2 / B1 / B1 / B1 / 5:B1 / B1 / A2 / A2 / 6:B1 / A2 / B1 / B1,1:森下 勇 / 2:岡瀬正人 / 3:松本博昭 / 4:向井田直 / 5:一柳和孝 / 6:山口広樹,1:-勝率|+当地|-モータ|-コース / 2:-勝率|+当地|-モータ|-コース|+級別 / 3:-勝率|+当地|-モータ|-コース|-近況|+級別 / 4:-勝率|+当地|-モータ|-ST|-コース|-近況 / 5:+当地|-モータ|-コース|-近況 / 6:+当地|-モータ|-コース,1:-勝率|+当地|-モータ|-コース / 2:-勝率|+当地|-モータ|-コース|+級別 / 3:-勝率|+当地|-モータ|-コース|-近況|+級別 / 4:-勝率|+当地|-モータ|-ST|-コース|-近況 / 5:+当地|-モータ|-コース|-近況 / 6:+当地|-モータ|-コース,,,,,,,,,,2026-04-24 23:48:26 JST,,,100,,,,3連単,3,,0.48,base素材危険,base素材危険 / 当地巧者 / 級別傾向強い / 中枠攻め候補,2026-04-24 23:28:20 JST,,0
2026-04-24,09:50,唐津,4R,4,official_all,★☆☆☆☆,4-6-3 / 4-3-6 / 4-6-2 / 4-3-2 / 4-2-6 / 4-2-3,6.28,AI★★★★★,2-6-5 / 2-6-4 / 2-6-3 / 2-6-1 / 2-5-6 / 2-5-4,base土台○ / 当地巧者 / 級別傾向強い / 攻めやや注意,6.37,AI★★★★★,1-5-4 / 5-1-4 / 1-4-5 / 4-1-5 / 2-5-4 / 2-6-5,買い強め,"公式低評価AI検証 / 朝:base土台○ / 当地巧者 / 級別傾向強い / 攻めやや注意 / base土台をやや保持 / 直前:展示差あり / 展示タイム差を確認 / 気象荒れ気味 / 波高6cm / 足:足差ややあり / 足:ST気配あり / 部品交換:5,6 / 足:1号艇足色良さげ / 整備:チルト:1:0,2:-0.5,3:0,4:-0.5,5:-0.5,6:-0.5 / 部品交換:5:ピストン,リング,ピストンリング,6:ピストン,リング,ピストンリング,シリンダ,ギヤケース,電気,電気一式,キャブ,キャブレタ,シャフト,クランク / 直前差中で少し動かす / 隊形:1逃げ本線 / 5一撃注意 / 開催:2日目でやや本命寄り",2026-04-24 23:48:26 JST,"[""6.75"", ""6.84"", ""6.90"", ""6.79"", ""6.75"", ""6.86""]",1:1 / 2:4 / 3:6 / 4:3 / 5:1 / 6:5,曇,6.0,6.0,,,-0.2,1:0.38 / 2:-0.04 / 3:-0.42 / 4:0.05 / 5:0.15 / 6:-0.15,1:B1 / B1 / B1 / B1 / 2:A1 / A1 / A1 / A1 / 3:B1 / B1 / B2 / A2 / 4:B1 / B1 / B1 / B1 / 5:B1 / B1 / B1 / B1 / 6:A2 / A1 / A2 / A2,1:村上彰一 / 2:白水勝也 / 3:大久保信 / 4:大澤大夢 / 5:重富伸也 / 6:丹下 将,1:-勝率|+当地|-モータ|-コース / 2:-勝率|+当地|-モータ|-コース|+級別 / 3:-勝率|+当地|-モータ|-コース|-近況|-級別 / 4:-勝率|+当地|-モータ|-コース|-近況 / 5:+当地|-モータ|-コース|-近況 / 6:+当地|-モータ|-コース|+級別,1:-勝率|+当地|-モータ|-コース / 2:-勝率|+当地|-モータ|-コース|+級別 / 3:-勝率|+当地|-モータ|-コース|-近況|-級別 / 4:-勝率|+当地|-モータ|-コース|-近況 / 5:+当地|-モータ|-コース|-近況 / 6:+当地|-モータ|-コース|+級別,,,,,,,,,,2026-04-24 23:48:26 JST,,,100,,,,3連単,2,,4.62,base素材○,base素材○ / 当地巧者 / 級別傾向強い,2026-04-24 23:28:20 JST,,0
2026-04-24,09:58,徳山,4R,4,official_all,★★☆☆☆,1-2-3 / 1-3-2 / 1-2-5 / 1-3-5 / 1-5-2 / 1-5-3,4.12,AI★★★★★,1-5-6 / 1-5-2 / 1-5-4 / 1-5-3 / 1-6-5 / 1-6-2,base土台◎ / 当地巧者 / 級別傾向強い / 1号艇有利,4.19,AI★★★★☆,1-5-2 / 2-1-5 / 1-5-6 / 4-2-1 / 2-1-6 / 1-5-4,買い,"公式低評価AI検証 / 朝:base土台◎ / 当地巧者 / 級別傾向強い / 1号艇有利 / base土台を強めに保持 / 直前:足:ST気配あり / 部品交換:5,6 / 足:1号艇足色良さげ / 整備:チルト:1:0,2:-0.5,3:-0.5,4:0,5:0,6:0 / 部品交換:5:ピストン,リング,ピストンリング,6:ピストン,リング,ピストンリング,シリンダ,ギヤケース,電気,電気一式,キャブ,キャブレタ,シャフト,クランク / 直前差中で少し動かす / 隊形:1逃げ本線",2026-04-24 23:48:26 JST,"[""7.01"", ""7.04"", ""7.07"", ""7.04"", ""7.06"", ""7.08""]",1:1 / 2:2 / 3:5 / 4:2 / 5:4 / 6:6,曇,4.0,4.0,,,0.0,1:0.35 / 2:0.05 / 3:-0.16 / 4:0.00 / 5:-0.02 / 6:-0.09,1:A1 / A1 / A2 / A2 / 2:A2 / B1 / B1 / B1 / 3:B1 / B1 / B1 / B1 / 4:B1 / B1 / B1 / B1 / 5:B1 / A2 / A2 / B1 / 6:B1 / B1 / B1 / B1,1:田中辰彦 / 2:富永大一 / 3:岡部大輔 / 4:小川日紀 / 5:久田 武 / 6:田中 堅,1:-勝率|+当地|-モータ|+級別 / 2:-勝率|+当地|-モータ|+級別 / 3:-勝率|+当地|-モータ|-近況 / 4:-勝率|+当地|-モータ|-コース|-近況 / 5:+当地|-モータ|-コース|+級別 / 6:+当地|-モータ|-コース,1:-勝率|+当地|-モータ|+級別 / 2:-勝率|+当地|-モータ|+級別 / 3:-勝率|+当地|-モータ|-近況 / 4:-勝率|+当地|-モータ|-コース|-近況 / 5:+当地|-モータ|-コース|+級別 / 6:+当地|-モータ|-コース,,,,,,,,,,2026-04-24 23:48:26 JST,,,100,,,,3連単,4,,2.1,base素材○,base素材○ / 当地巧者 / 級別傾向強い / 1号艇有利,2026-04-24 23:28:20 JST,,0
2026-04-24,10:06,鳴門,4R,4,official_all,★★★★★,5-4-2 / 5-2-4 / 5-4-1 / 5-2-1 / 5-1-4 / 5-1-2,2.32,AI★★★★☆,5-1-4 / 5-1-6 / 5-1-2 / 5-1-3 / 5-4-1 / 5-4-6,base保留 / 当地巧者 / 級別傾向強い / インやや強め,2.49,AI★★★☆☆,1-3-4 / 4-3-1 / 3-4-1 / 2-3-4 / 5-4-1 / 5-1-4,様子見,"朝:base保留 / 当地巧者 / 級別傾向強い / インやや強め / base保留で買い上げ慎重 / 直前:展示差あり / 展示タイム差を確認 / 気象安定 / 足:足差あり / 足:ST気配あり / 部品交換:5,6 / 足:4号艇足色良さげ / 整備:チルト:1:0,2:0,3:-0.5,4:-0.5,5:0,6:0 / 部品交換:5:ピストン,リング,ピストンリング,6:ピストン,リング,ピストンリング,シリンダ,ギヤケース,電気,電気一式,キャブ,キャブレタ,シャフト,クランク / 直前差中で少し動かす / 隊形:4攻め注意 / 1逃げ本線",2026-04-24 23:48:26 JST,"[""6.84"", ""6.84"", ""6.72"", ""6.74"", ""6.76"", ""6.91""]",1:4 / 2:4 / 3:1 / 4:2 / 5:3 / 6:6,曇,2.0,2.0,,,0.08,1:0.05 / 2:-0.11 / 3:0.13 / 4:0.35 / 5:-0.04 / 6:-0.44,1:A2 / A1 / A2 / A2 / 2:B1 / B1 / B1 / A2 / 3:B2 / B2 / B1 / B2 / 4:B1 / B1 / A2 / A1 / 5:A1 / A2 / B1 / B1 / 6:B1 / B1 / B1 / B1,1:武重雄介 / 2:寳田亮治 / 3:滝沢 崚 / 4:荒井輝年 / 5:田中駿兵 / 6:貫地谷直,1:-勝率|+当地|-モータ|+級別 / 2:-勝率|+当地|-モータ / 3:-勝率|+当地|-モータ|-ST|-近況|-級別 / 4:-勝率|+当地|-モータ|-コース|-近況|+級別 / 5:+当地|-モータ|-コース|-近況|+級別 / 6:+当地|-モータ|-コース,1:-勝率|+当地|-モータ|+級別 / 2:-勝率|+当地|-モータ / 3:-勝率|+当地|-モータ|-ST|-近況|-級別 / 4:-勝率|+当地|-モータ|-コース|-近況|+級別 / 5:+当地|-モータ|-コース|-近況|+級別 / 6:+当地|-モータ|-コース,,,,,,,,,,2026-04-24 23:48:26 JST,,,100,,,,3連単,3,,1.71,base素材保留,base素材保留 / 当地巧者 / 級別傾向強い,2026-04-24 23:28:20 JST,,0
2026-04-24,10:18,唐津,5R,5,official_all,★★★★☆,5-3-2 / 5-2-3 / 5-3-4 / 5-2-4 / 5-4-3 / 5-4-2,9.48,AI★★★★★,5-3-6 / 5-3-4 / 5-3-2 / 5-3-1 / 5-6-3 / 5-6-4,base土台○ / 地力上位 / 当地巧者 / 級別傾向強い / 攻めやや注意,9.47,AI★★★★★,1-3-4 / 4-1-5 / 1-4-5 / 3-1-4 / 5-3-4 / 5-3-6,様子見,"朝:base土台○ / 地力上位 / 当地巧者 / 級別傾向強い / 攻めやや注意 / base土台をやや保持 / 直前:気象荒れ気味 / 風速7m / 波高7cm / 展示F:3,5注意 / 足:ST気配あり / 部品交換:5,6 / 足:1号艇足色良さげ / 整備:チルト:1:-0.5,2:0,3:-0.5,4:0,5:-0.5,6:0 / 部品交換:5:ピストン,リング,ピストンリング,6:ピストン,リング,ピストンリング,シリンダ,ギヤケース,電気,電気一式,キャブ,キャブレタ,シャフト,クランク / 直前差中で少し動かす / 隊形:1逃げ本線 / 4攻め注意 / 開催:2日目でやや本命寄り",2026-04-24 23:48:26 JST,"[""6.84"", ""6.86"", ""6.86"", ""6.83"", ""6.81"", ""6.82""]",1:4 / 2:5 / 3:5 / 4:3 / 5:1 / 6:2,曇,7.0,7.0,,,-0.36,1:0.05 / 2:-0.09 / 3:0.00 / 4:0.12 / 5:0.01 / 6:0.03,1:B1 / B1 / B1 / B1 / 2:B1 / A2 / B1 / B1 / 3:A2 / B1 / B1 / B1 / 4:B1 / B1 / A2 / A2 / 5:A1 / A1 / A1 / A1 / 6:B1 / B2 / B1 / B1,1:早川尚人 / 2:後藤陽介 / 3:竹腰正樹 / 4:山崎義明 / 5:小野達哉 / 6:柴田大輔,1:-勝率|+当地|-モータ|-コース / 2:-勝率|+当地|-モータ|-コース / 3:-勝率|+当地|-モータ|-コース|-近況|+級別 / 4:-勝率|-モータ|-ST|-コース|-近況 / 5:+勝率|+当地|-モータ|-コース|-近況|+級別 / 6:+当地|-モータ|-コース|-級別,1:-勝率|+当地|-モータ|-コース / 2:-勝率|+当地|-モータ|-コース / 3:-勝率|+当地|-モータ|-コース|-近況|+級別 / 4:-勝率|-モータ|-ST|-コース|-近況 / 5:+勝率|+当地|-モータ|-コース|-近況|+級別 / 6:+当地|-モータ|-コース|-級別,,,,,,,,,,2026-04-24 23:48:26 JST,,,100,,,,3連単,2,,4.23,base素材○,base素材○ / 地力上位 / 当地巧者 / 級別傾向強い,2026-04-24 23:28:20 JST,,0
2026-04-24,10:21,常滑,1R,1,official_all,★★★★★,1-5-6 / 1-6-5 / 1-5-2 / 1-6-2 / 1-2-5 / 1-2-6,7.72,AI★★★★★,1-5-6 / 1-5-3 / 1-5-2 / 1-5-4 / 1-6-5 / 1-6-3,base土台◎ / 当地巧者 / 級別傾向強い / 1号艇有利 / 差しやや警戒,7.81,AI★★★★★,1-5-4 / 4-2-1 / 1-5-6 / 2-1-4 / 3-1-4 / 1-5-2,様子見,"朝:base土台◎ / 当地巧者 / 級別傾向強い / 1号艇有利 / 差しやや警戒 / base土台を強めに保持 / 直前:気象安定 / 展示F:5,6注意 / 足:ST気配あり / 部品交換:5,6 / 足:4号艇足色良さげ / 整備:チルト:1:-0.5,2:-0.5,3:-0.5,4:0,5:-0.5,6:-0.5 / 部品交換:5:ピストン,リング,ピストンリング,6:ピストン,リング,ピストンリング,シリンダ,ギヤケース,電気,電気一式,キャブ,キャブレタ,シャフト,クランク / 直前差中で少し動かす / 朝評価をやや優先 / 隊形:4攻め注意 / 1逃げ本線",2026-04-24 23:48:26 JST,"[""6.82"", ""6.84"", ""6.82"", ""6.81"", ""6.80"", ""6.81""]",1:4 / 2:6 / 3:4 / 4:2 / 5:1 / 6:2,曇,2.0,1.0,,,0.09,1:0.16 / 2:0.01 / 3:-0.08 / 4:0.26 / 5:-0.02 / 6:-0.04,1:A1 / A1 / A1 / A1 / 2:B1 / B1 / B1 / B1 / 3:B1 / B1 / B1 / B1 / 4:B2 / B2 / B2 / B2 / 5:B1 / B1 / A2 / A2 / 6:B1 / B1 / B1 / B1,1:飯島昌弘 / 2:熊本英一 / 3:牟田奨太 / 4:井田涼介 / 5:富山弘幸 / 6:齋藤和政,1:-勝率|+当地|-モータ|-コース|+級別 / 2:-勝率|+当地|-モータ|-コース / 3:-勝率|+当地|-モータ|-コース|-近況 / 4:-勝率|+当地|-モータ|-ST|-コース|-近況 / 5:+当地|-モータ|-コース|-近況 / 6:+当地|-モータ|-コース,1:-勝率|+当地|-モータ|-コース|+級別 / 2:-勝率|+当地|-モータ|-コース / 3:-勝率|+当地|-モータ|-コース|-近況 / 4:-勝率|+当地|-モータ|-ST|-コース|-近況 / 5:+当地|-モータ|-コース|-近況 / 6:+当地|-モータ|-コース,,,,,,,,,,2026-04-24 23:48:26 JST,,,100,,,,3連単,4,,3.52,base素材○,base素材○ / 当地巧者 / 級別傾向強い / 1号艇有利,2026-04-24 23:28:20 JST,,0
2026-04-24,10:26,徳山,5R,5,official_all,★★★★★,1-6-4 / 1-4-6 / 1-6-2 / 1-4-2 / 1-2-6 / 1-2-4,-0.02,AI★☆☆☆☆,1-6-4 / 1-6-2 / 1-6-3 / 1-6-5 / 1-4-6 / 1-4-2,base土台○ / 当地巧者 / 級別傾向強い / 1号艇有利,0.02,AI★☆☆☆☆,1-6-3 / 3-6-2 / 6-4-3 / 4-6-3 / 2-6-3 / 1-6-4,見送り寄り,"朝:base土台○ / 当地巧者 / 級別傾向強い / 1号艇有利 / base土台をやや保持 / 直前:展示差ややあり / 展示タイム差を確認 / 進入:1-2-3-4-6-5 / 前づけで波乱含み / 足:足差ややあり / 展示F:2,3,6注意 / 足:ST気配あり / 足:進入変化 / 部品交換:1,6 / 整備:チルト:1:0,2:0,3:-0.5,4:-0.5,5:0,6:0 / 部品交換:1:ピストン,リング,ピストンリング,電気,電気一式,6:ピストン,リング,ピストンリング,電気,電気一式,キャブ,キャブレタ / 直前差小で朝寄り / 朝評価をやや優先 / 隊形:3攻め注意 / 6一撃注意 / 進入:1-2-3-4-6-5",2026-04-24 23:48:26 JST,"[""7.10"", ""7.14"", ""7.03"", ""7.16"", ""7.15"", ""7.07""]",1:3 / 2:4 / 3:1 / 4:6 / 5:5 / 6:2,曇,3.0,3.0,,,0.0,1:-0.14 / 2:-0.13 / 3:0.17 / 4:-0.01 / 5:-0.19 / 6:0.13,1:A2 / B1 / B1 / A1 / 2:B1 / B1 / B1 / B1 / 3:B1 / B1 / B1 / B2 / 4:B1 / B1 / B1 / B1 / 5:B2 / B2 / 6:B1 / B1 / B1 / B1,1:正木聖賢 / 2:野相弘司 / 3:長谷川暖 / 4:浅見宗孝 / 5:吉川颯汰 / 6:柴田直哉,1:-勝率|+当地|-モータ|-コース|+級別 / 2:-勝率|+当地|-モータ|-コース / 3:-勝率|+当地|-モータ|-コース|-近況|-級別 / 4:-勝率|+当地|-モータ|-コース|-近況 / 5:+当地|-モータ|-コース|-級別 / 6:-モータ|-コース,1:-勝率|+当地|-モータ|-コース|+級別 / 2:-勝率|+当地|-モータ|-コース / 3:-勝率|+当地|-モータ|-コース|-近況|-級別 / 4:-勝率|+当地|-モータ|-コース|-近況 / 5:+当地|-モータ|-コース|-級別 / 6:-モータ|-コース,,,,,,,,,,2026-04-24 23:48:26 JST,,,100,,,,3連単,4,,-1.24,base素材危険,base素材危険 / 当地巧者 / 級別傾向強い / 1号艇有利,2026-04-24 23:28:20 JST,,0
2026-04-24,10:28,津,1R,1,official_all,★★★★☆,1-5-4 / 1-4-5 / 1-5-2 / 1-4-2 / 1-2-5 / 1-2-4,7.63,AI★★★★★,1-5-6 / 1-5-4 / 1-5-3 / 1-5-2 / 1-6-5 / 1-6-4,base土台◎ / 当地巧者 / 級別傾向強い / 1号艇有利 / インやや強め,7.69,AI★★★★★,1-5-4 / 1-5-3 / 1-5-2 / 4-1-5 / 3-4-5 / 1-5-6,様子見,"朝:base土台◎ / 当地巧者 / 級別傾向強い / 1号艇有利 / インやや強め / base土台を強めに保持 / 直前:展示差ややあり / 展示タイム差を確認 / 気象安定 / 風向北 / 足:ST気配あり / 部品交換:5,6 / 整備:チルト:1:0,2:0,3:-0.5,4:-0.5,5:-0.5,6:0 / 部品交換:5:ピストン,リング,ピストンリング,6:ピストン,リング,ピストンリング,シリンダ,ギヤケース,電気,電気一式,キャブ,キャブレタ,シャフト,クランク / 直前差中で少し動かす / 隊形:1逃げ本線",2026-04-24 23:48:26 JST,"[""6.79"", ""6.82"", ""6.84"", ""6.77"", ""6.74"", ""6.85""]",1:3 / 2:4 / 3:5 / 4:2 / 5:1 / 6:6,曇,2.0,1.0,,北,0.09,1:0.07 / 2:-0.05 / 3:-0.05 / 4:0.05 / 5:0.14 / 6:-0.35,1:A1 / A1 / A1 / A1 / 2:B1 / B1 / B1 / B1 / 3:B1 / B1 / B1 / B1 / 4:B1 / B1 / B1 / B1 / 5:B1 / A2 / A2 / B1 / 6:B1 / B1 / B1 / B1,1:岡村慶太 / 2:中北将史 / 3:遠藤圭吾 / 4:加藤 綾 / 5:関口智久 / 6:崎 利仁,1:-勝率|+当地|-モータ|+級別 / 2:-勝率|+当地|-モータ / 3:-勝率|+当地|-モータ|-近況 / 4:-勝率|+当地|-モータ|-近況 / 5:+当地|-モータ|-近況|+級別 / 6:+当地|-モータ,1:-勝率|+当地|-モータ|+級別 / 2:-勝率|+当地|-モータ / 3:-勝率|+当地|-モータ|-近況 / 4:-勝率|+当地|-モータ|-近況 / 5:+当地|-モータ|-近況|+級別 / 6:+当地|-モータ,,,,,,,,,,2026-04-24 23:48:26 JST,,,100,,,,3連単,4,,3.83,base素材○,base素材○ / 当地巧者 / 級別傾向強い / 1号艇有利,2026-04-24 23:28:20 JST,,0
2026-04-24,10:32,鳴門,5R,5,official_all,★★★★☆,5-6-2 / 5-2-6 / 5-6-4 / 5-2-4 / 5-4-6 / 5-4-2,7.65,AI★★★★★,6-5-4 / 6-5-1 / 6-5-3 / 6-5-2 / 6-4-5 / 6-4-1,base土台○ / 地力上位 / 当地巧者 / ST良好 / 級別傾向強い / インやや強め,7.76,AI★★★★★,1-4-2 / 4-1-2 / 1-4-5 / 2-1-4 / 6-4-1 / 6-5-4,様子見,"朝:base土台○ / 地力上位 / 当地巧者 / ST良好 / 級別傾向強い / インやや強め / base土台をやや保持 / 直前:展示差あり / 展示タイム差を確認 / 気象安定 / 足:足差あり / 展示F:1,2,3注意 / 足:ST気配あり / チルト高:4:1 / 部品交換:5,6 / 足:4号艇足色良さげ / 整備:チルト:1:0,2:0,3:-0.5,4:1,5:0,6:-0.5 / 部品交換:5:ピストン,リング,ピストンリング,6:ピストン,リング,ピストンリング,シリンダ,ギヤケース,電気,電気一式,キャブ,キャブレタ,シャフト,クランク / 直前差小で朝寄り / 朝評価をやや優先 / 隊形:1逃げ本線 / 4攻め注意",2026-04-24 23:48:26 JST,"[""6.66"", ""6.78"", ""6.89"", ""6.81"", ""6.90"", ""6.90""]",1:1 / 2:2 / 3:4 / 4:3 / 5:5 / 6:5,曇,2.0,2.0,,,0.08,1:0.39 / 2:-0.07 / 3:-0.22 / 4:0.09 / 5:-0.23 / 6:-0.55,1:B1 / A2 / A2 / B1 / 2:B1 / B1 / B1 / B1 / 3:B1 / B1 / B1 / B1 / 4:A2 / A2 / A2 / A2 / 5:A1 / A1 / A1 / A1 / 6:A1 / A1 / A1 / A1,1:富澤祐作 / 2:垂水 悠 / 3:松井貫太 / 4:酒見峻介 / 5:渡辺浩司 / 6:木完,1:-勝率|+当地|-モータ|-コース|+級別 / 2:-勝率|+当地|-モータ|-コース / 3:-勝率|+当地|-モータ|-コース|-近況 / 4:-勝率|+当地|-モータ|-コース|-近況|+級別 / 5:+勝率|+当地|-モータ|-コース|-近況|+級別 / 6:+勝率|+当地|-モータ|+ST|-コース|+級別,1:-勝率|+当地|-モータ|-コース|+級別 / 2:-勝率|+当地|-モータ|-コース / 3:-勝率|+当地|-モータ|-コース|-近況 / 4:-勝率|+当地|-モータ|-コース|-近況|+級別 / 5:+勝率|+当地|-モータ|-コース|-近況|+級別 / 6:+勝率|+当地|-モータ|+ST|-コース|+級別,,,,,,,,,,2026-04-24 23:48:26 JST,,,100,,,,3連単,3,,7.53,base素材◎,base素材◎ / 地力上位 / 当地巧者 / ST良好 / 級別傾向強い,2026-04-24 23:28:20 JST,,0
2026-04-24,10:40,宮島,1R,1,official_all,★☆☆☆☆,2-4-1 / 2-1-4 / 2-4-5 / 2-1-5 / 2-5-4 / 2-5-1,6.33,AI★★★★★,6-5-4 / 6-5-2 / 6-5-1 / 6-5-3 / 6-4-5 / 6-4-2,base土台○ / 地力上位 / 当地巧者 / ST良好 / 級別傾向強い / 差しやや警戒,6.39,AI★★★★★,1-5-3 / 5-4-3 / 3-5-4 / 4-5-3 / 6-5-2 / 6-5-4,様子見,"公式低評価AI検証 / 朝:base土台○ / 地力上位 / 当地巧者 / ST良好 / 級別傾向強い / 差しやや警戒 / base土台をやや保持 / 直前:気象安定 / 展示F:1,2注意 / 部品交換:5,6 / 足:5号艇足色良さげ / 整備:チルト:1:-0.5,2:-0.5,3:-0.5,4:-0.5,5:-0.5,6:0 / 部品交換:5:ピストン,リング,ピストンリング,6:ピストン,リング,ピストンリング,シリンダ,ギヤケース,電気,電気一式,キャブ,キャブレタ,シャフト,クランク / 直前差小で朝寄り / 朝評価をやや優先 / 隊形:5一撃注意 / 3攻め注意",2026-04-24 23:48:26 JST,"[""6.81"", ""6.77"", ""6.71"", ""6.71"", ""6.76"", ""6.75""]",1:6 / 2:5 / 3:1 / 4:1 / 5:4 / 6:3,曇,2.0,2.0,,,0.08,1:-0.03 / 2:-0.01 / 3:0.11 / 4:0.05 / 5:0.18 / 6:-0.09,1:A1 / A1 / A1 / A1 / 2:A1 / A1 / A1 / A1 / 3:A1 / A2 / A1 / A1 / 4:A1 / A1 / A1 / A1 / 5:A1 / A1 / A1 / A1 / 6:A1 / A1 / A1 / A1,1:赤岩善生 / 2:上平真二 / 3:木康 / 4:杉山正樹 / 5:萩原秀人 / 6:江夏 満,1:-勝率|+当地|-モータ|+級別 / 2:-勝率|+当地|-モータ|+級別 / 3:-勝率|+当地|-モータ|-近況|+級別 / 4:+勝率|+当地|-モータ|-近況|+級別 / 5:+勝率|+当地|-モータ|-近況|+級別 / 6:+勝率|+当地|-モータ|+ST|+級別,1:-勝率|+当地|-モータ|+級別 / 2:-勝率|+当地|-モータ|+級別 / 3:-勝率|+当地|-モータ|-近況|+級別 / 4:+勝率|+当地|-モータ|-近況|+級別 / 5:+勝率|+当地|-モータ|-近況|+級別 / 6:+勝率|+当地|-モータ|+ST|+級別,,,,,,,,,,2026-04-24 23:48:26 JST,,,100,,,,3連単,4,,8.42,base素材◎,base素材◎ / 地力上位 / 当地巧者 / ST良好 / 級別傾向強い,2026-04-24 23:28:20 JST,,0
2026-04-24,10:47,常滑,2R,2,official_all,★★☆☆☆,2-6-5 / 2-5-6 / 2-6-3 / 2-5-3 / 2-3-6 / 2-3-5,3.0,AI★★★★★,6-2-4 / 6-2-3 / 6-2-5 / 6-2-1 / 6-4-2 / 6-4-3,base土台○ / 選手力上位 / 当地巧者 / 級別傾向強い / 差しやや警戒,3.16,AI★★★★☆,1-2-6 / 6-2-1 / 6-2-5 / 2-6-1 / 4-2-6 / 1-6-2,様子見,"公式低評価AI検証 / 朝:base土台○ / 選手力上位 / 当地巧者 / 級別傾向強い / 差しやや警戒 / base土台をやや保持 / 直前:展示差あり / 展示タイム差を確認 / 気象安定 / 足:足差ややあり / 足:ST気配あり / 部品交換:5,6 / 足:6号艇足色良さげ / 整備:チルト:1:-0.5,2:0,3:-0.5,4:-0.5,5:0,6:0 / 部品交換:5:ピストン,リング,ピストンリング,6:ピストン,リング,ピストンリング,シリンダ,ギヤケース,電気,電気一式,キャブ,キャブレタ,シャフト,クランク / 直前差中で少し動かす / 隊形:6一撃注意 / 1逃げ本線",2026-04-24 23:48:26 JST,"[""6.75"", ""6.72"", ""6.86"", ""6.83"", ""6.77"", ""6.74""]",1:3 / 2:1 / 3:6 / 4:5 / 5:4 / 6:2,曇,1.0,0.0,,,0.1,1:0.13 / 2:0.18 / 3:-0.31 / 4:-0.17 / 5:-0.15 / 6:0.28,1:B1 / B1 / B1 / B1 / 2:A2 / A2 / B1 / A2 / 3:B1 / B1 / B1 / B1 / 4:B1 / B1 / B1 / B1 / 5:B2 / A2 / B1 / B1 / 6:A2 / A2 / A2 / B1,1:佐口達也 / 2:原 豊土 / 3:中村将隆 / 4:山本兼士 / 5:金山立樹 / 6:中田夕貴,1:-勝率|+当地|-モータ / 2:-勝率|+当地|-モータ|+級別 / 3:-勝率|+当地|-モータ|-近況 / 4:-勝率|+当地|-モータ|-近況 / 5:+当地|-モータ|-近況|-級別 / 6:+当地|-モータ|-コース|+級別,1:-勝率|+当地|-モータ / 2:-勝率|+当地|-モータ|+級別 / 3:-勝率|+当地|-モータ|-近況 / 4:-勝率|+当地|-モータ|-近況 / 5:+当地|-モータ|-近況|-級別 / 6:+当地|-モータ|-コース|+級別,,,,,,,,,,2026-04-24 23:48:26 JST,,,100,,,,3連単,4,,1.11,base素材保留,base素材保留 / 選手力上位 / 当地巧者 / 級別傾向強い,2026-04-24 23:28:20 JST,,0
2026-04-24,10:50,唐津,6R,6,official_all,★☆☆☆☆,3-6-2 / 3-2-6 / 3-6-4 / 3-2-4 / 3-4-6 / 3-4-2,10.51,AI★★★★★,6-2-5 / 6-2-3 / 6-2-4 / 6-2-1 / 6-5-2 / 6-5-3,base土台○ / 地力上位 / 当地巧者 / ST良好 / 級別傾向強い / 攻めやや注意,10.5,AI★★★★★,1-3-2 / 3-2-4 / 2-3-4 / 4-3-2 / 6-2-3 / 6-2-5,買い,"公式低評価AI検証 / 朝:base土台○ / 地力上位 / 当地巧者 / ST良好 / 級別傾向強い / 攻めやや注意 / base土台をやや保持 / 直前:展示差あり / 展示タイム差を確認 / 気象荒れ気味 / 風速7m / 波高7cm / 足:足差ややあり / 展示F:1,4,5,6注意 / 安定板使用 / 部品交換:2,4,6 / 足:3号艇足色良さげ / 整備:安定板使用 / チルト:1:0,2:0,3:0,4:0,5:0,6:0 / 部品交換:2:ピストン,リング,ピストンリング,電気,電気一式,4:ピストン,リング,ピストンリング,電気,電気一式,キャブ,キャブレタ,6:ピストン,リング,ピストンリング,シリンダ,ギヤケース,電気,電気一式,キャブ,キャブレタ,シャフト,クランク / 直前差小で朝寄り / 朝評価をやや優先 / 隊形:3攻め注意 / 2差し注意 / 開催:2日目でやや本命寄り",2026-04-24 23:48:26 JST,"[""6.94"", ""6.93"", ""6.87"", ""6.94"", ""7.02"", ""6.96""]",1:3 / 2:2 / 3:1 / 4:3 / 5:6 / 6:5,曇,7.0,7.0,,,-0.36,1:-0.24 / 2:0.06 / 3:0.40 / 4:0.01 / 5:-0.37 / 6:-0.14,1:B1 / B1 / B1 / B1 / 2:B1 / A2 / A2 / A2 / 3:A2 / B1 / B1 / A2 / 4:B1 / B1 / B1 / B1 / 5:B1 / B1 / B1 / B1 / 6:A1 / A1 / A1 / A1,1:田中宏典 / 2:大庭元明 / 3:木下大將 / 4:水原 慎 / 5:藤井 徹 / 6:白神 優,1:-勝率|+当地|-モータ|-コース / 2:-勝率|+当地|-モータ|-コース|+級別 / 3:-勝率|-モータ|-コース|-近況|+級別 / 4:-勝率|+当地|-モータ|-コース|-近況 / 5:+当地|-モータ|-コース|-近況 / 6:+勝率|+当地|-モータ|+ST|-コース|+級別,1:-勝率|+当地|-モータ|-コース / 2:-勝率|+当地|-モータ|-コース|+級別 / 3:-勝率|-モータ|-コース|-近況|+級別 / 4:-勝率|+当地|-モータ|-コース|-近況 / 5:+当地|-モータ|-コース|-近況 / 6:+勝率|+当地|-モータ|+ST|-コース|+級別,,,,,,,,,,2026-04-24 23:48:26 JST,,,100,,,,3連単,2,,5.06,base素材◎,base素材◎ / 地力上位 / 当地巧者 / ST良好 / 級別傾向強い,2026-04-24 23:28:20 JST,,0
2026-04-24,10:53,児島,1R,1,official_all,★★★★☆,1-6-2 / 1-2-6 / 1-6-5 / 1-2-5 / 1-5-6 / 1-5-2,0.22,AI★★☆☆☆,1-6-5 / 1-6-4 / 1-6-3 / 1-6-2 / 1-5-6 / 1-5-4,base土台○ / 当地巧者 / 級別傾向強い / 1号艇有利,0.38,AI★☆☆☆☆,1-6-5 / 3-1-5 / 1-6-3 / 4-1-3 / 5-1-3 / 3-1-2,見送り寄り,"朝:base土台○ / 当地巧者 / 級別傾向強い / 1号艇有利 / base土台をやや保持 / 直前:展示差ややあり / 展示タイム差を確認 / 気象安定 / 足:足差ややあり / 展示F:6注意 / 足:ST気配あり / 部品交換:5,6 / 足:4号艇足色良さげ / 整備:チルト:1:-0.5,2:-0.5,3:0,4:-0.5,5:-0.5,6:0.5 / 部品交換:5:ピストン,リング,ピストンリング,6:ピストン,リング,ピストンリング,シリンダ,ギヤケース,電気,電気一式,キャブ,キャブレタ,シャフト,クランク / 直前差中で少し動かす / 隊形:1逃げ本線 / 3攻め注意 / 開催:2日目でやや本命寄り",2026-04-24 23:48:26 JST,"[""6.79"", ""6.86"", ""6.80"", ""6.93"", ""6.85"", ""6.85""]",1:1 / 2:5 / 3:2 / 4:6 / 5:3 / 6:3,曇,1.0,1.0,,,0.1,1:0.22 / 2:-0.04 / 3:0.08 / 4:-0.03 / 5:0.00 / 6:-0.06,1:A2 / A2 / A2 / B1 / 2:B1 / B1 / B1 / B1 / 3:B1 / B1 / B1 / B1 / 4:B1 / B1 / B1 / B1 / 5:B1 / B1 / B1 / B1 / 6:B1 / B1 / B1 / A2,1:金田智博 / 2:向井田佑 / 3:小松卓司 / 4:渥美卓郎 / 5:平岡重典 / 6:井上大輔,1:-勝率|+当地|-モータ|+級別 / 2:-勝率|+当地|-モータ / 3:-勝率|+当地|-モータ|-近況 / 4:-勝率|+当地|-モータ|-近況 / 5:+当地|-モータ|-近況 / 6:+当地|-モータ,1:-勝率|+当地|-モータ|+級別 / 2:-勝率|+当地|-モータ / 3:-勝率|+当地|-モータ|-近況 / 4:-勝率|+当地|-モータ|-近況 / 5:+当地|-モータ|-近況 / 6:+当地|-モータ,,,,,,,,,,2026-04-24 23:48:26 JST,,,100,,,,3連単,2,,-0.38,base素材危険,base素材危険 / 当地巧者 / 級別傾向強い / 1号艇有利,2026-04-24 23:28:20 JST,,0
2026-04-24,10:55,平和島,1R,1,official_all,★★★★★,4-2-3 / 4-3-2 / 4-2-1 / 4-3-1 / 4-1-2 / 4-1-3,9.89,AI★★★★★,4-5-3 / 4-5-2 / 4-5-1 / 4-5-6 / 4-3-5 / 4-3-2,base土台○ / 地力上位 / 当地巧者 / 級別傾向強い / 中枠攻め候補 / 攻めやや注意,9.96,AI★★★★★,1-2-6 / 6-2-4 / 1-6-2 / 2-6-4 / 4-5-6 / 4-5-3,買い,"朝:base土台○ / 地力上位 / 当地巧者 / 級別傾向強い / 中枠攻め候補 / 攻めやや注意 / base土台をやや保持 / 直前:展示差あり / 展示タイム差を確認 / 進入:1-2-3-4-6-5 / 前づけで波乱含み / 気象安定 / 足:足差ややあり / 足:ST気配あり / 足:進入変化 / 部品交換:4 / 整備:チルト:1:-0.5,2:-0.5,3:-0.5,4:0,5:-0.5,6:-0.5 / 部品交換:4:ギヤ / 進入変化ありで直前重視 / 隊形:1逃げ本線 / 6一撃注意 / 進入:1-2-3-4-6-5",2026-04-24 23:48:26 JST,"[""6.84"", ""6.72"", ""6.81"", ""6.69"", ""6.74"", ""6.66""]",1:6 / 2:3 / 3:5 / 4:2 / 5:4 / 6:1,曇,1.0,3.0,,,0.05,1:0.12 / 2:0.05 / 3:-0.20 / 4:0.05 / 5:-0.27 / 6:0.21,1:B1 / B1 / B1 / B1 / 2:B1 / B1 / B1 / B1 / 3:B1 / B1 / B1 / B1 / 4:A1 / A1 / A1 / A1 / 5:B1 / B1 / B2 / B1 / 6:B2 / B2 / B2,1:広瀬聖仁 / 2:石原 光 / 3:乙津康志 / 4:井上一輝 / 5:芝田京介 / 6:宮城那菜,1:-勝率|+当地|-モータ / 2:-勝率|+当地|-モータ / 3:-勝率|+当地|-モータ|-近況 / 4:+勝率|+当地|-モータ|-近況|+級別 / 5:+当地|-モータ|-近況|-級別 / 6:+当地|-モータ|-級別,1:-勝率|+当地|-モータ / 2:-勝率|+当地|-モータ / 3:-勝率|+当地|-モータ|-近況 / 4:+勝率|+当地|-モータ|-近況|+級別 / 5:+当地|-モータ|-近況|-級別 / 6:+当地|-モータ|-級別,,,,,,,,,,2026-04-24 23:48:26 JST,,,100,,,,3連単,4,,3.76,base素材○,base素材○ / 地力上位 / 当地巧者 / 級別傾向強い / 中枠攻め候補,2026-04-24 23:28:20 JST,,0
2026-04-24,10:57,津,2R,2,official_all,★★★☆☆,2-4-1 / 2-1-4 / 2-4-5 / 2-1-5 / 2-5-4 / 2-5-1,-0.61,AI★☆☆☆☆,5-2-3 / 5-2-4 / 5-2-1 / 5-2-6 / 5-3-2 / 5-3-4,base危険 / 当地巧者 / インやや強め,-0.5,AI★☆☆☆☆,1-3-6 / 3-1-6 / 1-3-5 / 5-2-1 / 5-3-2 / 5-2-3,見送り寄り,"公式低評価AI検証 / 朝:base危険 / 当地巧者 / インやや強め / base危険で買い上げ抑制 / 直前:展示差あり / 展示タイム差を確認 / 気象安定 / 足:足差ややあり / 展示F:4,5,6注意 / 足:ST気配あり / 部品交換:5,6 / 足:3号艇足色良さげ / 整備:チルト:1:-0.5,2:-0.5,3:-0.5,4:0,5:0,6:0 / 部品交換:5:ピストン,リング,ピストンリング,6:ピストン,リング,ピストンリング,シリンダ,ギヤケース,電気,電気一式,キャブ,キャブレタ,シャフト,クランク / 直前差小で朝寄り / 隊形:3攻め注意(相手寄り) / 1逃げ本線",2026-04-24 23:48:26 JST,"[""6.75"", ""6.81"", ""6.79"", ""6.85"", ""6.74"", ""6.70""]",1:3 / 2:5 / 3:4 / 4:6 / 5:2 / 6:1,曇,1.0,1.0,,,0.1,1:0.13 / 2:-0.21 / 3:0.20 / 4:-0.35 / 5:-0.01 / 6:0.05,1:B1 / B1 / B1 / B1 / 2:B1 / B1 / A2 / B1 / 3:B1 / B1 / B1 / B1 / 4:B1 / B1 / B1 / B2 / 5:B1 / B1 / B1 / B1 / 6:B2 / B2,1:安田吉宏 / 2:堤 昇 / 3:武田正紀 / 4:芹澤克彦 / 5:小倉康典 / 6:鈴木雄登,1:-勝率|+当地|-モータ|-コース / 2:-勝率|+当地|-モータ|-コース / 3:-勝率|+当地|-モータ|-コース|-近況 / 4:-勝率|+当地|-モータ|-コース|-近況|-級別 / 5:+当地|-モータ|-コース|-近況 / 6:+当地|-モータ|-コース|-級別,1:-勝率|+当地|-モータ|-コース / 2:-勝率|+当地|-モータ|-コース / 3:-勝率|+当地|-モータ|-コース|-近況 / 4:-勝率|+当地|-モータ|-コース|-近況|-級別 / 5:+当地|-モータ|-コース|-近況 / 6:+当地|-モータ|-コース|-級別,,,,,,,,,,2026-04-24 23:48:26 JST,,,100,,,,3連単,4,,-2.08,base素材危険,base素材危険 / 当地巧者,2026-04-24 23:28:20 JST,,0
2026-04-24,10:59,徳山,6R,6,official_all,★★★☆☆,2-3-4 / 2-4-3 / 2-3-1 / 2-4-1 / 2-1-3 / 2-1-4,3.44,AI★★★★★,2-4-3 / 2-4-6 / 2-4-1 / 2-4-5 / 2-3-4 / 2-3-6,base土台◎ / 当地巧者 / 級別傾向強い,3.54,AI★★★★☆,1-2-4 / 4-2-1 / 1-4-2 / 2-4-1 / 3-1-4 / 2-4-3,買い強め,"公式低評価AI検証 / 朝:base土台◎ / 当地巧者 / 級別傾向強い / base土台を強めに保持 / 直前:展示差あり / 展示タイム差を確認 / 足:足差ややあり / 展示F:4,5注意 / 足:ST気配あり / 部品交換:2,6 / 足:1号艇足色良さげ / 整備:チルト:1:0,2:0,3:0,4:0,5:0,6:-0.5 / 部品交換:2:ピストン,リング,ピストンリング,電気,電気一式,6:ピストン,リング,ピストンリング,電気,電気一式,キャブ,キャブレタ / 直前差中で少し動かす / 隊形:1逃げ本線 / 4攻め注意",2026-04-24 23:48:26 JST,"[""7.00"", ""6.99"", ""7.02"", ""6.93"", ""7.05"", ""7.08""]",1:3 / 2:2 / 3:4 / 4:1 / 5:5 / 6:6,曇,4.0,4.0,,,0.0,1:0.23 / 2:0.02 / 3:-0.16 / 4:0.20 / 5:-0.17 / 6:-0.36,1:B1 / B1 / B1 / B1 / 2:A1 / A2 / A2 / B1 / 3:B1 / B1 / B1 / B1 / 4:B1 / B1 / B1 / B1 / 5:B2 / B2 / B2 / 6:B1 / B1 / B1 / B1,1:榮田将彦 / 2:植田太一 / 3:金田大輔 / 4:佃 來紀 / 5:小柳勝希 / 6:須藤隆雄,1:-勝率|+当地|-モータ / 2:-勝率|+当地|-モータ|+級別 / 3:-勝率|+当地|-モータ|-近況 / 4:-勝率|+当地|-モータ|-コース|-近況 / 5:+当地|-モータ|-コース|-級別 / 6:-当地|-モータ|-コース,1:-勝率|+当地|-モータ / 2:-勝率|+当地|-モータ|+級別 / 3:-勝率|+当地|-モータ|-近況 / 4:-勝率|+当地|-モータ|-コース|-近況 / 5:+当地|-モータ|-コース|-級別 / 6:-当地|-モータ|-コース,,,,,,,,,,2026-04-24 23:48:26 JST,,,100,,,,3連単,4,,0.36,base素材危険,base素材危険 / 当地巧者 / 級別傾向強い,2026-04-24 23:28:20 JST,,0
2026-04-24,11:02,鳴門,6R,6,official_all,★★★★★,5-4-2 / 5-2-4 / 5-4-1 / 5-2-1 / 5-1-4 / 5-1-2,4.37,AI★★★★★,5-4-6 / 5-4-2 / 5-4-1 / 5-4-3 / 5-6-4 / 5-6-2,base土台○ / 当地巧者 / 級別傾向強い / インやや強め,4.51,AI★★★★★,1-5-3 / 5-4-1 / 1-5-4 / 3-5-1 / 4-5-1 / 5-4-6,様子見,"朝:base土台○ / 当地巧者 / 級別傾向強い / インやや強め / base土台をやや保持 / 直前:展示差あり / 展示タイム差を確認 / 気象安定 / 足:足差あり / 部品交換:2,4,6 / 足:5号艇足色良さげ / 整備:チルト:1:-0.5,2:0,3:0,4:0,5:-0.5,6:0 / 部品交換:2:ピストン,リング,ピストンリング,シリンダ,キャリア,キャリアボデー,ギヤケース,電気,電気一式,キャブ,キャブレタ,シャフト,クランク,4:ピストン,リング,ピストンリング,シリンダ,キャリア,キャリアボデー,ギヤケース,電気,電気一式,キャブ,キャブレタ,シャフト,クランク,プロペラ,ペラ,6:ピストン,リング,ピストンリング,シリンダ,電気,電気一式,キャブ,キャブレタ / 直前差中で少し動かす / 隊形:5一撃注意 / 1逃げ本線",2026-04-24 23:48:26 JST,"[""6.85"", ""6.96"", ""6.85"", ""6.89"", ""6.77"", ""6.87""]",1:2 / 2:6 / 3:2 / 4:5 / 5:1 / 6:4,曇,1.0,1.0,,,0.1,1:0.13 / 2:-0.43 / 3:-0.05 / 4:-0.15 / 5:0.35 / 6:-0.19,1:B1 / B1 / B1 / B1 / 2:A2 / B1 / B1 / B1 / 3:B1 / B2 / B2 / B2 / 4:B1 / A2 / A2 / A2 / 5:A2 / A1 / A2 / A1 / 6:B1 / B1 / A2 / B1,1:中渡修作 / 2:金子猛志 / 3:草川壮良 / 4:松田竜馬 / 5:丸岡正典 / 6:中井俊祐,1:-勝率|+当地|-モータ|-コース / 2:-勝率|+当地|-モータ|-コース|+級別 / 3:-勝率|+当地|-モータ|-コース|-近況|-級別 / 4:-勝率|+当地|-モータ|-コース|-近況|+級別 / 5:+当地|-モータ|-コース|-近況|+級別 / 6:+当地|-モータ|-コース,1:-勝率|+当地|-モータ|-コース / 2:-勝率|+当地|-モータ|-コース|+級別 / 3:-勝率|+当地|-モータ|-コース|-近況|-級別 / 4:-勝率|+当地|-モータ|-コース|-近況|+級別 / 5:+当地|-モータ|-コース|-近況|+級別 / 6:+当地|-モータ|-コース,,,,,,,,,,2026-04-24 23:48:26 JST,,,100,,,,3連単,3,,2.22,base素材○,base素材○ / 当地巧者 / 級別傾向強い,2026-04-24 23:28:20 JST,,0
2026-04-24,11:11,宮島,2R,2,official_all,★☆☆☆☆,2-4-1 / 2-1-4 / 2-4-3 / 2-1-3 / 2-3-4 / 2-3-1,4.85,AI★★★★★,4-5-3 / 4-5-2 / 4-5-6 / 4-5-1 / 4-3-5 / 4-3-2,base土台○ / 地力上位 / 当地巧者 / 級別傾向強い / 中枠攻め候補 / 差しやや警戒,4.85,AI★★★★★,1-2-5 / 2-1-5 / 4-5-2 / 3-2-5 / 4-3-5 / 4-5-3,様子見,"公式低評価AI検証 / 朝:base土台○ / 地力上位 / 当地巧者 / 級別傾向強い / 中枠攻め候補 / 差しやや警戒 / base土台をやや保持 / 直前:展示差ややあり / 展示タイム差を確認 / 展示F:1,2,3,5,6注意 / 部品交換:5,6 / ピット:1:+回り足 / 2:+出足|+回り足 / 3:+回り足 / 4:+伸び / 整備:チルト:1:-0.5,2:-0.5,3:0,4:0,5:0,6:-0.5 / 部品交換:5:ピストン,リング,ピストンリング,6:ピストン,リング,ピストンリング,シリンダ,ギヤケース,電気,電気一式,キャブ,キャブレタ,シャフト,クランク / ピット:1:+回り足 / 2:+出足|+回り足 / 3:+回り足 / 4:+伸び / 直前差小で朝寄り / 朝評価をやや優先 / 隊形:1逃げ本線",2026-04-24 23:48:26 JST,"[""6.73"", ""6.70"", ""6.74"", ""6.75"", ""6.66"", ""6.77""]",1:3 / 2:2 / 3:4 / 4:5 / 5:1 / 6:6,曇,4.0,4.0,,,0.0,1:-0.02 / 2:0.05 / 3:-0.04 / 4:-0.02 / 5:0.05 / 6:-0.27,1:A1 / A1 / A1 / A1 / 2:A1 / A1 / A1 / A1 / 3:A1 / A1 / A1 / A1 / 4:A1 / A1 / A1 / A1 / 5:A1 / A1 / A1 / A2 / 6:A1 / A1 / A2 / A1,1:笠原 亮 / 2:原田幸哉 / 3:太田和美 / 4:辻 栄蔵 / 5:森永 淳 / 6:濱野谷憲,1:-勝率|+当地|-モータ|-コース|+級別 / 2:-勝率|+当地|-モータ|-コース|+級別 / 3:-勝率|+当地|-モータ|-コース|-近況|+級別 / 4:+勝率|+当地|-モータ|-コース|-近況|+級別 / 5:+勝率|+当地|-モータ|-コース|-近況|+級別 / 6:+勝率|+当地|-モータ|+ST|-コース|+級別,1:-勝率|+当地|-モータ|-コース|+級別 / 2:-勝率|+当地|-モータ|-コース|+級別 / 3:-勝率|+当地|-モータ|-コース|-近況|+級別 / 4:+勝率|+当地|-モータ|-コース|-近況|+級別 / 5:+勝率|+当地|-モータ|-コース|-近況|+級別 / 6:+勝率|+当地|-モータ|+ST|-コース|+級別,,,,,,,,,,2026-04-24 23:48:26 JST,,,100,,,,3連単,4,,6.93,base素材○,base素材○ / 地力上位 / 当地巧者 / 級別傾向強い / 中枠攻め候補,2026-04-24 23:28:20 JST,,0
2026-04-24,11:15,常滑,3R,3,official_all,★★★☆☆,5-2-3 / 5-3-2 / 5-2-1 / 5-3-1 / 5-1-2 / 5-1-3,6.17,AI★★★★★,5-2-3 / 5-2-6 / 5-2-1 / 5-2-4 / 5-3-2 / 5-3-6,base土台○ / 地力上位 / 当地巧者 / 級別傾向強い / 差しやや警戒,6.26,AI★★★★★,1-2-5 / 5-2-6 / 5-2-3 / 2-5-6 / 3-2-5 / 1-5-6,様子見,"公式低評価AI検証 / 朝:base土台○ / 地力上位 / 当地巧者 / 級別傾向強い / 差しやや警戒 / base土台をやや保持 / 直前:気象安定 / 足:ST気配あり / 部品交換:5,6 / 足:5号艇足色良さげ / 整備:チルト:1:0,2:0,3:-0.5,4:0,5:0,6:-0.5 / 部品交換:5:ピストン,リング,ピストンリング,6:ピストン,リング,ピストンリング,シリンダ,ギヤケース,電気,電気一式,キャブ,キャブレタ,シャフト,クランク / 直前差中で少し動かす / 朝評価をやや優先 / 隊形:5一撃注意 / 1逃げ本線",2026-04-24 23:48:26 JST,"[""6.76"", ""6.77"", ""6.79"", ""6.79"", ""6.74"", ""6.78""]",1:2 / 2:3 / 3:5 / 4:5 / 5:1 / 6:4,曇,1.0,0.0,,,0.1,1:0.01 / 2:0.03 / 3:0.00 / 4:-0.03 / 5:0.25 / 6:0.00,1:B1 / B1 / B1 / B1 / 2:A2 / A2 / A2 / A1 / 3:B1 / A2 / B1 / A2 / 4:B2 / B2 / B2 / B2 / 5:A1 / A2 / A1 / A1 / 6:B1 / B1 / B2 / B2,1:福田翔吾 / 2:村田修次 / 3:牧原 崇 / 4:金子怜央 / 5:野中一平 / 6:高田 綾,1:-勝率|+当地|-モータ|-コース / 2:-勝率|+当地|-モータ|-コース|+級別 / 3:-勝率|+当地|-モータ|-コース|-近況 / 4:-勝率|+当地|-モータ|-ST|-コース|-近況 / 5:+勝率|+当地|-モータ|-コース|-近況|+級別 / 6:+当地|-モータ|-コース|-近況|-級別,1:-勝率|+当地|-モータ|-コース / 2:-勝率|+当地|-モータ|-コース|+級別 / 3:-勝率|+当地|-モータ|-コース|-近況 / 4:-勝率|+当地|-モータ|-ST|-コース|-近況 / 5:+勝率|+当地|-モータ|-コース|-近況|+級別 / 6:+当地|-モータ|-コース|-近況|-級別,,,,,,,,,,2026-04-24 23:48:26 JST,,,100,,,,3連単,4,,3.29,base素材○,base素材○ / 地力上位 / 当地巧者 / 級別傾向強い,2026-04-24 23:28:20 JST,,0
2026-04-24,11:20,児島,2R,2,official_all,★☆☆☆☆,6-3-1 / 6-1-3 / 6-3-4 / 6-1-4 / 6-4-3 / 6-4-1,0.23,AI★★☆☆☆,6-5-3 / 6-5-1 / 6-5-2 / 6-5-4 / 6-3-5 / 6-3-1,base危険 / 選手力上位 / 当地巧者 / インやや強め,0.32,AI★☆☆☆☆,1-2-6 / 6-5-3 / 2-6-5 / 3-2-6 / 5-2-6 / 2-6-3,見送り寄り,"公式低評価AI検証 / 朝:base危険 / 選手力上位 / 当地巧者 / インやや強め / base危険で買い上げ抑制 / 直前:展示差ややあり / 展示タイム差を確認 / 足:ST気配あり / 部品交換:4 / 足:6号艇足色良さげ / 整備:チルト:1:0,2:-0.5,3:-0.5,4:-0.5,5:-0.5,6:0 / 部品交換:4:リング / 直前差中で少し動かす / 隊形:6一撃注意 / 2差し注意 / 開催:2日目でやや本命寄り",2026-04-24 23:48:26 JST,"[""6.84"", ""6.73"", ""6.79"", ""6.82"", ""6.74"", ""6.77""]",1:6 / 2:1 / 3:4 / 4:5 / 5:2 / 6:3,曇,3.0,3.0,,,0.0,1:-0.11 / 2:0.15 / 3:0.05 / 4:-0.17 / 5:0.02 / 6:0.25,1:B1 / B1 / B1 / B1 / 2:B1 / B1 / B2 / B2 / 3:B1 / B1 / B1 / B1 / 4:B2 / B1 / B1 / B2 / 5:B1 / B1 / B1 / B1 / 6:B1 / B1 / B1 / B1,1:井川大作 / 2:吉田一心 / 3:松下哲也 / 4:一色颯輝 / 5:角山雄哉 / 6:三宅健太,1:-勝率|+当地|-モータ / 2:-勝率|+当地|-モータ|-級別 / 3:-勝率|+当地|-モータ|-近況 / 4:-勝率|+当地|-モータ|-ST|-近況|-級別 / 5:+当地|-モータ|-コース|-近況 / 6:+当地|-モータ|-コース,1:-勝率|+当地|-モータ / 2:-勝率|+当地|-モータ|-級別 / 3:-勝率|+当地|-モータ|-近況 / 4:-勝率|+当地|-モータ|-ST|-近況|-級別 / 5:+当地|-モータ|-コース|-近況 / 6:+当地|-モータ|-コース,,,,,,,,,,2026-04-24 23:48:26 JST,,,100,,,,3連単,2,,-1.29,base素材危険,base素材危険 / 選手力上位 / 当地巧者,2026-04-24 23:28:20 JST,,0
2026-04-24,11:22,唐津,7R,7,official_all,★☆☆☆☆,4-2-1 / 4-1-2 / 4-2-5 / 4-1-5 / 4-5-2 / 4-5-1,7.28,AI★★★★★,4-5-6 / 4-5-2 / 4-5-3 / 4-5-1 / 4-6-5 / 4-6-2,base土台○ / 地力上位 / 当地巧者 / 級別傾向強い / 中枠攻め候補 / 攻めやや注意,7.29,AI★★★★★,1-2-5 / 2-1-5 / 5-2-1 / 4-5-2 / 1-5-2 / 4-5-6,買い,"公式低評価AI検証 / 朝:base土台○ / 地力上位 / 当地巧者 / 級別傾向強い / 中枠攻め候補 / 攻めやや注意 / base土台をやや保持 / 直前:展示差ややあり / 展示タイム差を確認 / 進入:1-2-5-3-4-6 / 前づけで波乱含み / 気象荒れ気味 / 風速8m / 波高8cm / 展示F:5注意 / 足:ST気配あり / 足:進入変化 / 整備:安定板使用 / チルト:1:0,2:0,3:-0.5,4:0,5:0,6:0 / 部品交換:2:リング,シャフト,4:リング / 進入変化ありで直前重視 / 隊形:1逃げ本線 / 2差し注意 / 進入:1-2-5-3-4-6 / 開催:2日目でやや本命寄り",2026-04-24 23:48:26 JST,"[""6.95"", ""6.92"", ""7.02"", ""7.01"", ""6.92"", ""6.91""]",1:4 / 2:2 / 3:6 / 4:5 / 5:2 / 6:1,晴,8.0,8.0,,,-0.36,1:0.07 / 2:0.09 / 3:-0.27 / 4:-0.10 / 5:0.20 / 6:-0.08,1:B1 / B1 / B1 / B1 / 2:B1 / B1 / A2 / A2 / 3:B1 / B1 / B1 / B1 / 4:A1 / A1 / A1 / A2 / 5:A2 / A2 / A2 / A2 / 6:B1 / B1 / B1 / B1,1:中村栄治 / 2:牧山敦也 / 3:前田健太 / 4:葛原大陽 / 5:三浦洋次,1:-勝率|+当地|-モータ|-コース / 2:-勝率|+当地|-モータ|-コース / 3:-勝率|+当地|-モータ|-コース|-近況 / 4:+勝率|+当地|-モータ|-コース|+級別 / 5:+当地|-モータ|-コース|-近況|+級別 / 6:-モータ|-コース,1:-勝率|+当地|-モータ|-コース / 2:-勝率|+当地|-モータ|-コース / 3:-勝率|+当地|-モータ|-コース|-近況 / 4:+勝率|+当地|-モータ|-コース|+級別 / 5:+当地|-モータ|-コース|-近況|+級別 / 6:-モータ|-コース,,,,,,,,,,2026-04-24 23:48:26 JST,,,100,,,,3連単,2,,4.37,base素材○,base素材○ / 地力上位 / 当地巧者 / 級別傾向強い / 中枠攻め候補,2026-04-24 23:28:20 JST,,0
2026-04-24,11:24,平和島,2R,2,official_all,★★★★★,3-2-1 / 3-1-2 / 3-2-6 / 3-1-6 / 3-6-2 / 3-6-1,8.45,AI★★★★★,3-2-1 / 3-2-6 / 3-2-4 / 3-2-5 / 3-1-2 / 3-1-6,base土台○ / 当地巧者 / 級別傾向強い / 中枠攻め候補 / 攻めやや注意,8.54,AI★★★★★,1-2-3 / 2-3-6 / 3-2-6 / 6-2-3 / 3-2-1 / 2-6-3,買い強め,"朝:base土台○ / 当地巧者 / 級別傾向強い / 中枠攻め候補 / 攻めやや注意 / base土台をやや保持 / 直前:展示差ややあり / 展示タイム差を確認 / 進入:1-2-3-4-6-5 / 前づけで波乱含み / 気象安定 / 足:ST気配あり / 足:進入変化 / 部品交換:5,6 / 6前づけ / 整備:チルト:1:0,2:-0.5,3:0,4:0,5:-0.5,6:-0.5 / 部品交換:5:ピストン,リング,ピストンリング,6:ピストン,リング,ピストンリング,シリンダ,ギヤケース,電気,電気一式,キャブ,キャブレタ,シャフト,クランク / 進入変化ありで少し動かす / 隊形:2差し注意 / 3攻め注意 / 進入:1-2-3-4-6-5",2026-04-24 23:48:26 JST,"[""6.83"", ""6.74"", ""6.72"", ""6.79"", ""6.73"", ""6.75""]",1:6 / 2:3 / 3:1 / 4:5 / 5:2 / 6:4,曇,2.0,3.0,,,0.04,1:-0.07 / 2:0.29 / 3:0.16 / 4:-0.17 / 5:-0.09 / 6:0.09,1:B1 / A2 / B1 / A2 / 2:A2 / A2 / A2 / A2 / 3:A1 / A1 / A1 / A1 / 4:B2 / B2 / B1 / B1 / 5:B2 / B2 / B2 / 6:B1 / B2 / B2 / B2,1:前川守嗣 / 2:松井賢治 / 3:山崎 郡 / 4:豊田訓靖 / 5:櫻井 隼 / 6:仁科さや,1:-勝率|+当地|-モータ / 2:-勝率|+当地|-モータ|+級別 / 3:-勝率|+当地|-モータ|-近況|+級別 / 4:-勝率|+当地|-モータ|-ST|-近況|-級別 / 5:+当地|-モータ|-コース|-近況|-級別 / 6:+当地|-モータ|-級別,1:-勝率|+当地|-モータ / 2:-勝率|+当地|-モータ|+級別 / 3:-勝率|+当地|-モータ|-近況|+級別 / 4:-勝率|+当地|-モータ|-ST|-近況|-級別 / 5:+当地|-モータ|-コース|-近況|-級別 / 6:+当地|-モータ|-級別,,,,,,,,,,2026-04-24 23:48:26 JST,,,100,,,,3連単,4,,4.18,base素材○,base素材○ / 当地巧者 / 級別傾向強い / 中枠攻め候補,2026-04-24 23:28:20 JST,,0
2026-04-24,11:27,津,3R,3,official_all,★★★☆☆,2-3-6 / 2-6-3 / 2-3-4 / 2-6-4 / 2-4-3 / 2-4-6,5.32,AI★★★★★,2-3-6 / 2-3-4 / 2-3-5 / 2-3-1 / 2-6-3 / 2-6-4,base土台◎ / 当地巧者 / 級別傾向強い / インやや強め,5.43,AI★★★★★,1-2-4 / 2-3-4 / 2-3-1 / 4-2-1 / 3-2-4 / 2-3-5,買い強め,"公式低評価AI検証 / 朝:base土台◎ / 当地巧者 / 級別傾向強い / インやや強め / base土台を強めに保持 / 直前:展示差ややあり / 展示タイム差を確認 / 気象安定 / 足:足差ややあり / 展示F:5注意 / 足:ST気配あり / 部品交換:1 / 足:2号艇足色良さげ / 整備:チルト:1:-0.5,2:-0.5,3:0,4:0,5:-0.5,6:-0.5 / 部品交換:1:ギヤ / 直前差中で少し動かす / 隊形:2差し注意 / 1逃げ本線",2026-04-24 23:48:26 JST,"[""6.85"", ""6.78"", ""6.78"", ""6.74"", ""6.86"", ""6.87""]",1:4 / 2:2 / 3:2 / 4:1 / 5:5 / 6:6,曇,1.0,1.0,,,0.1,1:0.06 / 2:0.30 / 3:0.00 / 4:0.05 / 5:-0.19 / 6:-0.32,1:B1 / B1 / B1 / B1 / 2:A1 / A1 / A1 / A1 / 3:A1 / A1 / A1 / A2 / 4:A2 / B1 / B1 / B1 / 5:B1 / B1 / B1 / B1 / 6:A2 / A2 / A2 / A2,1:山本浩次 / 2:濱崎直矢 / 3:金子賢志 / 4:松田淳平 / 5:谷口健一 / 6:武富智亮,1:-勝率|+当地|-モータ|-コース / 2:-勝率|+当地|-モータ|-コース|+級別 / 3:-勝率|+当地|-モータ|-コース|-近況|+級別 / 4:-勝率|+当地|-モータ|-コース|-近況|+級別 / 5:+当地|-モータ|-コース|-近況 / 6:+当地|-モータ|-コース|+級別,1:-勝率|+当地|-モータ|-コース / 2:-勝率|+当地|-モータ|-コース|+級別 / 3:-勝率|+当地|-モータ|-コース|-近況|+級別 / 4:-勝率|+当地|-モータ|-コース|-近況|+級別 / 5:+当地|-モータ|-コース|-近況 / 6:+当地|-モータ|-コース|+級別,,,,,,,,,,2026-04-24 23:48:26 JST,,,100,,,,3連単,4,,5.6,base素材○,base素材○ / 当地巧者 / 級別傾向強い,2026-04-24 23:28:20 JST,,0
2026-04-24,11:30,徳山,7R,7,official_all,★☆☆☆☆,1-4-3 / 1-3-4 / 1-4-5 / 1-3-5 / 1-5-4 / 1-5-3,-1.12,AI★☆☆☆☆,4-5-3 / 4-5-2 / 4-5-1 / 4-5-6 / 4-3-5 / 4-3-2,base危険 / 当地巧者 / 中枠攻め候補,-1.06,AI★☆☆☆☆,1-2-6 / 2-4-6 / 4-2-6 / 4-5-2 / 2-6-4 / 1-6-2,見送り寄り,"公式低評価AI検証 / 朝:base危険 / 当地巧者 / 中枠攻め候補 / base危険で買い上げ抑制 / 直前:展示差ややあり / 展示タイム差を確認 / 足:足差ややあり / 展示F:6注意 / 足:ST気配あり / 部品交換:2,3,4,6 / 足:2号艇足色良さげ / 整備:チルト:1:-0.5,2:0,3:-0.5,4:0,5:0,6:-0.5 / 部品交換:2:ピストン,リング,ピストンリング,3:ピストン,4:ピストン,リング,ピストンリング,シリンダ,キャリア,キャリアボデー,ギヤケース,電気,電気一式,キャブ,キャブレタ,シャフト,クランク,プロペラ,ペラ,6:ピストン,リング,ピストンリング,シリンダ,電気,電気一式,キャブ,キャブレタ / 直前差中で少し動かす / 隊形:2差し注意",2026-04-24 23:48:26 JST,"[""7.09"", ""7.04"", ""7.08"", ""7.00"", ""7.04"", ""6.97""]",1:6 / 2:3 / 3:5 / 4:2 / 5:3 / 6:1,曇,3.0,3.0,,,0.0,1:-0.09 / 2:0.19 / 3:-0.23 / 4:0.03 / 5:-0.07 / 6:0.07,1:B1 / B1 / B1 / B1 / 2:B1 / B1 / B1 / B1 / 3:B1 / B1 / B1 / B1 / 4:B1 / B1 / B1 / B1 / 5:B1 / B1 / B1 / B1 / 6:B2 / B2 / B2 / B2,1:半田尚也 / 2:高野心吾 / 3:河上年昭 / 4:堂原洋史 / 5:國弘翔平 / 6:庄島潤成,1:-勝率|+当地|-モータ|-コース / 2:-勝率|+当地|-モータ|-コース / 3:-勝率|+当地|-モータ|-コース|-近況 / 4:-勝率|+当地|-モータ|-コース|-近況 / 5:-モータ|-コース / 6:+当地|-モータ|-コース|-近況|-級別,1:-勝率|+当地|-モータ|-コース / 2:-勝率|+当地|-モータ|-コース / 3:-勝率|+当地|-モータ|-コース|-近況 / 4:-勝率|+当地|-モータ|-コース|-近況 / 5:-モータ|-コース / 6:+当地|-モータ|-コース|-近況|-級別,,,,,,,,,,2026-04-24 23:48:26 JST,,,100,,,,3連単,4,,-2.23,base素材危険,base素材危険 / 当地巧者 / 中枠攻め候補,2026-04-24 23:28:20 JST,,0
2026-04-24,11:33,鳴門,7R,7,official_all,★★☆☆☆,6-3-2 / 6-2-3 / 6-3-5 / 6-2-5 / 6-5-3 / 6-5-2,11.14,AI★★★★★,6-4-5 / 6-4-2 / 6-4-3 / 6-4-1 / 6-5-4 / 6-5-2,base土台○ / 地力上位 / 当地巧者 / ST良好 / 級別傾向強い / インやや強め,11.2,AI★★★★★,1-2-6 / 2-1-6 / 1-2-4 / 6-4-1 / 4-2-1 / 6-4-5,買い,"公式低評価AI検証 / 朝:base土台○ / 地力上位 / 当地巧者 / ST良好 / 級別傾向強い / インやや強め / base土台をやや保持 / 直前:展示差あり / 展示タイム差を確認 / 足:足差あり / 展示F:1,3,5注意 / 部品交換:5,6 / 足:2号艇足色良さげ / 整備:チルト:1:-0.5,2:0,3:-0.5,4:-0.5,5:0,6:0 / 部品交換:5:ピストン,リング,ピストンリング,6:ピストン,リング,ピストンリング,シリンダ,ギヤケース,電気,電気一式,キャブ,キャブレタ,シャフト,クランク / 直前差小で朝寄り / 朝評価をやや優先 / 隊形:1逃げ本線 / 2差し注意",2026-04-24 23:48:26 JST,"[""6.75"", ""6.85"", ""6.88"", ""6.81"", ""6.97"", ""6.76""]",1:1 / 2:4 / 3:5 / 4:3 / 5:6 / 6:2,曇,3.0,3.0,,,0.0,1:0.29 / 2:0.11 / 3:-0.13 / 4:0.00 / 5:-0.44 / 6:0.09,1:B2 / B1 / B1 / B1 / 2:B1 / B1 / A2 / A2 / 3:B1 / B1 / B1 / B1 / 4:B1 / B1 / B1 / B1 / 5:B1 / B1 / B1 / B1 / 6:A1 / A1 / A1 / A1,1:上瀧絢也 / 2:一柳和孝 / 3:岡谷健吾 / 4:近藤稔也 / 5:中村裕将 / 6:木村仁紀,1:-勝率|+当地|-モータ|-ST|-コース|-級別 / 2:-勝率|+当地|-モータ|-ST|-コース / 3:-勝率|-モータ|-ST|-コース|-近況 / 4:-勝率|+当地|-モータ|-コース|-近況 / 5:-モータ|-コース|-近況 / 6:+勝率|+当地|-モータ|+ST|-コース|+級別,1:-勝率|+当地|-モータ|-ST|-コース|-級別 / 2:-勝率|+当地|-モータ|-ST|-コース / 3:-勝率|-モータ|-ST|-コース|-近況 / 4:-勝率|+当地|-モータ|-コース|-近況 / 5:-モータ|-コース|-近況 / 6:+勝率|+当地|-モータ|+ST|-コース|+級別,,,,,,,,,,2026-04-24 23:48:26 JST,,,100,,,,3連単,3,,4.54,base素材◎,base素材◎ / 地力上位 / 当地巧者 / ST良好 / 級別傾向強い,2026-04-24 23:28:20 JST,,0
2026-04-24,11:41,宮島,3R,3,official_all,★☆☆☆☆,1-4-2 / 1-2-4 / 1-4-6 / 1-2-6 / 1-6-4 / 1-6-2,5.23,AI★★★★★,5-4-2 / 5-4-1 / 5-4-6 / 5-4-3 / 5-2-4 / 5-2-1,base土台○ / 地力上位 / 当地巧者 / 級別傾向強い / 差しやや警戒,5.32,AI★★★★★,1-2-6 / 2-5-6 / 5-2-6 / 6-2-5 / 5-2-1 / 5-4-2,買い,"公式低評価AI検証 / 朝:base土台○ / 地力上位 / 当地巧者 / 級別傾向強い / 差しやや警戒 / base土台をやや保持 / 直前:展示差あり / 展示タイム差を確認 / 進入:1-2-5-3-4-6 / 前づけで波乱含み / 風向西 / 足:足差ややあり / 展示F:3,4注意 / 足:進入変化 / 部品交換:4 / ピット:1:伸び / 整備:チルト:1:-0.5,2:-0.5,3:-0.5,4:-0.5,5:-0.5,6:0.5 / 部品交換:4:リング / ピット:1:伸び / 6:伸び|出足 / 進入変化ありで直前重視 / 隊形:2差し注意 / 5一撃注意 / 進入:1-2-5-3-4-6",2026-04-24 23:48:26 JST,"[""6.78"", ""6.74"", ""6.72"", ""6.77"", ""6.77"", ""6.64""]",1:6 / 2:3 / 3:2 / 4:4 / 5:4 / 6:1,曇,4.0,4.0,,西,0.0,1:-0.16 / 2:0.11 / 3:-0.10 / 4:-0.23 / 5:0.06 / 6:0.07,1:A1 / A1 / A1 / A1 / 2:A1 / A1 / A1 / A1 / 3:A2 / A1 / A2 / A2 / 4:A1 / A1 / A1 / A1 / 5:A1 / A1 / A1 / A1 / 6:A1 / A2 / A1 / A1,1:田口節子 / 2:柴田 光 / 3:山口裕二 / 4:田中信一 / 5:西島義則 / 6:中辻崇人,1:-勝率|+当地|-モータ|-コース|+級別 / 2:-勝率|+当地|-モータ|-コース|+級別 / 3:-勝率|+当地|-モータ|-コース|-近況|+級別 / 4:+勝率|+当地|-モータ|-コース|-近況|+級別 / 5:+勝率|+当地|-モータ|-コース|-近況|+級別 / 6:+勝率|+当地|-モータ|+ST|-コース|+級別,1:-勝率|+当地|-モータ|-コース|+級別 / 2:-勝率|+当地|-モータ|-コース|+級別 / 3:-勝率|+当地|-モータ|-コース|-近況|+級別 / 4:+勝率|+当地|-モータ|-コース|-近況|+級別 / 5:+勝率|+当地|-モータ|-コース|-近況|+級別 / 6:+勝率|+当地|-モータ|+ST|-コース|+級別,,,,,,,,,,2026-04-24 23:48:26 JST,,,100,,,,3連単,4,,7.35,base素材○,base素材○ / 地力上位 / 当地巧者 / 級別傾向強い,2026-04-24 23:28:20 JST,,0
2026-04-24,11:45,常滑,4R,4,official_all,★★★★★,6-3-1 / 6-1-3 / 6-3-4 / 6-1-4 / 6-4-3 / 6-4-1,10.61,AI★★★★★,6-3-4 / 6-3-1 / 6-3-2 / 6-3-5 / 6-4-3 / 6-4-1,base土台○ / 地力上位 / 当地巧者 / ST良好 / 級別傾向強い / 差しやや警戒,10.7,AI★★★★★,1-6-5 / 6-3-5 / 6-3-4 / 3-6-5 / 5-6-1 / 1-6-3,様子見,"朝:base土台○ / 地力上位 / 当地巧者 / ST良好 / 級別傾向強い / 差しやや警戒 / base土台をやや保持 / 直前:気象安定 / 風向西 / 足:ST気配あり / 部品交換:5,6 / 足:6号艇足色良さげ / 整備:チルト:1:-0.5,2:-0.5,3:-0.5,4:-0.5,5:-0.5,6:0 / 部品交換:5:ピストン,リング,ピストンリング,6:ピストン,リング,ピストンリング,シリンダ,ギヤケース,電気,電気一式,キャブ,キャブレタ,シャフト,クランク / 直前差中で少し動かす / 隊形:6一撃注意 / 1逃げ本線",2026-04-24 23:48:26 JST,"[""6.83"", ""6.78"", ""6.78"", ""6.80"", ""6.73"", ""6.75""]",1:6 / 2:3 / 3:3 / 4:5 / 5:1 / 6:2,曇,0.0,0.0,,西,0.1,1:0.02 / 2:-0.10 / 3:0.00 / 4:-0.03 / 5:0.02 / 6:0.23,1:B1 / B1 / B1 / B1 / 2:B1 / B2 / B2 / B2 / 3:A2 / A2 / B1 / B1 / 4:B1 / B1 / B1 / B1 / 5:B2 / B2 / B2 / B2 / 6:A1 / A1 / A1 / A1,1:西村 勝 / 2:川辺郭人 / 3:野末智一 / 4:今泉 徹 / 5:宮崎奏磨 / 6:上田龍星,1:-勝率|+当地|-モータ / 2:-勝率|+当地|-モータ|-級別 / 3:-勝率|+当地|-モータ|-コース|-近況|+級別 / 4:-勝率|+当地|-モータ|-コース|-近況 / 5:+当地|-モータ|-コース|-近況|-級別 / 6:+勝率|+当地|-モータ|+ST|-コース|+級別,1:-勝率|+当地|-モータ / 2:-勝率|+当地|-モータ|-級別 / 3:-勝率|+当地|-モータ|-コース|-近況|+級別 / 4:-勝率|+当地|-モータ|-コース|-近況 / 5:+当地|-モータ|-コース|-近況|-級別 / 6:+勝率|+当地|-モータ|+ST|-コース|+級別,,,,,,,,,,2026-04-24 23:48:26 JST,,,100,,,,3連単,4,,5.0,base素材◎,base素材◎ / 地力上位 / 当地巧者 / ST良好 / 級別傾向強い,2026-04-24 23:28:20 JST,,0
2026-04-24,11:50,児島,3R,3,official_all,★★☆☆☆,3-6-5 / 3-5-6 / 3-6-4 / 3-5-4 / 3-4-6 / 3-4-5,2.53,AI★★★★☆,6-3-5 / 6-3-4 / 6-3-2 / 6-3-1 / 6-5-3 / 6-5-4,base保留 / 選手力上位 / 当地相性良好 / 級別傾向強い / インやや強め,2.7,AI★★★☆☆,3-6-1 / 6-3-5 / 3-6-4 / 1-3-6 / 4-3-6 / 6-3-4,買い,"公式低評価AI検証 / 朝:base保留 / 選手力上位 / 当地相性良好 / 級別傾向強い / インやや強め / base保留で買い上げ慎重 / 直前:展示差あり / 展示タイム差を確認 / 気象安定 / 足:足差あり / 展示F:5,6注意 / 足:ST気配あり / チルト高:6:3 / 部品交換:5,6 / 足:3号艇足色良さげ / 整備:チルト:1:-0.5,2:0,3:-0.5,4:-0.5,5:-0.5,6:3 / 部品交換:5:ピストン,リング,ピストンリング,6:ピストン,リング,ピストンリング,シリンダ,ギヤケース,電気,電気一式,キャブ,キャブレタ,シャフト,クランク / 直前差大で直前重視 / 隊形:3攻め注意 / 開催:2日目でやや本命寄り",2026-04-24 23:48:26 JST,"[""6.78"", ""6.76"", ""6.70"", ""6.75"", ""6.69"", ""6.59""]",1:6 / 2:5 / 3:3 / 4:4 / 5:2 / 6:1,曇,2.0,3.0,,,0.04,1:-0.17 / 2:-0.27 / 3:0.14 / 4:-0.12 / 5:-0.13 / 6:0.14,1:B1 / B1 / B1 / B1 / 2:B1 / B1 / B1 / B1 / 3:A2 / A2 / B1 / B1 / 4:B1 / A2 / B1 / B1 / 5:B1 / B1 / B1 / A2 / 6:A2 / B1 / A2 / A2,1:松尾基成 / 2:原村拓也 / 3:渡邉俊介 / 4:前出達吉 / 5:浜崎準也 / 6:松本一毅,1:-勝率|+当地|-モータ|-コース / 2:-勝率|+当地|-モータ|-コース / 3:-勝率|+当地|-モータ|-コース|-近況|+級別 / 4:-勝率|+当地|-モータ|-コース|-近況 / 5:+当地|-モータ|-コース|-近況 / 6:+当地|-モータ|-コース|+級別,1:-勝率|+当地|-モータ|-コース / 2:-勝率|+当地|-モータ|-コース / 3:-勝率|+当地|-モータ|-コース|-近況|+級別 / 4:-勝率|+当地|-モータ|-コース|-近況 / 5:+当地|-モータ|-コース|-近況 / 6:+当地|-モータ|-コース|+級別,,,,,,,,,,2026-04-24 23:48:26 JST,,,100,,,,3連単,2,,0.8,base素材危険,base素材危険 / 選手力上位 / 当地相性良好 / 級別傾向強い,2026-04-24 23:28:20 JST,,0
2026-04-24,11:53,平和島,3R,3,official_all,★★★★☆,2-5-3 / 2-3-5 / 2-5-4 / 2-3-4 / 2-4-5 / 2-4-3,6.43,AI★★★★★,2-5-6 / 2-5-4 / 2-5-3 / 2-5-1 / 2-6-5 / 2-6-4,base土台○ / 当地巧者 / 級別傾向強い / 攻めやや注意,6.52,AI★★★★★,1-2-5 / 2-5-1 / 1-5-2 / 3-2-1 / 2-1-5 / 2-5-6,買い,"朝:base土台○ / 当地巧者 / 級別傾向強い / 攻めやや注意 / base土台をやや保持 / 直前:展示差あり / 展示タイム差を確認 / 気象安定 / 足:足差ややあり / 展示F:1,2注意 / 部品交換:5,6 / 足:5号艇足色良さげ / 整備:チルト:1:-0.5,2:-0.5,3:0,4:-0.5,5:-0.5,6:0 / 部品交換:5:ピストン,リング,ピストンリング,6:ピストン,リング,ピストンリング,シリンダ,ギヤケース,電気,電気一式,キャブ,キャブレタ,シャフト,クランク / 直前差中で少し動かす / 隊形:1逃げ本線 / 2差し注意",2026-04-24 23:48:26 JST,"[""6.75"", ""6.76"", ""6.82"", ""6.93"", ""6.84"", ""6.88""]",1:1 / 2:2 / 3:3 / 4:6 / 5:4 / 6:5,曇,2.0,3.0,,,0.04,1:0.24 / 2:0.09 / 3:-0.05 / 4:-0.37 / 5:0.12 / 6:-0.22,1:B1 / B1 / B1 / B1 / 2:A1 / A1 / A1 / A1 / 3:B1 / B1 / B1 / B1 / 4:B1 / B1 / B1 / B1 / 5:A2 / A1 / A2 / A2 / 6:B1 / B1 / B1 / B1,1:杉山太陽 / 2:木下翔太 / 3:石岡将太 / 4:高橋真吾 / 5:岩永雅人 / 6:嶋田有里,1:-勝率|+当地|-モータ|-コース / 2:-勝率|+当地|-モータ|-コース|+級別 / 3:-勝率|+当地|-モータ|-コース|-近況 / 4:-勝率|+当地|-モータ|-コース|-近況 / 5:+当地|-モータ|-コース|-近況|+級別 / 6:+当地|-モータ|-コース,1:-勝率|+当地|-モータ|-コース / 2:-勝率|+当地|-モータ|-コース|+級別 / 3:-勝率|+当地|-モータ|-コース|-近況 / 4:-勝率|+当地|-モータ|-コース|-近況 / 5:+当地|-モータ|-コース|-近況|+級別 / 6:+当地|-モータ|-コース,,,,,,,,,,2026-04-24 23:48:26 JST,,,100,,,,3連単,4,,4.52,base素材○,base素材○ / 当地巧者 / 級別傾向強い,2026-04-24 23:28:20 JST,,0
2026-04-24,11:55,唐津,8R,8,official_all,★★★★★,4-5-6 / 4-6-5 / 4-5-2 / 4-6-2 / 4-2-5 / 4-2-6,9.57,AI★★★★★,4-6-5 / 4-6-2 / 4-6-1 / 4-6-3 / 4-5-6 / 4-5-2,base土台○ / 地力上位 / 当地巧者 / 級別傾向強い / 中枠攻め候補 / 攻めやや注意,9.52,AI★★★★★,1-4-6 / 4-6-2 / 6-4-2 / 2-4-6 / 3-4-6 / 4-6-1,様子見,"朝:base土台○ / 地力上位 / 当地巧者 / 級別傾向強い / 中枠攻め候補 / 攻めやや注意 / base土台をやや保持 / 直前:展示差あり / 展示タイム差を確認 / 気象荒れ気味 / 風向東 / 風速7m / 波高7cm / 足:足差あり / 展示F:6注意 / 安定板使用 / チルト高:6:3 / 整備:安定板使用 / チルト:1:0,2:0,3:0,4:0,5:0,6:3 / 部品交換:4:ピストン / 直前差中で少し動かす / 隊形:4攻め注意 / 開催:2日目でやや本命寄り",2026-04-24 23:48:26 JST,"[""7.00"", ""6.90"", ""6.96"", ""6.88"", ""6.95"", ""6.80""]",1:6 / 2:3 / 3:5 / 4:2 / 5:4 / 6:1,曇,7.0,7.0,,東,-0.36,1:-0.18 / 2:-0.08 / 3:-0.14 / 4:0.09 / 5:-0.26 / 6:0.13,1:B1 / B1 / B1 / B1 / 2:B1 / B1 / B1 / B1 / 3:B1 / B2 / B1 / B1 / 4:A1 / A1 / A1 / A1 / 5:B1 / B1 / B2 / A2 / 6:B1 / B1 / B1 / B1,1:村岡 賢 / 2:東 潤樹 / 3:高木圭大 / 4:渡邉和将 / 5:大久保信 / 6:眞鳥康太,1:-勝率|+当地|-モータ|-コース / 2:-勝率|+当地|-モータ|-コース / 3:-勝率|+当地|-モータ|-コース|-近況|-級別 / 4:+勝率|+当地|-モータ|-コース|-近況|+級別 / 5:-モータ|-コース|-近況|-級別 / 6:-モータ|-コース,1:-勝率|+当地|-モータ|-コース / 2:-勝率|+当地|-モータ|-コース / 3:-勝率|+当地|-モータ|-コース|-近況|-級別 / 4:+勝率|+当地|-モータ|-コース|-近況|+級別 / 5:-モータ|-コース|-近況|-級別 / 6:-モータ|-コース,,,,,,,,,,2026-04-24 23:48:26 JST,,,100,,,,3連単,2,,3.83,base素材○,base素材○ / 地力上位 / 当地巧者 / 級別傾向強い / 中枠攻め候補,2026-04-24 23:28:20 JST,,0
2026-04-24,11:57,津,4R,4,official_all,★★☆☆☆,2-6-5 / 2-5-6 / 2-6-3 / 2-5-3 / 2-3-6 / 2-3-5,5.15,AI★★★★★,2-6-5 / 2-6-3 / 2-6-4 / 2-6-1 / 2-5-6 / 2-5-3,base土台◎ / 当地巧者 / 級別傾向強い / インやや強め,5.22,AI★★★★★,1-2-3 / 3-2-5 / 3-2-4 / 2-5-3 / 2-6-3 / 2-6-5,買い,"公式低評価AI検証 / 朝:base土台◎ / 当地巧者 / 級別傾向強い / インやや強め / base土台を強めに保持 / 直前:気象安定 / 展示F:5注意 / 足:ST気配あり / 部品交換:5 / 足:3号艇足色良さげ / 整備:チルト:1:-0.5,2:0,3:-0.5,4:-0.5,5:0,6:0 / 部品交換:5:リング / 直前差中で少し動かす / 隊形:3攻め注意 / 1逃げ本線",2026-04-24 23:48:26 JST,"[""6.83"", ""6.77"", ""6.76"", ""6.81"", ""6.75"", ""6.82""]",1:6 / 2:3 / 3:2 / 4:4 / 5:1 / 6:5,曇,1.0,1.0,,,0.1,1:0.04 / 2:0.03 / 3:0.28 / 4:0.02 / 5:0.01 / 6:-0.20,1:B1 / B1 / B1 / B1 / 2:A1 / A1 / A1 / A1 / 3:A2 / A2 / A2 / A2 / 4:B1 / B1 / B1 / B1 / 5:A2 / A1 / A1 / A1 / 6:A2 / A1 / A1 / A1,1:鋤柄貴俊 / 2:尾上雅也 / 3:松村康太 / 4:宮内由紀 / 5:下出卓矢 / 6:石塚久也,1:-勝率|+当地|-モータ|-コース / 2:-勝率|+当地|-モータ|-コース|+級別 / 3:-勝率|+当地|-モータ|-コース|-近況|+級別 / 4:-勝率|+当地|-モータ|-コース|-近況 / 5:+当地|-モータ|-コース|-近況|+級別 / 6:+勝率|+当地|-モータ|-コース|+級別,1:-勝率|+当地|-モータ|-コース / 2:-勝率|+当地|-モータ|-コース|+級別 / 3:-勝率|+当地|-モータ|-コース|-近況|+級別 / 4:-勝率|+当地|-モータ|-コース|-近況 / 5:+当地|-モータ|-コース|-近況|+級別 / 6:+勝率|+当地|-モータ|-コース|+級別,,,,,,,,,,2026-04-24 23:48:26 JST,,,100,,,,3連単,4,,5.72,base素材○,base素材○ / 当地巧者 / 級別傾向強い,2026-04-24 23:28:20 JST,,0
2026-04-24,12:00,徳山,8R,8,official_all,★★★★★,5-4-6 / 5-6-4 / 5-4-3 / 5-6-3 / 5-3-4 / 5-3-6,4.19,AI★★★★★,5-6-4 / 5-6-2 / 5-6-3 / 5-6-1 / 5-4-6 / 5-4-2,base保留 / 当地巧者 / 級別傾向強い,4.25,AI★★★★★,1-2-3 / 3-2-5 / 2-3-5 / 5-6-3 / 4-2-3 / 5-6-2,買い,"朝:base保留 / 当地巧者 / 級別傾向強い / base保留で買い上げ慎重 / 直前:展示F:6注意 / 足:ST気配あり / 部品交換:2,3,6 / 足:3号艇足色良さげ / 整備:チルト:1:-0.5,2:0,3:-0.5,4:-0.5,5:0,6:0 / 部品交換:2:ピストン,リング,ピストンリング,シリンダ,キャリア,キャリアボデー,ギヤケース,電気,電気一式,キャブ,キャブレタ,シャフト,クランク,3:ピストン,リング,ピストンリング,シリンダ,キャリア,キャリアボデー,ギヤケース,電気,電気一式,キャブ,キャブレタ,シャフト,クランク,プロペラ,ペラ,6:ピストン,リング,ピストンリング,シリンダ,電気,電気一式,キャブ,キャブレタ / 直前差小で朝寄り / 朝評価をやや優先 / 隊形:3攻め注意 / 2差し注意",2026-04-24 23:48:26 JST,"[""7.04"", ""7.01"", ""7.05"", ""7.05"", ""7.03"", ""7.04""]",1:3 / 2:1 / 3:5 / 4:5 / 5:2 / 6:3,曇,3.0,3.0,,,0.0,1:-0.10 / 2:0.05 / 3:0.24 / 4:0.00 / 5:0.07 / 6:-0.03,1:B2 / B2 / B1 / B1 / 2:B1 / B1 / B1 / B1 / 3:B1 / B1 / B1 / B1 / 4:B1 / B1 / B1 / B1 / 5:A2 / A2 / A2 / A1 / 6:B1 / B1 / B1 / B1,1:島崎丈一 / 2:香月大介 / 3:細川明人 / 4:岡部大輔 / 5:是澤孝宏 / 6:加木 郁,1:-勝率|+当地|-モータ|-ST|-コース|-級別 / 2:-勝率|+当地|-モータ|-コース / 3:-勝率|+当地|-モータ|-コース|-近況 / 4:-勝率|+当地|-モータ|-コース|-近況 / 5:+当地|-モータ|-コース|+級別 / 6:-モータ|-コース|+近況,1:-勝率|+当地|-モータ|-ST|-コース|-級別 / 2:-勝率|+当地|-モータ|-コース / 3:-勝率|+当地|-モータ|-コース|-近況 / 4:-勝率|+当地|-モータ|-コース|-近況 / 5:+当地|-モータ|-コース|+級別 / 6:-モータ|-コース|+近況,,,,,,,,,,2026-04-24 23:48:26 JST,,,100,,,,3連単,4,,1.19,base素材保留,base素材保留 / 当地巧者 / 級別傾向強い,2026-04-24 23:28:20 JST,,0
2026-04-24,12:04,鳴門,8R,8,official_all,★☆☆☆☆,3-6-2 / 3-2-6 / 3-6-4 / 3-2-4 / 3-4-6 / 3-4-2,3.51,AI★★★★★,6-3-1 / 6-3-2 / 6-3-5 / 6-3-4 / 6-1-3 / 6-1-2,base土台○ / 選手力上位 / 級別傾向強い / インやや強め,3.61,AI★★★★☆,1-6-4 / 6-3-1 / 1-6-5 / 4-6-1 / 2-6-4 / 6-1-2,買い,"公式低評価AI検証 / 朝:base土台○ / 選手力上位 / 級別傾向強い / インやや強め / base土台をやや保持 / 直前:展示差あり / 展示タイム差を確認 / 気象安定 / 足:足差あり / 展示F:1,3注意 / チルト高:6:3 / 部品交換:3,4,6 / 足:2号艇足色良さげ / 整備:チルト:1:0,2:0,3:-0.5,4:0,5:-0.5,6:3 / 部品交換:3:ピストン,リング,ピストンリング,電気,電気一式,4:ピストン,リング,ピストンリング,電気,電気一式,キャブ,キャブレタ,6:ピストン,リング,ピストンリング,シリンダ,ギヤケース,電気,電気一式,キャブ,キャブレタ,シャフト,クランク / 直前差中で少し動かす / 隊形:1逃げ本線 / 6一撃注意",2026-04-24 23:48:26 JST,"[""6.71"", ""6.87"", ""6.84"", ""6.70"", ""6.74"", ""6.65""]",1:3 / 2:6 / 3:5 / 4:2 / 5:4 / 6:1,雨,2.0,2.0,,,0.08,1:0.03 / 2:-0.15 / 3:-0.23 / 4:0.00 / 5:-0.09 / 6:0.13,1:B1 / B1 / B1 / B1 / 2:B1 / B1 / B2 / B1 / 3:B1 / A2 / B1 / B1 / 4:B2 / B1 / B1 / B1 / 5:B2 / B1 / B1 / B1 / 6:A2 / A2 / A2 / A2,1:貫地谷直 / 2:安藤裕貴 / 3:山口広樹 / 4:大谷健太 / 5:向井田直 / 6:笠置博之,1:-勝率|+当地|-モータ|-コース / 2:-勝率|+当地|-モータ|-コース|-級別 / 3:-勝率|+当地|-モータ|-コース|-近況 / 4:-勝率|+当地|-モータ|-ST|-コース|-近況 / 5:+当地|-モータ|-コース|-近況|-級別 / 6:-モータ|-コース|+級別,1:-勝率|+当地|-モータ|-コース / 2:-勝率|+当地|-モータ|-コース|-級別 / 3:-勝率|+当地|-モータ|-コース|-近況 / 4:-勝率|+当地|-モータ|-ST|-コース|-近況 / 5:+当地|-モータ|-コース|-近況|-級別 / 6:-モータ|-コース|+級別,,,,,,,,,,2026-04-24 23:48:26 JST,,,100,,,,3連単,3,,0.25,base素材危険,base素材危険 / 選手力上位 / 級別傾向強い,2026-04-24 23:28:20 JST,,0
2026-04-24,12:11,宮島,4R,4,official_all,★☆☆☆☆,5-2-3 / 5-3-2 / 5-2-4 / 5-3-4 / 5-4-2 / 5-4-3,6.15,AI★★★★★,6-5-3 / 6-5-2 / 6-5-1 / 6-5-4 / 6-3-5 / 6-3-2,base土台○ / 地力上位 / 当地巧者 / ST良好 / 級別傾向強い / 差しやや警戒,6.21,AI★★★★★,1-2-4 / 4-2-5 / 2-4-5 / 3-2-4 / 6-5-4 / 6-5-3,様子見,"公式低評価AI検証 / 朝:base土台○ / 地力上位 / 当地巧者 / ST良好 / 級別傾向強い / 差しやや警戒 / base土台をやや保持 / 直前:展示差ややあり / 展示タイム差を確認 / 展示F:6注意 / 足:ST気配あり / 部品交換:6 / 足:4号艇足色良さげ / 整備:チルト:1:-0.5,2:-0.5,3:-0.5,4:-0.5,5:-0.5,6:0 / 部品交換:6:ピストン / 直前差中で少し動かす / 隊形:4攻め注意 / 2差し注意",2026-04-24 23:48:26 JST,"[""6.80"", ""6.69"", ""6.74"", ""6.73"", ""6.73"", ""6.77""]",1:6 / 2:1 / 3:4 / 4:2 / 5:2 / 6:5,曇,3.0,3.0,,,0.0,1:-0.05 / 2:0.15 / 3:-0.11 / 4:0.25 / 5:0.00 / 6:-0.10,1:A1 / A1 / A1 / A1 / 2:A1 / A1 / A1 / A1 / 3:A1 / A1 / A1 / A1 / 4:A1 / A1 / A1 / A2 / 5:A1 / A1 / A1 / A1 / 6:A1 / A1 / A1 / A1,1:守田俊介 / 2:湯川浩司 / 3:林 美憲 / 4:仲口博崇 / 5:瓜生正義 / 6:重成一人,1:-勝率|+当地|-モータ|+級別 / 2:-勝率|+当地|-モータ|+級別 / 3:-勝率|+当地|-モータ|-近況|+級別 / 4:+勝率|+当地|-モータ|-コース|-近況|+級別 / 5:+別格|+勝率|+当地|-モータ|-コース|-近況 / 6:+勝率|+当地|-モータ|+ST|-コース|+級別,1:-勝率|+当地|-モータ|+級別 / 2:-勝率|+当地|-モータ|+級別 / 3:-勝率|+当地|-モータ|-近況|+級別 / 4:+勝率|+当地|-モータ|-コース|-近況|+級別 / 5:+別格|+勝率|+当地|-モータ|-コース|-近況 / 6:+勝率|+当地|-モータ|+ST|-コース|+級別,,,,,,,,,,2026-04-24 23:48:26 JST,,,100,,,,3連単,4,,8.21,base素材◎,base素材◎ / 地力上位 / 当地巧者 / ST良好 / 級別傾向強い,2026-04-24 23:28:20 JST,,0
2026-04-24,12:16,常滑,5R,5,official_all,★★★★☆,6-1-2 / 6-2-1 / 6-1-3 / 6-2-3 / 6-3-1 / 6-3-2,8.19,AI★★★★★,6-1-5 / 6-1-2 / 6-1-3 / 6-1-4 / 6-5-1 / 6-5-2,base保留 / 地力上位 / 級別傾向強い / 差しやや警戒,8.38,AI★★★★★,1-3-6 / 3-1-6 / 6-1-3 / 4-6-3 / 1-6-3 / 6-1-5,買い,"朝:base保留 / 地力上位 / 級別傾向強い / 差しやや警戒 / base保留で買い上げ慎重 / 直前:展示差ややあり / 展示タイム差を確認 / 進入:1-2-3-6-4-5 / 前づけで波乱含み / 気象安定 / 足:ST気配あり / 足:進入変化 / 部品交換:1 / 6前づけ / 整備:チルト:1:0,2:-0.5,3:-0.5,4:-0.5,5:0,6:-0.5 / 部品交換:1:ピストン,リング / 進入変化ありで直前重視 / 隊形:3攻め注意 / 6一撃注意 / 進入:1-2-3-6-4-5",2026-04-24 23:48:26 JST,"[""6.68"", ""6.79"", ""6.73"", ""6.75"", ""6.73"", ""6.68""]",1:1 / 2:6 / 3:3 / 4:5 / 5:3 / 6:1,曇,1.0,0.0,,,0.1,1:0.22 / 2:-0.30 / 3:0.25 / 4:-0.16 / 5:-0.06 / 6:0.18,1:A2 / A1 / A2 / A1 / 2:B1 / B1 / B1 / A2 / 3:B1 / B1 / B1 / B1 / 4:B2 / B2 / B2 / B2 / 5:B1 / B1 / B1 / B1 / 6:A1 / A1 / A1 / A1,1:藤山翔大 / 2:佐藤 旭 / 3:齋藤和政 / 4:中村紋夕 / 5:吉田翔悟 / 6:河合佑樹,1:-勝率|+当地|-モータ|+級別 / 2:-勝率|+当地|-モータ / 3:-勝率|+当地|-モータ|-コース|-近況 / 4:-勝率|+当地|-モータ|-ST|-コース|-近況 / 5:+当地|-モータ|-コース|-近況 / 6:+勝率|-モータ|-コース|-近況|+級別,1:-勝率|+当地|-モータ|+級別 / 2:-勝率|+当地|-モータ / 3:-勝率|+当地|-モータ|-コース|-近況 / 4:-勝率|+当地|-モータ|-ST|-コース|-近況 / 5:+当地|-モータ|-コース|-近況 / 6:+勝率|-モータ|-コース|-近況|+級別,,,,,,,,,,2026-04-24 23:48:26 JST,,,100,,,,3連単,4,,4.96,base素材○,base素材○ / 地力上位 / 級別傾向強い,2026-04-24 23:28:20 JST,,0
2026-04-24,12:19,児島,4R,4,official_all,★★★★★,2-6-4 / 2-4-6 / 2-6-3 / 2-4-3 / 2-3-6 / 2-3-4,3.78,AI★★★★★,2-6-5 / 2-6-4 / 2-6-1 / 2-6-3 / 2-5-6 / 2-5-4,base土台◎ / 当地巧者 / 級別傾向強い / インやや強め,3.86,AI★★★★☆,1-6-4 / 6-1-4 / 1-4-6 / 2-6-4 / 2-6-1 / 2-6-5,買い,"朝:base土台◎ / 当地巧者 / 級別傾向強い / インやや強め / base土台を強めに保持 / 直前:展示F:4注意 / 足:ST気配あり / 部品交換:5,6 / 足:1号艇足色良さげ / 整備:チルト:1:-0.5,2:0,3:-0.5,4:-0.5,5:0,6:-0.5 / 部品交換:5:ピストン,リング,ピストンリング,6:ピストン,リング,ピストンリング,シリンダ,ギヤケース,電気,電気一式,キャブ,キャブレタ,シャフト,クランク / 直前差中で少し動かす / 隊形:1逃げ本線 / 開催:2日目でやや本命寄り",2026-04-24 23:48:26 JST,"[""6.76"", ""6.74"", ""6.77"", ""6.70"", ""6.74"", ""6.68""]",1:5 / 2:3 / 3:6 / 4:2 / 5:3 / 6:1,曇,3.0,3.0,,,0.0,1:0.24 / 2:-0.16 / 3:-0.10 / 4:0.01 / 5:-0.09 / 6:0.11,1:B1 / B1 / B2 / B1 / 2:A1 / A1 / A2 / A1 / 3:B2 / B1 / B1 / B1 / 4:B1 / B1 / B1 / A2 / 5:B1 / A2 / B1 / B1 / 6:A2 / A2 / A2 / A2,1:清水紀克 / 2:秦 英悟 / 3:藤井公人 / 4:岩津徹郎 / 5:森安弘雅 / 6:室田泰史,1:-勝率|+当地|-モータ|-コース|-級別 / 2:-勝率|+当地|-モータ|-コース|+級別 / 3:-勝率|+当地|-モータ|-ST|-コース|-近況 / 4:-勝率|+当地|-モータ|-コース|-近況 / 5:+当地|-モータ|-コース|-近況 / 6:+当地|-モータ|-コース|+級別,1:-勝率|+当地|-モータ|-コース|-級別 / 2:-勝率|+当地|-モータ|-コース|+級別 / 3:-勝率|+当地|-モータ|-ST|-コース|-近況 / 4:-勝率|+当地|-モータ|-コース|-近況 / 5:+当地|-モータ|-コース|-近況 / 6:+当地|-モータ|-コース|+級別,,,,,,,,,,2026-04-24 23:48:26 JST,,,100,,,,3連単,2,,2.88,base素材○,base素材○ / 当地巧者 / 級別傾向強い,2026-04-24 23:28:20 JST,,0
2026-04-24,12:22,平和島,4R,4,official_all,★★★★★,5-2-4 / 5-4-2 / 5-2-3 / 5-4-3 / 5-3-2 / 5-3-4,5.17,AI★★★★★,5-2-4 / 5-2-3 / 5-2-1 / 5-2-6 / 5-4-2 / 5-4-3,base保留 / 当地巧者 / 級別傾向強い / 攻めやや注意,5.31,AI★★★★★,1-2-5 / 2-1-5 / 1-2-4 / 4-2-1 / 5-2-4 / 5-2-1,買い,"朝:base保留 / 当地巧者 / 級別傾向強い / 攻めやや注意 / base保留で買い上げ慎重 / 直前:展示差ややあり / 展示タイム差を確認 / 気象安定 / 足:足差ややあり / 足:ST気配あり / 部品交換:5,6 / 足:1号艇足色良さげ / 整備:チルト:1:-0.5,2:-0.5,3:-0.5,4:0,5:0,6:-0.5 / 部品交換:5:ピストン,リング,ピストンリング,6:ピストン,リング,ピストンリング,シリンダ,ギヤケース,電気,電気一式,キャブ,キャブレタ,シャフト,クランク / 直前差中で少し動かす / 隊形:1逃げ本線 / 2差し注意",2026-04-24 23:48:26 JST,"[""6.72"", ""6.74"", ""6.85"", ""6.82"", ""6.73"", ""6.83""]",1:1 / 2:3 / 3:6 / 4:4 / 5:2 / 6:5,曇,2.0,3.0,,,0.04,1:0.53 / 2:0.08 / 3:-0.26 / 4:-0.12 / 5:0.06 / 6:-0.28,1:B1 / B1 / B1 / B2 / 2:A2 / A2 / A2 / A2 / 3:B1 / B1 / B1 / B2 / 4:B1 / B1 / A2 / B1 / 5:A1 / A1 / B1 / A2 / 6:B2 / B2,1:鈴木唯央 / 2:木和 / 3:森作広大 / 4:渡邉英児 / 5:高憧四季 / 6:真田聖也,1:-勝率|+当地|-モータ|-コース|-級別 / 2:-勝率|+当地|-モータ|-コース|+級別 / 3:-勝率|+当地|-モータ|-コース|-近況|-級別 / 4:-勝率|+当地|-モータ|-コース|-近況 / 5:+当地|-モータ|-コース|-近況|+級別 / 6:+当地|-モータ|-コース|-級別,1:-勝率|+当地|-モータ|-コース|-級別 / 2:-勝率|+当地|-モータ|-コース|+級別 / 3:-勝率|+当地|-モータ|-コース|-近況|-級別 / 4:-勝率|+当地|-モータ|-コース|-近況 / 5:+当地|-モータ|-コース|-近況|+級別 / 6:+当地|-モータ|-コース|-級別,,,,,,,,,,2026-04-24 23:48:26 JST,,,100,,,,3連単,4,,2.47,base素材○,base素材○ / 当地巧者 / 級別傾向強い,2026-04-24 23:28:20 JST,,0
2026-04-24,12:25,唐津,9R,9,official_all,★★★★☆,3-1-4 / 3-4-1 / 3-1-5 / 3-4-5 / 3-5-1 / 3-5-4,6.61,AI★★★★★,3-6-5 / 3-6-1 / 3-6-4 / 3-6-2 / 3-5-6 / 3-5-1,base土台○ / 級別傾向強い / 中枠攻め候補 / 攻めやや注意,6.56,AI★★★★★,1-2-3 / 3-2-4 / 2-3-4 / 4-2-3 / 3-6-4 / 3-6-5,買い,"朝:base土台○ / 級別傾向強い / 中枠攻め候補 / 攻めやや注意 / base土台をやや保持 / 直前:展示差あり / 展示タイム差を確認 / 気象荒れ気味 / 風速7m / 波高7cm / 足:足差ややあり / 展示F:1注意 / 足:ST気配あり / 安定板使用 / 部品交換:5 / 整備:安定板使用 / チルト:1:0,2:0,3:0,4:-0.5,5:0,6:0 / 部品交換:5:ピストン / 直前差中で少し動かす / 隊形:3攻め注意 / 2差し注意 / 開催:2日目でやや本命寄り",2026-04-24 23:48:26 JST,"[""7.04"", ""6.92"", ""6.92"", ""6.97"", ""6.96"", ""7.08""]",1:5 / 2:1 / 3:1 / 4:4 / 5:3 / 6:6,晴,7.0,7.0,,,-0.36,1:-0.30 / 2:0.21 / 3:0.42 / 4:0.14 / 5:-0.13 / 6:-0.38,1:B1 / B1 / B1 / B1 / 2:B2 / B1 / B1 / B1 / 3:A1 / A1 / A1 / A1 / 4:B1 / B1 / B1 / B1 / 5:B1 / B1 / B1 / B1 / 6:B1 / B1 / B1 / B1,1:塩崎優司 / 2:相馬 翔 / 3:白水勝也 / 4:酒井陽祐 / 5:井上 茂 / 6:佐竹友樹,1:-勝率|+当地|-モータ|-コース / 2:-勝率|-モータ|-ST|-コース|-級別 / 3:-勝率|-当地|-モータ|-コース|-近況|+級別 / 4:-勝率|-当地|-モータ|-ST|-コース|-近況 / 5:+当地|-モータ|-コース / 6:+当地|-モータ|-コース,1:-勝率|+当地|-モータ|-コース / 2:-勝率|-モータ|-ST|-コース|-級別 / 3:-勝率|-当地|-モータ|-コース|-近況|+級別 / 4:-勝率|-当地|-モータ|-ST|-コース|-近況 / 5:+当地|-モータ|-コース / 6:+当地|-モータ|-コース,,,,,,,,,,2026-04-24 23:48:26 JST,,,100,,,,3連単,2,,2.84,base素材○,base素材○ / 級別傾向強い / 中枠攻め候補,2026-04-24 23:28:20 JST,,0
2026-04-24,12:27,津,5R,5,official_all,★★☆☆☆,1-6-5 / 1-5-6 / 1-6-4 / 1-5-4 / 1-4-6 / 1-4-5,-0.4,AI★☆☆☆☆,1-5-6 / 1-5-2 / 1-5-3 / 1-5-4 / 1-6-5 / 1-6-2,base保留 / 当地巧者 / 1号艇有利,-0.34,AI★☆☆☆☆,1-5-3 / 3-1-5 / 1-5-6 / 2-1-3 / 1-3-5 / 3-1-2,見送り寄り,"公式低評価AI検証 / 朝:base保留 / 当地巧者 / 1号艇有利 / base保留で買い上げ慎重 / 直前:気象安定 / 足:ST気配あり / 部品交換:1,4,6 / 整備:チルト:1:-0.5,2:0,3:-0.5,4:-0.5,5:-0.5,6:-0.5 / 部品交換:1:ピストン,リング,ピストンリング,電気,4:ピストン,リング,ピストンリング,電気,電気一式,キャブ,6:ピストン,リング,ピストンリング,シリンダ,ギヤ,電気,電気一式,キャブ,キャブレタ,シャフト,クランク / 直前差中で少し動かす / 隊形:3攻め注意 / 1逃げ本線",2026-04-24 23:48:26 JST,"[""6.77"", ""6.78"", ""6.73"", ""6.81"", ""6.73"", ""6.77""]",1:3 / 2:5 / 3:1 / 4:6 / 5:1 / 6:3,曇,2.0,1.0,,,0.09,1:0.11 / 2:0.00 / 3:0.16 / 4:-0.20 / 5:0.02 / 6:-0.04,1:A2 / B1 / B1 / A2 / 2:B1 / B1 / B1 / B1 / 3:B1 / B1 / B1 / B2 / 4:B2 / B1 / A2 / B1 / 5:B1 / B1 / B1 / B1 / 6:B1 / B1 / B2 / B1,1:土屋実沙 / 2:佐藤ほの / 3:河内悠利 / 4:中澤宏奈 / 5:加藤 綾 / 6:野田なづ,1:-勝率|+当地|-モータ|+級別 / 2:-勝率|+当地|-モータ / 3:-勝率|+当地|-モータ|-近況|-級別 / 4:-勝率|+当地|-モータ|-ST|-近況|-級別 / 5:+当地|-モータ|-コース|-近況 / 6:+当地|-モータ|-コース|-級別,1:-勝率|+当地|-モータ|+級別 / 2:-勝率|+当地|-モータ / 3:-勝率|+当地|-モータ|-近況|-級別 / 4:-勝率|+当地|-モータ|-ST|-近況|-級別 / 5:+当地|-モータ|-コース|-近況 / 6:+当地|-モータ|-コース|-級別,,,,,,,,,,2026-04-24 23:48:26 JST,,,100,,,,3連単,4,,-1.51,base素材危険,base素材危険 / 当地巧者 / 1号艇有利,2026-04-24 23:28:20 JST,,0
2026-04-24,12:33,徳山,9R,9,official_all,★★★★☆,5-1-4 / 5-4-1 / 5-1-2 / 5-4-2 / 5-2-1 / 5-2-4,-0.59,AI★☆☆☆☆,5-1-6 / 5-1-3 / 5-1-2 / 5-1-4 / 5-6-1 / 5-6-3,base危険 / 級別傾向強い,-0.44,AI★☆☆☆☆,1-5-6 / 5-1-6 / 1-5-2 / 2-5-1 / 4-5-1 / 1-5-4,見送り寄り,"朝:base危険 / 級別傾向強い / base危険で買い上げ抑制 / 直前:進入:1-5-2-3-4-6 / 前づけで波乱含み / 足:ST気配あり / 足:進入変化 / 部品交換:1,3,5,6 / 5前づけ / 足:1号艇足色良さげ / 足:5前づけ注意 / 整備:チルト:1:-0.5,2:0,3:0.5,4:0,5:0,6:-0.5 / 部品交換:1:ピストン,リング,ピストンリング,3:ピストン,リング,ピストンリング,シリンダ,キャリア,キャリアボデー,ギヤケース,電気,電気一式,キャブ,キャブレタ,シャフト,クランク,プロペラ,ペラ,5:ピストン,6:ピストン,リング,ピストンリング,シリンダ,電気,電気一式,キャブ,キャブレタ / 進入変化ありで直前重視 / 隊形:1逃げ本線 / 5一撃注意 / 進入:1-5-2-3-4-6",2026-04-24 23:48:26 JST,"[""7.01"", ""7.06"", ""7.08"", ""7.07"", ""6.99"", ""7.01""]",1:2 / 2:4 / 3:6 / 4:5 / 5:1 / 6:2,曇,3.0,3.0,,,0.0,1:0.28 / 2:-0.13 / 3:-0.20 / 4:-0.13 / 5:0.34 / 6:-0.10,1:A2 / B1 / B1 / B1 / 2:B1 / B1 / B1 / B1 / 3:B1 / B1 / B1 / B1 / 4:B1 / B1 / B1 / B1 / 5:A2 / B1 / B1 / A1 / 6:B1 / B1 / B1 / B2,1:富永大一 / 2:金子貴志 / 3:田中 堅 / 4:松田憲幸 / 5:正木聖賢 / 6:長谷川暖,1:-勝率|+当地|-モータ|+級別 / 2:-勝率|-モータ|-ST / 3:-勝率|+当地|-モータ|-近況 / 4:-勝率|-当地|-モータ|-ST / 5:-当地|-モータ|+級別 / 6:-モータ|-近況|-級別,1:-勝率|+当地|-モータ|+級別 / 2:-勝率|-モータ|-ST / 3:-勝率|+当地|-モータ|-近況 / 4:-勝率|-当地|-モータ|-ST / 5:-当地|-モータ|+級別 / 6:-モータ|-近況|-級別,,,,,,,,,,2026-04-24 23:48:26 JST,,,100,,,,3連単,4,,-1.64,base素材危険,base素材危険 / 級別傾向強い,2026-04-24 23:28:20 JST,,0
2026-04-24,12:36,福岡,1R,1,official_all,★★☆☆☆,1-2-3 / 1-3-2 / 1-2-5 / 1-3-5 / 1-5-2 / 1-5-3,0.63,AI★★☆☆☆,1-6-5 / 1-6-4 / 1-6-3 / 1-6-2 / 1-5-6 / 1-5-4,base土台○ / 当地巧者 / 級別傾向強い / 1号艇有利 / 差しやや警戒,0.64,AI★☆☆☆☆,1-2-3 / 3-2-5 / 2-3-5 / 5-2-3 / 1-6-3 / 1-6-5,見送り寄り,"公式低評価AI検証 / 朝:base土台○ / 当地巧者 / 級別傾向強い / 1号艇有利 / 差しやや警戒 / base土台をやや保持 / 直前:展示差ややあり / 展示タイム差を確認 / 気象荒れ気味 / 波高5cm / 足:ST気配あり / 部品交換:5,6 / 足:3号艇足色良さげ / 整備:チルト:1:0,2:0,3:0.5,4:-0.5,5:-0.5,6:-0.5 / 部品交換:5:ピストン,リング,ピストンリング,6:ピストン,リング,ピストンリング,シリンダ,ギヤケース,電気,電気一式,キャブ,キャブレタ,シャフト,クランク / 直前差中で少し動かす / 隊形:3攻め注意 / 2差し注意",2026-04-24 23:48:26 JST,"[""6.81"", ""6.78"", ""6.78"", ""6.88"", ""6.82"", ""6.89""]",1:3 / 2:1 / 3:1 / 4:5 / 5:4 / 6:6,晴,5.0,5.0,,,-0.2,1:-0.18 / 2:0.11 / 3:0.32 / 4:-0.04 / 5:0.05 / 6:-0.24,1:A2 / A2 / A2 / A2 / 2:B1 / B2 / B1 / A2 / 3:B1 / B1 / B1 / A2 / 4:B1 / B1 / B1 / B1 / 5:B1 / B1 / B1 / A2 / 6:B1 / B1 / B1 / A2,1:藤田浩人 / 2:孫崎百世 / 3:向所浩二 / 4:水口由紀 / 5:海老澤泰 / 6:吉田 光,1:-勝率|+当地|-モータ|-コース|+級別 / 2:-勝率|+当地|-モータ|-コース|-級別 / 3:-勝率|+当地|-モータ|-コース|-近況 / 4:-勝率|+当地|-モータ|-コース|-近況 / 5:+当地|-モータ|-コース|-近況 / 6:+当地|-モータ|-コース,1:-勝率|+当地|-モータ|-コース|+級別 / 2:-勝率|+当地|-モータ|-コース|-級別 / 3:-勝率|+当地|-モータ|-コース|-近況 / 4:-勝率|+当地|-モータ|-コース|-近況 / 5:+当地|-モータ|-コース|-近況 / 6:+当地|-モータ|-コース,,,,,,,,,,2026-04-24 23:48:26 JST,,,100,,,,3連単,5,,-0.22,base素材危険,base素材危険 / 当地巧者 / 級別傾向強い / 1号艇有利,2026-04-24 23:28:20 JST,,0
2026-04-24,12:38,鳴門,9R,9,official_all,★★☆☆☆,6-5-4 / 6-4-5 / 6-5-3 / 6-4-3 / 6-3-5 / 6-3-4,2.69,AI★★★★★,6-5-4 / 6-5-1 / 6-5-3 / 6-5-2 / 6-4-5 / 6-4-1,base土台○ / 選手力上位 / 級別傾向強い / インやや強め,2.81,AI★★★☆☆,1-2-6 / 1-2-5 / 1-5-2 / 2-1-6 / 6-5-1 / 6-5-4,買い,"公式低評価AI検証 / 朝:base土台○ / 選手力上位 / 級別傾向強い / インやや強め / base土台をやや保持 / 直前:展示差あり / 展示タイム差を確認 / 気象安定 / 足:足差あり / 展示F:1,2,3注意 / 足:ST気配あり / チルト高:6:1 / 部品交換:2,4,5,6 / 足:5号艇足色良さげ / 整備:チルト:1:0,2:-0.5,3:-0.5,4:0,5:0,6:1 / 部品交換:2:ピストン,リング,ピストンリング,4:ピストン,5:ピストン,リング,ピストンリング,シリンダ,キャリア,キャリアボデー,ギヤケース,電気,電気一式,キャブ,キャブレタ,シャフト,クランク,6:ピストン,リング,ピストンリング,シリンダ,電気,電気一式,キャブ,キャブレタ / 直前差小で朝寄り / 朝評価をやや優先 / 隊形:1逃げ本線",2026-04-24 23:48:26 JST,"[""6.73"", ""6.79"", ""6.92"", ""6.92"", ""6.89"", ""6.83""]",1:1 / 2:2 / 3:5 / 4:5 / 5:4 / 6:3,雨,2.0,2.0,,,0.08,1:0.39 / 2:0.07 / 3:-0.22 / 4:-0.51 / 5:0.02 / 6:-0.04,1:B1 / B1 / B1 / B1 / 2:B2 / B1 / B1 / B1 / 3:B1 / B1 / B1 / B1 / 4:B1 / B1 / B1 / B1 / 5:B1 / B1 / B1 / A2 / 6:A2 / A2 / A2 / A2,1:池上隆行 / 2:星野政彦 / 3:中里昌志 / 4:大井清貴 / 5:寳田亮治 / 6:酒見峻介,1:-勝率|+当地|-モータ|-コース / 2:-勝率|+当地|-モータ|-ST|-コース|-級別 / 3:-勝率|-当地|-モータ|-ST|-コース|-近況 / 4:-勝率|+当地|-モータ|-コース|-近況 / 5:+当地|-モータ|-コース / 6:-モータ|-コース|-近況|+級別,1:-勝率|+当地|-モータ|-コース / 2:-勝率|+当地|-モータ|-ST|-コース|-級別 / 3:-勝率|-当地|-モータ|-ST|-コース|-近況 / 4:-勝率|+当地|-モータ|-コース|-近況 / 5:+当地|-モータ|-コース / 6:-モータ|-コース|-近況|+級別,,,,,,,,,,2026-04-24 23:48:26 JST,,,100,,,,3連単,3,,0.5,base素材危険,base素材危険 / 選手力上位 / 級別傾向強い,2026-04-24 23:28:20 JST,,0
2026-04-24,12:43,常滑,6R,6,official_all,★★★★☆,1-3-5 / 1-5-3 / 1-3-4 / 1-5-4 / 1-4-3 / 1-4-5,4.21,AI★★★★★,1-3-5 / 1-3-6 / 1-3-4 / 1-3-2 / 1-5-3 / 1-5-6,base土台◎ / 当地巧者 / 級別傾向強い / 1号艇有利 / 差しやや警戒,4.35,AI★★★★★,1-3-6 / 6-1-5 / 1-3-5 / 3-6-1 / 2-6-1 / 1-5-6,様子見,"朝:base土台◎ / 当地巧者 / 級別傾向強い / 1号艇有利 / 差しやや警戒 / base土台を強めに保持 / 直前:展示差ややあり / 展示タイム差を確認 / 気象安定 / 足:ST気配あり / 部品交換:3 / 足:6号艇足色良さげ / 整備:チルト:1:0,2:0,3:0,4:-0.5,5:0,6:-0.5 / 部品交換:3:電気 / 直前差中で少し動かす / 隊形:1逃げ本線 / 6一撃注意",2026-04-24 23:48:26 JST,"[""6.68"", ""6.75"", ""6.75"", ""6.78"", ""6.74"", ""6.76""]",1:1 / 2:3 / 3:3 / 4:6 / 5:2 / 6:5,曇,1.0,0.0,,,0.1,1:0.31 / 2:-0.16 / 3:-0.07 / 4:-0.19 / 5:-0.05 / 6:0.16,1:A1 / A2 / A1 / A1 / 2:B2 / B2 / B2 / B2 / 3:A2 / A2 / A2 / A1 / 4:B1 / B1 / B1 / B1 / 5:A2 / A2 / B1 / A2 / 6:B1 / B1 / B1 / B1,1:権藤俊光 / 2:井田涼介 / 3:一瀬 明 / 4:吉川勇作 / 5:原 豊土 / 6:久保原秀,1:-勝率|+当地|-モータ|+級別 / 2:-勝率|+当地|-モータ|-ST|-級別 / 3:-勝率|+当地|-モータ|-コース|-近況|+級別 / 4:-勝率|-モータ|-ST|-コース|-近況 / 5:+当地|-モータ|-コース|-近況|+級別 / 6:+当地|-モータ|-コース,1:-勝率|+当地|-モータ|+級別 / 2:-勝率|+当地|-モータ|-ST|-級別 / 3:-勝率|+当地|-モータ|-コース|-近況|+級別 / 4:-勝率|-モータ|-ST|-コース|-近況 / 5:+当地|-モータ|-コース|-近況|+級別 / 6:+当地|-モータ|-コース,,,,,,,,,,2026-04-24 23:48:26 JST,,,100,,,,3連単,4,,2.78,base素材○,base素材○ / 当地巧者 / 級別傾向強い / 1号艇有利,2026-04-24 23:28:20 JST,,0
2026-04-24,12:45,宮島,5R,5,official_all,★★☆☆☆,4-5-2 / 4-2-5 / 4-5-1 / 4-2-1 / 4-1-5 / 4-1-2,6.05,AI★★★★★,6-5-4 / 6-5-3 / 6-5-1 / 6-5-2 / 6-4-5 / 6-4-3,base土台○ / 地力上位 / 当地巧者 / ST良好 / 級別傾向強い / 差しやや警戒,6.13,AI★★★★★,1-4-5 / 4-1-5 / 1-5-4 / 2-1-4 / 6-5-1 / 6-5-4,買い,"公式低評価AI検証 / 朝:base土台○ / 地力上位 / 当地巧者 / ST良好 / 級別傾向強い / 差しやや警戒 / base土台をやや保持 / 直前:展示差ややあり / 展示タイム差を確認 / 足:足差ややあり / 足:ST気配あり / 部品交換:5,6 / ピット:1:+回り足 / 5:-伸び / 足:4号艇足色良さげ / 整備:チルト:1:-0.5,2:-0.5,3:0,4:-0.5,5:-0.5,6:0 / 部品交換:5:ピストン,リング,ピストンリング,6:ピストン,リング,ピストンリング,シリンダ,ギヤケース,電気,電気一式,キャブ,キャブレタ,シャフト,クランク / ピット:1:+回り足 / 5:-伸び / 直前差中で少し動かす / 隊形:1逃げ本線 / 4攻め注意",2026-04-24 23:48:26 JST,"[""6.63"", ""6.70"", ""6.76"", ""6.64"", ""6.68"", ""6.69""]",1:1 / 2:5 / 3:6 / 4:2 / 5:3 / 6:4,曇,3.0,3.0,,,0.0,1:0.28 / 2:-0.15 / 3:-0.26 / 4:0.27 / 5:-0.01 / 6:-0.09,1:A1 / A1 / A1 / A1 / 2:A1 / A2 / A1 / A1 / 3:A1 / A1 / A1 / A1 / 4:A1 / A1 / A1 / A1 / 5:A1 / A1 / A1 / A1 / 6:A1 / A1 / A1 / A1,1:平田忠則 / 2:福島勇樹 / 3:寺田 祥 / 4:池田浩二 / 5:中澤和志 / 6:平尾崇典,1:-勝率|+当地|-モータ|+級別 / 2:-勝率|+当地|-モータ|+級別 / 3:-勝率|+当地|-モータ|-近況|+級別 / 4:+別格|+勝率|+当地|-モータ|-近況|+級別 / 5:+勝率|+当地|-モータ|-近況|+級別 / 6:+勝率|+当地|-モータ|+ST|+級別,1:-勝率|+当地|-モータ|+級別 / 2:-勝率|+当地|-モータ|+級別 / 3:-勝率|+当地|-モータ|-近況|+級別 / 4:+別格|+勝率|+当地|-モータ|-近況|+級別 / 5:+勝率|+当地|-モータ|-近況|+級別 / 6:+勝率|+当地|-モータ|+ST|+級別,,,,,,,,,,2026-04-24 23:48:26 JST,,,100,,,,3連単,4,,8.3,base素材◎,base素材◎ / 地力上位 / 当地巧者 / ST良好 / 級別傾向強い,2026-04-24 23:28:20 JST,,0
2026-04-24,12:50,児島,5R,5,official_all,★★★★★,5-2-1 / 5-1-2 / 5-2-4 / 5-1-4 / 5-4-2 / 5-4-1,5.58,AI★★★★★,5-2-4 / 5-2-6 / 5-2-3 / 5-2-1 / 5-4-2 / 5-4-6,base土台○ / 当地巧者 / 級別傾向強い / インやや強め,5.65,AI★★★★★,1-3-5 / 3-1-5 / 3-5-1 / 5-2-1 / 5-2-3 / 5-2-4,買い,"朝:base土台○ / 当地巧者 / 級別傾向強い / インやや強め / base土台をやや保持 / 直前:気象安定 / 展示F:4,5,6注意 / 足:ST気配あり / 部品交換:6 / 足:3号艇足色良さげ / 整備:チルト:1:0,2:-0.5,3:0,4:-0.5,5:-0.5,6:-0.5 / 部品交換:6:キャブ / 直前差小で朝寄り / 朝評価をやや優先 / 隊形:3攻め注意 / 1逃げ本線 / 開催:2日目でやや本命寄り",2026-04-24 23:48:26 JST,"[""6.79"", ""6.81"", ""6.75"", ""6.81"", ""6.73"", ""6.80""]",1:3 / 2:5 / 3:2 / 4:5 / 5:1 / 6:4,曇,2.0,3.0,,,0.04,1:0.08 / 2:-0.15 / 3:0.28 / 4:-0.08 / 5:0.03 / 6:-0.11,1:B1 / B1 / B1 / B1 / 2:A2 / B1 / A2 / A2 / 3:B1 / B1 / B1 / B1 / 4:B1 / A2 / A2 / B1 / 5:A1 / A1 / A2 / A2 / 6:B1 / B1 / B1 / B1,1:吉永泰弘 / 2:渡部 悟 / 3:成貞琳平 / 4:小林文彦 / 5:鈴谷一平 / 6:山田和佐,1:-勝率|+当地|-モータ|-コース / 2:-勝率|+当地|-モータ|-コース|+級別 / 3:-勝率|+当地|-モータ|-コース|-近況 / 4:-勝率|+当地|-モータ|-コース|-近況|+級別 / 5:+当地|-モータ|-コース|-近況|+級別 / 6:+当地|-モータ|-コース,1:-勝率|+当地|-モータ|-コース / 2:-勝率|+当地|-モータ|-コース|+級別 / 3:-勝率|+当地|-モータ|-コース|-近況 / 4:-勝率|+当地|-モータ|-コース|-近況|+級別 / 5:+当地|-モータ|-コース|-近況|+級別 / 6:+当地|-モータ|-コース,,,,,,,,,,2026-04-24 23:48:26 JST,,,100,,,,3連単,2,,2.76,base素材○,base素材○ / 当地巧者 / 級別傾向強い,2026-04-24 23:28:20 JST,,0
2026-04-24,12:52,平和島,5R,5,official_all,★★★★☆,1-4-2 / 1-2-4 / 1-4-5 / 1-2-5 / 1-5-4 / 1-5-2,3.62,AI★★★★★,1-4-5 / 1-4-3 / 1-4-2 / 1-4-6 / 1-5-4 / 1-5-3,base土台◎ / 当地巧者 / 級別傾向強い / 1号艇有利 / 攻めやや注意,3.71,AI★★★★☆,1-6-5 / 6-2-5 / 6-5-1 / 1-5-3 / 1-4-6 / 1-4-5,見送り寄り,"朝:base土台◎ / 当地巧者 / 級別傾向強い / 1号艇有利 / 攻めやや注意 / base土台を強めに保持 / 直前:展示差あり / 展示タイム差を確認 / 風向北 / 足:足差ややあり / 展示F:5注意 / 足:ST気配あり / 部品交換:5,6 / 足:6号艇足色良さげ / 整備:チルト:1:-0.5,2:0,3:-0.5,4:-0.5,5:-0.5,6:-0.5 / 部品交換:5:ピストン,リング,ピストンリング,6:ピストン,リング,ピストンリング,シリンダ,ギヤケース,電気,電気一式,キャブ,キャブレタ,シャフト,クランク / 直前差中で少し動かす / 隊形:6一撃注意",2026-04-24 23:48:26 JST,"[""6.84"", ""6.79"", ""6.78"", ""6.88"", ""6.71"", ""6.74""]",1:5 / 2:4 / 3:3 / 4:6 / 5:1 / 6:2,晴,3.0,3.0,,北,0.0,1:-0.05 / 2:-0.05 / 3:-0.16 / 4:-0.26 / 5:0.07 / 6:0.28,1:A1 / B1 / A1 / A1 / 2:B1 / B1 / B1 / B1 / 3:B1 / B1 / B1 / B1 / 4:B1 / A2 / A2 / A1 / 5:B1 / B1 / B1 / B1 / 6:B2 / B2 / B1 / B2,1:谷野錬志 / 2:吉田宗弘 / 3:小黒竜吾 / 4:川北浩貴 / 5:雑賀勇貴 / 6:筒井美琴,1:-勝率|+当地|-モータ|-コース|+級別 / 2:-勝率|+当地|-モータ|-コース / 3:-勝率|+当地|-モータ|-コース|-近況 / 4:-勝率|+当地|-モータ|-コース|-近況|+級別 / 5:+当地|-モータ|-コース|-近況 / 6:+当地|-モータ|-コース|-級別,1:-勝率|+当地|-モータ|-コース|+級別 / 2:-勝率|+当地|-モータ|-コース / 3:-勝率|+当地|-モータ|-コース|-近況 / 4:-勝率|+当地|-モータ|-コース|-近況|+級別 / 5:+当地|-モータ|-コース|-近況 / 6:+当地|-モータ|-コース|-級別,,,,,,,,,,2026-04-24 23:48:26 JST,,,100,,,,3連単,4,,1.7,base素材保留,base素材保留 / 当地巧者 / 級別傾向強い / 1号艇有利,2026-04-24 23:28:20 JST,,0
2026-04-24,12:57,津,6R,6,official_all,★★★★☆,6-2-1 / 6-1-2 / 6-2-5 / 6-1-5 / 6-5-2 / 6-5-1,6.62,AI★★★★★,6-2-1 / 6-2-5 / 6-2-3 / 6-2-4 / 6-1-2 / 6-1-5,base土台○ / 地力上位 / 当地巧者 / ST良好 / 級別傾向強い / インやや強め,6.72,AI★★★★★,1-2-3 / 3-2-1 / 3-1-2 / 2-3-1 / 6-2-3 / 6-2-1,様子見,"朝:base土台○ / 地力上位 / 当地巧者 / ST良好 / 級別傾向強い / インやや強め / base土台をやや保持 / 直前:気象安定 / 風向西 / 足:ST気配あり / 部品交換:6 / 足:3号艇足色良さげ / 整備:チルト:1:-0.5,2:0,3:0,4:-0.5,5:0,6:-0.5 / 部品交換:6:キャブ / 直前差中で少し動かす / 隊形:3攻め注意 / 1逃げ本線",2026-04-24 23:48:26 JST,"[""6.74"", ""6.78"", ""6.74"", ""6.78"", ""6.75"", ""6.82""]",1:1 / 2:4 / 3:1 / 4:4 / 5:3 / 6:6,曇,2.0,1.0,,西,0.09,1:0.23 / 2:0.05 / 3:0.32 / 4:-0.13 / 5:-0.00 / 6:-0.20,1:A2 / B1 / B1 / B1 / 2:A1 / A2 / A2 / A2 / 3:B1 / B1 / B1 / B1 / 4:B2 / B2 / B2 / B2 / 5:A2 / B2 / B1 / B1 / 6:A1 / A2 / A1 / A1,1:上原健次 / 2:川崎智幸 / 3:小倉康典 / 4:西田和加 / 5:加藤高史 / 6:古賀繁輝,1:-勝率|+当地|-モータ|+級別 / 2:-勝率|+当地|-モータ|+級別 / 3:-勝率|+当地|-モータ|-近況 / 4:-勝率|+当地|-モータ|-ST|-近況|-級別 / 5:-モータ|-コース|-近況|+級別 / 6:+勝率|+当地|-モータ|+ST|-コース|+級別,1:-勝率|+当地|-モータ|+級別 / 2:-勝率|+当地|-モータ|+級別 / 3:-勝率|+当地|-モータ|-近況 / 4:-勝率|+当地|-モータ|-ST|-近況|-級別 / 5:-モータ|-コース|-近況|+級別 / 6:+勝率|+当地|-モータ|+ST|-コース|+級別,,,,,,,,,,2026-04-24 23:48:26 JST,,,100,,,,3連単,4,,4.23,base素材◎,base素材◎ / 地力上位 / 当地巧者 / ST良好 / 級別傾向強い,2026-04-24 23:28:20 JST,,0
2026-04-24,12:59,唐津,10R,10,official_all,★☆☆☆☆,3-5-6 / 3-6-5 / 3-5-1 / 3-6-1 / 3-1-5 / 3-1-6,8.66,AI★★★★★,5-3-6 / 5-3-4 / 5-3-2 / 5-3-1 / 5-6-3 / 5-6-4,base土台○ / 地力上位 / 当地巧者 / 級別傾向強い / 攻めやや注意,8.61,AI★★★★★,1-4-6 / 4-3-6 / 3-4-6 / 2-4-6 / 5-3-4 / 5-3-6,様子見,"公式低評価AI検証 / 朝:base土台○ / 地力上位 / 当地巧者 / 級別傾向強い / 攻めやや注意 / base土台をやや保持 / 直前:展示差あり / 展示タイム差を確認 / 気象荒れ気味 / 風速8m / 波高8cm / 足:足差あり / 展示F:3注意 / 足:ST気配あり / 安定板使用 / 部品交換:1,2,3,6 / 整備:安定板使用 / チルト:1:-0.5,2:0,3:0,4:0,5:0,6:0 / 部品交換:1:ピストン,リング,ピストンリング,2:ピストン,リング,ピストンリング,シリンダ,キャリア,キャリアボデー,ギヤケース,電気,電気一式,キャブ,キャブレタ,シャフト,クランク,3:ピストン,6:ピストン,リング,ピストンリング,シリンダ,電気,電気一式,キャブ,キャブレタ / 直前差大で直前重視 / 隊形:4攻め注意 / 開催:2日目でやや本命寄り",2026-04-24 23:48:26 JST,"[""7.06"", ""6.99"", ""6.95"", ""6.96"", ""7.04"", ""6.86""]",1:6 / 2:4 / 3:2 / 4:3 / 5:5 / 6:1,晴,8.0,8.0,,,-0.36,1:-0.15 / 2:-0.10 / 3:-0.00 / 4:0.08 / 5:-0.25 / 6:-0.01,1:B1 / B1 / B1 / B1 / 2:B1 / B1 / B1 / B1 / 3:A2 / A1 / A2 / A2 / 4:B1 / B1 / B1 / B1 / 5:A1 / A1 / A1 / A1 / 6:B1 / B1 / B1 / B1,1:岩川仁士 / 2:片岡秀樹 / 3:丹下 将 / 4:森清友翔 / 5:中辻博訓 / 6:富田恕生,1:-勝率|+当地|-モータ|-コース / 2:-勝率|+当地|-モータ|-コース / 3:-勝率|+当地|-モータ|-コース|-近況|+級別 / 4:-勝率|+当地|-モータ|-コース|-近況 / 5:+勝率|+当地|-モータ|-コース|-近況|+級別 / 6:-モータ|-コース,1:-勝率|+当地|-モータ|-コース / 2:-勝率|+当地|-モータ|-コース / 3:-勝率|+当地|-モータ|-コース|-近況|+級別 / 4:-勝率|+当地|-モータ|-コース|-近況 / 5:+勝率|+当地|-モータ|-コース|-近況|+級別 / 6:-モータ|-コース,,,,,,,,,,2026-04-24 23:48:26 JST,,,100,,,,3連単,2,,5.13,base素材○,base素材○ / 地力上位 / 当地巧者 / 級別傾向強い,2026-04-24 23:28:20 JST,,0
2026-04-24,13:02,福岡,2R,2,official_all,★★★★★,4-5-1 / 4-1-5 / 4-5-2 / 4-1-2 / 4-2-5 / 4-2-1,9.59,AI★★★★★,4-5-3 / 4-5-1 / 4-5-2 / 4-5-6 / 4-3-5 / 4-3-1,base土台○ / 地力上位 / 当地巧者 / 級別傾向強い / 中枠攻め候補 / 差しやや警戒,9.58,AI★★★★★,1-2-6 / 3-2-1 / 1-2-3 / 4-3-5 / 4-5-3 / 4-5-1,様子見,"朝:base土台○ / 地力上位 / 当地巧者 / 級別傾向強い / 中枠攻め候補 / 差しやや警戒 / base土台をやや保持 / 直前:展示差ややあり / 展示タイム差を確認 / 気象荒れ気味 / 風向南 / 波高5cm / 展示F:4,5,6注意 / 部品交換:2,3 / 足:3号艇足色良さげ / 整備:チルト:1:-0.5,2:-0.5,3:0,4:-0.5,5:-0.5,6:0.5 / 部品交換:2:リング,3:リング / 直前差小で朝寄り / 朝評価をやや優先 / 隊形:1逃げ本線 / 3攻め注意",2026-04-24 23:48:26 JST,"[""6.79"", ""6.79"", ""6.90"", ""6.89"", ""6.89"", ""6.84""]",1:1 / 2:1 / 3:6 / 4:4 / 5:4 / 6:3,晴,5.0,5.0,,南,-0.2,1:0.08 / 2:0.04 / 3:0.04 / 4:-0.02 / 5:-0.07 / 6:-0.00,1:B1 / B1 / B1 / B1 / 2:B1 / B2 / B1 / B1 / 3:B1 / B1 / B1 / B1 / 4:A1 / A1 / A1 / A1 / 5:B1 / B1 / B1 / B1 / 6:B2 / B2,1:梅原祥平 / 2:高山敬悟 / 3:松本弓雄 / 4:原田篤志 / 5:川崎公靖 / 6:古園井綾,1:-勝率|+当地|-モータ|-コース / 2:-勝率|+当地|-モータ|-コース|-級別 / 3:-勝率|+当地|-モータ|-コース|-近況 / 4:+勝率|+当地|-モータ|-コース|-近況|+級別 / 5:+当地|-モータ|-コース|-近況 / 6:+当地|-モータ|-コース|-級別,1:-勝率|+当地|-モータ|-コース / 2:-勝率|+当地|-モータ|-コース|-級別 / 3:-勝率|+当地|-モータ|-コース|-近況 / 4:+勝率|+当地|-モータ|-コース|-近況|+級別 / 5:+当地|-モータ|-コース|-近況 / 6:+当地|-モータ|-コース|-級別,,,,,,,,,,2026-04-24 23:48:26 JST,,,100,,,,3連単,5,,3.84,base素材○,base素材○ / 地力上位 / 当地巧者 / 級別傾向強い / 中枠攻め候補,2026-04-24 23:28:20 JST,,0
2026-04-24,13:05,徳山,10R,10,official_all,★☆☆☆☆,2-1-4 / 2-4-1 / 2-1-3 / 2-4-3 / 2-3-1 / 2-3-4,4.43,AI★★★★★,2-1-6 / 2-1-4 / 2-1-3 / 2-1-5 / 2-6-1 / 2-6-4,base土台◎ / 当地巧者 / 級別傾向強い,4.49,AI★★★★★,1-3-5 / 3-1-5 / 1-5-3 / 2-1-5 / 2-1-6 / 2-1-3,買い,"公式低評価AI検証 / 朝:base土台◎ / 当地巧者 / 級別傾向強い / base土台を強めに保持 / 直前:展示F:6注意 / 足:ST気配あり / 部品交換:1,2,4,6 / 足:1号艇足色良さげ / 整備:チルト:1:0,2:0,3:0,4:0,5:0,6:0 / 部品交換:1:ピストン,リング,ピストンリング,シリンダ,キャリア,キャリアボデー,ギヤケース,電気,電気一式,キャブ,キャブレタ,シャフト,クランク,プロペラ,ペラ,2:ピストン,リング,ピストンリング,シリンダ,キャリア,キャリアボデー,ギヤケース,電気,電気一式,キャブ,キャブレタ,シャフト,クランク,4:ピストン,リング,ピストンリング,6:ピストン / 直前差中で少し動かす / 隊形:1逃げ本線 / 2差し注意",2026-04-24 23:48:26 JST,"[""6.98"", ""7.03"", ""7.02"", ""7.03"", ""6.96"", ""7.00""]",1:2 / 2:5 / 3:4 / 4:5 / 5:1 / 6:3,晴,3.0,3.0,,,0.0,1:0.28 / 2:-0.07 / 3:0.05 / 4:-0.17 / 5:0.04 / 6:-0.03,1:A2 / A2 / A2 / A2 / 2:A1 / A1 / A2 / A2 / 3:B1 / B1 / B1 / B1 / 4:B1 / A2 / A2 / B1 / 5:B1 / B1 / B1 / B1 / 6:A2 / B1 / B1 / B1,1:鳥居塚孝 / 2:田中辰彦 / 3:柴田直哉 / 4:久田 武 / 5:佃 來紀 / 6:藤森陸斗,1:-勝率|+当地|-モータ|+級別 / 2:-勝率|+当地|-モータ|+級別 / 3:-勝率|+当地|-モータ|-ST|-近況 / 4:-勝率|-当地|-モータ|-ST|-近況|+級別 / 5:-当地|-モータ|-ST|-コース|-近況 / 6:-当地|-モータ|-コース|+近況|+級別,1:-勝率|+当地|-モータ|+級別 / 2:-勝率|+当地|-モータ|+級別 / 3:-勝率|+当地|-モータ|-ST|-近況 / 4:-勝率|-当地|-モータ|-ST|-近況|+級別 / 5:-当地|-モータ|-ST|-コース|-近況 / 6:-当地|-モータ|-コース|+近況|+級別,,,,,,,,,,2026-04-24 23:48:26 JST,,,100,,,,3連単,4,,2.19,base素材○,base素材○ / 当地巧者 / 級別傾向強い,2026-04-24 23:28:20 JST,,0
2026-04-24,13:10,常滑,7R,7,official_all,★★★★☆,5-1-2 / 5-2-1 / 5-1-6 / 5-2-6 / 5-6-1 / 5-6-2,8.17,AI★★★★★,5-2-6 / 5-2-1 / 5-2-4 / 5-2-3 / 5-6-2 / 5-6-1,base保留 / 地力上位 / 級別傾向強い / 差しやや警戒,8.26,AI★★★★★,1-2-5 / 5-2-6 / 2-5-1 / 3-2-5 / 6-2-5 / 5-2-1,見送り寄り,"朝:base保留 / 地力上位 / 級別傾向強い / 差しやや警戒 / base保留で買い上げ慎重 / 直前:気象安定 / 足:ST気配あり / 部品交換:5 / 足:5号艇足色良さげ / 整備:チルト:1:-0.5,2:0,3:-0.5,4:-0.5,5:-0.5,6:0 / 部品交換:5:ギヤ / 直前差中で少し動かす / 隊形:5一撃注意 / 1逃げ本線",2026-04-24 23:48:26 JST,"[""6.75"", ""6.66"", ""6.71"", ""6.74"", ""6.74"", ""6.74""]",1:6 / 2:1 / 3:2 / 4:3 / 5:3 / 6:3,曇,2.0,1.0,,,0.09,1:0.03 / 2:0.19 / 3:0.00 / 4:-0.18 / 5:0.14 / 6:-0.09,1:B1 / B1 / A2 / A2 / 2:A2 / A2 / A2 / B1 / 3:B1 / B1 / B2 / B2 / 4:B2 / A2 / B1 / B1 / 5:A1 / A1 / A1 / A1 / 6:B1 / B1 / B1 / B1,1:富山弘幸 / 2:中田夕貴 / 3:高田 綾 / 4:籾山佳岳 / 5:上條暢嵩 / 6:片岡大地,1:-勝率|+当地|-モータ|-コース / 2:-勝率|+当地|-モータ|-コース|+級別 / 3:-勝率|+当地|-モータ|-コース|-近況|-級別 / 4:-勝率|+当地|-モータ|-ST|-コース|-近況 / 5:+勝率|-モータ|-コース|-近況|+級別 / 6:-モータ|-コース,1:-勝率|+当地|-モータ|-コース / 2:-勝率|+当地|-モータ|-コース|+級別 / 3:-勝率|+当地|-モータ|-コース|-近況|-級別 / 4:-勝率|+当地|-モータ|-ST|-コース|-近況 / 5:+勝率|-モータ|-コース|-近況|+級別 / 6:-モータ|-コース,,,,,,,,,,2026-04-24 23:48:26 JST,,,100,,,,3連単,4,,3.99,base素材○,base素材○ / 地力上位 / 級別傾向強い,2026-04-24 23:28:20 JST,,0
2026-04-24,13:12,鳴門,10R,10,official_all,★★★☆☆,1-2-3 / 1-3-2 / 1-2-5 / 1-3-5 / 1-5-2 / 1-5-3,6.29,AI★★★★★,2-1-5 / 2-1-4 / 2-1-6 / 2-1-3 / 2-5-1 / 2-5-4,base土台◎ / 当地巧者 / 級別傾向強い / インやや強め,6.43,AI★★★★★,1-3-6 / 6-1-5 / 1-6-5 / 2-1-4 / 2-1-5 / 2-1-6,買い強め,"公式低評価AI検証 / 朝:base土台◎ / 当地巧者 / 級別傾向強い / インやや強め / base土台を強めに保持 / 直前:展示差あり / 展示タイム差を確認 / 気象安定 / 足:足差ややあり / 展示F:2,5注意 / 足:ST気配あり / チルト高:6:1 / 部品交換:1,2,4,6 / 足:1号艇足色良さげ / 整備:チルト:1:-0.5,2:-0.5,3:0,4:-0.5,5:0,6:1 / 部品交換:1:ピストン,リング,ピストンリング,2:ピストン,リング,ピストンリング,シリンダ,キャリア,キャリアボデー,ギヤケース,電気,電気一式,キャブ,キャブレタ,シャフト,クランク,4:ピストン,6:ピストン,リング,ピストンリング,シリンダ,電気,電気一式,キャブ,キャブレタ / 直前差中で少し動かす / 隊形:1逃げ本線",2026-04-24 23:48:26 JST,"[""6.74"", ""6.84"", ""6.82"", ""6.74"", ""6.77"", ""6.67""]",1:2 / 2:6 / 3:5 / 4:2 / 5:4 / 6:1,曇,1.0,1.0,,,0.1,1:0.35 / 2:-0.33 / 3:-0.15 / 4:-0.09 / 5:-0.11 / 6:-0.01,1:A2 / A1 / A2 / A1 / 2:A1 / A1 / A1 / A1 / 3:B1 / A2 / A2 / A2 / 4:A2 / A2 / A2 / A2 / 5:A2 / A1 / A2 / A2 / 6:A2 / B1 / B1 / B1,1:丸岡正典 / 2:土屋智則 / 3:松田竜馬 / 4:松本博昭 / 5:武重雄介 / 6:廣瀬 凜,1:-勝率|+当地|-モータ|-コース|+級別 / 2:-勝率|+当地|-モータ|-コース|+級別 / 3:-勝率|+当地|-モータ|-コース|-近況|+級別 / 4:-勝率|-モータ|-コース|-近況|+級別 / 5:-モータ|-コース|-近況|+級別 / 6:-当地|-モータ|-コース|+級別,1:-勝率|+当地|-モータ|-コース|+級別 / 2:-勝率|+当地|-モータ|-コース|+級別 / 3:-勝率|+当地|-モータ|-コース|-近況|+級別 / 4:-勝率|-モータ|-コース|-近況|+級別 / 5:-モータ|-コース|-近況|+級別 / 6:-当地|-モータ|-コース|+級別,,,,,,,,,,2026-04-24 23:48:26 JST,,,100,,,,3連単,3,,4.58,base素材○,base素材○ / 当地巧者 / 級別傾向強い,2026-04-24 23:28:20 JST,,0
2026-04-24,13:16,宮島,6R,6,official_all,★☆☆☆☆,5-2-6 / 5-6-2 / 5-2-1 / 5-6-1 / 5-1-2 / 5-1-6,5.12,AI★★★★★,5-6-4 / 5-6-3 / 5-6-2 / 5-6-1 / 5-4-6 / 5-4-3,base土台○ / 別格 / 地力上位 / 当地巧者 / 級別傾向強い,5.17,AI★★★★★,1-3-6 / 3-1-5 / 1-3-5 / 5-6-1 / 5-6-3 / 5-6-4,買い,"公式低評価AI検証 / 朝:base土台○ / 別格 / 地力上位 / 当地巧者 / 級別傾向強い / base土台をやや保持 / 直前:気象安定 / 展示F:4,5,6注意 / 足:ST気配あり / 部品交換:5,6 / ピット:1:+出足 / 2:+行き足 / 3:+行き足 / 6:+伸び|+出足 / 足:1号艇足色良さげ / 整備:チルト:1:-0.5,2:-0.5,3:-0.5,4:0,5:0,6:0 / 部品交換:5:ピストン,リング,ピストンリング,6:ピストン,リング,ピストンリング,シリンダ,ギヤケース,電気,電気一式,キャブ,キャブレタ,シャフト,クランク / ピット:1:+出足 / 2:+行き足 / 3:+行き足 / 6:+伸び|+出足 / 直前差小で朝寄り / 朝評価をやや優先 / 隊形:1逃げ本線 / 3攻め注意(相手寄り)",2026-04-24 23:48:26 JST,"[""6.71"", ""6.73"", ""6.68"", ""6.70"", ""6.68"", ""6.69""]",1:5 / 2:6 / 3:1 / 4:4 / 5:1 / 6:3,曇,2.0,2.0,,,0.08,1:0.35 / 2:-0.07 / 3:0.15 / 4:-0.01 / 5:-0.01 / 6:0.03,1:A1 / A1 / A1 / A1 / 2:A1 / A1 / A1 / A1 / 3:A1 / A1 / A1 / A1 / 4:A1 / A1 / A1 / A1 / 5:A1 / A1 / A1 / A1 / 6:A1 / A1 / A1 / A2,1:森高一真 / 2:古結 宏 / 3:君島秀三 / 4:松井 繁 / 5:白井英治 / 6:今垣光太,1:-勝率|+当地|-モータ|-コース|+級別 / 2:-勝率|+当地|-モータ|-コース|+級別 / 3:-勝率|+当地|-モータ|-コース|-近況|+級別 / 4:+勝率|+当地|-モータ|-コース|-近況|+級別 / 5:+別格|+勝率|+当地|-モータ|-コース|-近況 / 6:+勝率|+当地|-モータ|+ST|-コース|+級別,1:-勝率|+当地|-モータ|-コース|+級別 / 2:-勝率|+当地|-モータ|-コース|+級別 / 3:-勝率|+当地|-モータ|-コース|-近況|+級別 / 4:+勝率|+当地|-モータ|-コース|-近況|+級別 / 5:+別格|+勝率|+当地|-モータ|-コース|-近況 / 6:+勝率|+当地|-モータ|+ST|-コース|+級別,,,,,,,,,,2026-04-24 23:48:26 JST,,,100,,,,3連単,4,,7.64,base素材◎,base素材◎ / 別格 / 地力上位 / 当地巧者 / 級別傾向強い,2026-04-24 23:28:20 JST,,0
2026-04-24,13:22,平和島,6R,6,official_all,★★★☆☆,3-6-5 / 3-5-6 / 3-6-2 / 3-5-2 / 3-2-6 / 3-2-5,7.29,AI★★★★★,3-6-5 / 3-6-4 / 3-6-2 / 3-6-1 / 3-5-6 / 3-5-4,base土台○ / 当地巧者 / 級別傾向強い / 中枠攻め候補 / 攻めやや注意,7.35,AI★★★★★,1-3-4 / 4-2-3 / 4-3-1 / 3-6-4 / 2-3-4 / 3-6-2,様子見,"公式低評価AI検証 / 朝:base土台○ / 当地巧者 / 級別傾向強い / 中枠攻め候補 / 攻めやや注意 / base土台をやや保持 / 直前:展示F:6注意 / 足:ST気配あり / 部品交換:5,6 / 足:4号艇足色良さげ / 整備:チルト:1:0,2:-0.5,3:-0.5,4:-0.5,5:0,6:0 / 部品交換:5:ピストン,リング,6:ピストン,リング,ピストンリング,シリンダ,ギヤケース,電気,電気一式,キャブ,キャブレタ,シャフト,クランク / 直前差中で少し動かす / 隊形:4攻め注意 / 1逃げ本線",2026-04-24 23:48:26 JST,"[""6.86"", ""6.85"", ""6.81"", ""6.85"", ""6.84"", ""6.82""]",1:6 / 2:4 / 3:1 / 4:4 / 5:3 / 6:2,曇,3.0,3.0,,,0.0,1:0.05 / 2:0.01 / 3:0.07 / 4:0.25 / 5:-0.12 / 6:-0.01,1:B1 / B1 / B1 / B1 / 2:B1 / B1 / B1 / B1 / 3:A1 / A1 / A1 / A1 / 4:B1 / B1 / B1 / B1 / 5:B1 / B1 / B1 / B1 / 6:A1 / B1 / B1 / B1,1:小川広大 / 2:佐藤大騎 / 3:重野哲之 / 4:冨田秀幸 / 5:伊久間陽 / 6:井上遥妃,1:-勝率|+当地|-モータ|-コース / 2:-勝率|+当地|-モータ|-コース / 3:-勝率|+当地|-モータ|-コース|-近況|+級別 / 4:-勝率|+当地|-モータ|-コース|-近況 / 5:+当地|-モータ|-コース|-近況 / 6:+当地|-モータ|+ST|-コース|+級別,1:-勝率|+当地|-モータ|-コース / 2:-勝率|+当地|-モータ|-コース / 3:-勝率|+当地|-モータ|-コース|-近況|+級別 / 4:-勝率|+当地|-モータ|-コース|-近況 / 5:+当地|-モータ|-コース|-近況 / 6:+当地|-モータ|+ST|-コース|+級別,,,,,,,,,,2026-04-24 23:48:26 JST,,,100,,,,3連単,4,,4.7,base素材○,base素材○ / 当地巧者 / 級別傾向強い / 中枠攻め候補,2026-04-24 23:28:20 JST,,0
2026-04-24,13:27,児島,6R,6,official_all,★☆☆☆☆,4-2-6 / 4-6-2 / 4-2-3 / 4-6-3 / 4-3-2 / 4-3-6,5.91,AI★★★★★,2-6-5 / 2-6-4 / 2-6-1 / 2-6-3 / 2-5-6 / 2-5-4,base土台◎ / 当地巧者 / 級別傾向強い / インやや強め,6.02,AI★★★★★,1-5-6 / 5-1-6 / 1-5-2 / 2-6-5 / 2-5-6 / 2-6-1,買い強め,"公式低評価AI検証 / 朝:base土台◎ / 当地巧者 / 級別傾向強い / インやや強め / base土台を強めに保持 / 直前:展示差ややあり / 展示タイム差を確認 / 足:足差ややあり / 足:ST気配あり / 部品交換:1,2,6 / 足:5号艇足色良さげ / 整備:チルト:1:0,2:-0.5,3:0,4:-0.5,5:0,6:0 / 部品交換:1:ピストン,リング,ピストンリング,電気,電気一式,キャブ,キャブレタ,2:ピストン,リング,ピストンリング,電気,電気一式,6:ピストン,リング,ピストンリング,シリンダ,ギヤケース,電気,電気一式,キャブ,キャブレタ,シャフト,クランク / 直前差中で少し動かす / 隊形:1逃げ本線 / 5一撃注意 / 開催:2日目でやや本命寄り",2026-04-24 23:48:26 JST,"[""6.71"", ""6.74"", ""6.76"", ""6.84"", ""6.78"", ""6.73""]",1:1 / 2:3 / 3:4 / 4:6 / 5:5 / 6:2,曇,3.0,3.0,,,0.0,1:0.27 / 2:-0.01 / 3:-0.11 / 4:-0.26 / 5:0.18 / 6:0.05,1:B1 / B1 / B1 / B1 / 2:A1 / A1 / A1 / A1 / 3:B1 / A2 / A2 / B1 / 4:B1 / B1 / B1 / B1 / 5:B1 / B1 / B1 / B1 / 6:A2 / A1 / A2 / A1,1:小松卓司 / 2:石橋道友 / 3:星 栄爾 / 4:神田達也 / 5:井川大作 / 6:木翔,1:-勝率|+当地|-モータ|-コース / 2:-勝率|+当地|-モータ|-コース|+級別 / 3:-勝率|-当地|-モータ|-ST|-コース|-近況 / 4:-勝率|+当地|-モータ|-コース|-近況 / 5:+当地|-モータ|-コース / 6:+勝率|+当地|-モータ|-コース|+級別,1:-勝率|+当地|-モータ|-コース / 2:-勝率|+当地|-モータ|-コース|+級別 / 3:-勝率|-当地|-モータ|-ST|-コース|-近況 / 4:-勝率|+当地|-モータ|-コース|-近況 / 5:+当地|-モータ|-コース / 6:+勝率|+当地|-モータ|-コース|+級別,,,,,,,,,,2026-04-24 23:48:26 JST,,,100,,,,3連単,2,,4.84,base素材○,base素材○ / 当地巧者 / 級別傾向強い,2026-04-24 23:28:20 JST,,0
2026-04-24,13:29,津,7R,7,official_all,★★★★☆,6-3-2 / 6-2-3 / 6-3-5 / 6-2-5 / 6-5-3 / 6-5-2,7.99,AI★★★★★,6-3-2 / 6-3-5 / 6-3-4 / 6-3-1 / 6-2-3 / 6-2-5,base土台○ / 地力上位 / 級別傾向強い / インやや強め,8.08,AI★★★★★,1-4-6 / 4-5-6 / 1-5-6 / 2-4-6 / 6-3-5 / 6-3-2,買い,"朝:base土台○ / 地力上位 / 級別傾向強い / インやや強め / base土台をやや保持 / 直前:展示差あり / 展示タイム差を確認 / 気象安定 / 足:足差ややあり / 展示F:6注意 / 部品交換:5,6 / 足:4号艇足色良さげ / 整備:チルト:1:0,2:-0.5,3:-0.5,4:-0.5,5:0,6:0 / 部品交換:5:ピストン,リング,ピストンリング,6:ピストン,リング,ピストンリング,シリンダ,ギヤケース,電気,電気一式,キャブ,キャブレタ,シャフト,クランク / 直前差中で少し動かす / 隊形:1逃げ本線",2026-04-24 23:48:26 JST,"[""6.78"", ""6.80"", ""6.83"", ""6.82"", ""6.69"", ""6.66""]",1:3 / 2:4 / 3:6 / 4:5 / 5:2 / 6:1,曇,1.0,1.0,,,0.1,1:0.02 / 2:-0.10 / 3:-0.31 / 4:-0.01 / 5:-0.03 / 6:0.05,1:B1 / B1 / B1 / B1 / 2:A2 / A2 / A2 / A2 / 3:A1 / A1 / A2 / A2 / 4:B1 / B1 / B1 / B1 / 5:B1 / B1 / B1 / B1 / 6:A1 / A1 / A1 / A1,1:伊藤雄二 / 2:武富智亮 / 3:谷津幸宏 / 4:遠藤圭吾 / 5:松本庸平 / 6:吉田裕平,1:-勝率|+当地|-モータ|-コース / 2:-勝率|+当地|-モータ|-コース|+級別 / 3:-勝率|+当地|-モータ|-コース|-近況|+級別 / 4:-勝率|+当地|-モータ|-コース|-近況 / 5:+当地|-モータ|-コース|-近況 / 6:+勝率|-モータ|-コース|+級別,1:-勝率|+当地|-モータ|-コース / 2:-勝率|+当地|-モータ|-コース|+級別 / 3:-勝率|+当地|-モータ|-コース|-近況|+級別 / 4:-勝率|+当地|-モータ|-コース|-近況 / 5:+当地|-モータ|-コース|-近況 / 6:+勝率|-モータ|-コース|+級別,,,,,,,,,,2026-04-24 23:48:26 JST,,,100,,,,3連単,4,,5.77,base素材○,base素材○ / 地力上位 / 級別傾向強い,2026-04-24 23:28:20 JST,,0
2026-04-24,13:33,福岡,3R,3,official_all,★★★★★,3-6-2 / 3-2-6 / 3-6-1 / 3-2-1 / 3-1-6 / 3-1-2,8.37,AI★★★★★,3-6-5 / 3-6-4 / 3-6-2 / 3-6-1 / 3-5-6 / 3-5-4,base土台◎ / 別格 / 当地巧者 / 級別傾向強い / 中枠攻め候補 / 差しやや警戒,8.41,AI★★★★★,1-4-3 / 4-3-6 / 3-6-4 / 6-4-3 / 2-4-3 / 3-6-2,様子見,"朝:base土台◎ / 別格 / 当地巧者 / 級別傾向強い / 中枠攻め候補 / 差しやや警戒 / base土台を強めに保持 / 直前:展示差あり / 展示タイム差を確認 / 気象荒れ気味 / 波高5cm / 足:足差あり / 足:ST気配あり / 部品交換:5,6 / 足:4号艇足色良さげ / 整備:チルト:1:0,2:0,3:0,4:-0.5,5:-0.5,6:0 / 部品交換:5:ピストン,リング,ピストンリング,6:ピストン,リング,ピストンリング,シリンダ,ギヤケース,電気,電気一式,キャブ,キャブレタ,シャフト,クランク / 直前差大で直前重視 / 隊形:4攻め注意",2026-04-24 23:48:26 JST,"[""6.83"", ""6.86"", ""6.76"", ""6.79"", ""6.96"", ""6.89""]",1:3 / 2:4 / 3:1 / 4:2 / 5:6 / 6:5,晴,5.0,5.0,,,-0.2,1:-0.14 / 2:-0.22 / 3:0.24 / 4:0.40 / 5:-0.40 / 6:-0.10,1:B1 / B1 / B1 / B1 / 2:B1 / B1 / B1 / B1 / 3:A1 / A1 / A1 / A1 / 4:B1 / B1 / B1 / B1 / 5:B1 / B1 / B1 / B1 / 6:B1 / B1 / B1 / B1,1:池本輝明 / 2:板倉敦史 / 3:篠崎元志 / 4:中野和裕 / 5:川合理司 / 6:中島友和,1:-勝率|+当地|-モータ|-コース / 2:-勝率|+当地|-モータ|-コース / 3:+別格|-勝率|+当地|-モータ|-コース|-近況 / 4:-勝率|+当地|-モータ|-コース|-近況 / 5:+当地|-モータ|-コース|-近況 / 6:+当地|-モータ|-コース,1:-勝率|+当地|-モータ|-コース / 2:-勝率|+当地|-モータ|-コース / 3:+別格|-勝率|+当地|-モータ|-コース|-近況 / 4:-勝率|+当地|-モータ|-コース|-近況 / 5:+当地|-モータ|-コース|-近況 / 6:+当地|-モータ|-コース,,,,,,,,,,2026-04-24 23:48:26 JST,,,100,,,,3連単,5,,3.84,base素材○,base素材○ / 別格 / 当地巧者 / 級別傾向強い / 中枠攻め候補,2026-04-24 23:28:20 JST,,0
2026-04-24,13:36,唐津,11R,11,official_all,★★★★☆,3-5-2 / 3-2-5 / 3-5-1 / 3-2-1 / 3-1-5 / 3-1-2,7.23,AI★★★★★,3-2-6 / 3-2-5 / 3-2-4 / 3-2-1 / 3-6-2 / 3-6-5,base土台○ / 当地巧者 / 級別傾向強い / 中枠攻め候補 / 攻めやや注意,7.12,AI★★★★★,1-3-4 / 3-2-5 / 4-3-5 / 2-3-4 / 6-3-4 / 3-2-4,買い,"朝:base土台○ / 当地巧者 / 級別傾向強い / 中枠攻め候補 / 攻めやや注意 / base土台をやや保持 / 直前:展示差ややあり / 展示タイム差を確認 / 気象荒れ気味 / 風速8m / 波高8cm / 足:足差ややあり / 展示F:1,3注意 / 足:ST気配あり / 安定板使用 / 部品交換:1 / 整備:安定板使用 / チルト:1:0,2:0,3:-0.5,4:0.5,5:0,6:0 / 部品交換:1:シャフト / 直前差中で少し動かす / 隊形:3攻め注意 / 開催:2日目でやや本命寄り",2026-04-24 23:48:26 JST,"[""6.95"", ""6.98"", ""6.86"", ""6.91"", ""6.87"", ""6.99""]",1:4 / 2:5 / 3:1 / 4:3 / 5:2 / 6:6,晴,8.0,8.0,,,-0.36,1:-0.26 / 2:-0.08 / 3:0.19 / 4:0.09 / 5:-0.03 / 6:-0.08,1:B2 / A2 / B1 / A2 / 2:A2 / A2 / A2 / B1 / 3:A1 / A1 / A1 / A1 / 4:B1 / B1 / B1 / B1 / 5:A2 / B1 / B1 / A2 / 6:B1 / A2 / B1 / B1,1:峰重侑治 / 2:蒲原健太 / 3:井上忠政 / 4:重富伸也 / 5:木下大將 / 6:後藤陽介,1:-勝率|+当地|-モータ|-ST|-コース|-級別 / 2:-勝率|+当地|-モータ|-コース|+級別 / 3:-勝率|+当地|-モータ|-コース|-近況|+級別 / 4:-勝率|+当地|-モータ|-コース|-近況 / 5:-当地|-モータ|-コース|+近況|+級別 / 6:-当地|-モータ|-コース,1:-勝率|+当地|-モータ|-ST|-コース|-級別 / 2:-勝率|+当地|-モータ|-コース|+級別 / 3:-勝率|+当地|-モータ|-コース|-近況|+級別 / 4:-勝率|+当地|-モータ|-コース|-近況 / 5:-当地|-モータ|-コース|+近況|+級別 / 6:-当地|-モータ|-コース,,,,,,,,,,2026-04-24 23:48:26 JST,,,100,,,,3連単,2,,3.57,base素材○,base素材○ / 当地巧者 / 級別傾向強い / 中枠攻め候補,2026-04-24 23:28:20 JST,,0
2026-04-24,13:39,常滑,8R,8,official_all,★★★★☆,3-6-2 / 3-2-6 / 3-6-1 / 3-2-1 / 3-1-6 / 3-1-2,5.06,AI★★★★★,3-6-2 / 3-6-4 / 3-6-1 / 3-6-5 / 3-2-6 / 3-2-4,base土台○ / 級別傾向強い / 中枠攻め候補 / 差しやや警戒,5.22,AI★★★★★,1-6-3 / 3-6-1 / 3-6-2 / 6-1-3 / 2-1-3 / 1-3-6,買い,"朝:base土台○ / 級別傾向強い / 中枠攻め候補 / 差しやや警戒 / base土台をやや保持 / 直前:展示差あり / 展示タイム差を確認 / 気象安定 / 風向西 / 足:足差ややあり / 展示F:4注意 / 足:ST気配あり / 部品交換:2,3,6 / 足:6号艇足色良さげ / 整備:チルト:1:-0.5,2:0,3:0,4:-0.5,5:0,6:0 / 部品交換:2:ピストン,リング,ピストンリング,シリンダ,キャリア,キャリアボデー,ギヤケース,電気,電気一式,キャブ,キャブレタ,シャフト,クランク,プロペラ,ペラ,3:ピストン,リング,ピストンリング,シリンダ,キャリア,キャリアボデー,ギヤケース,電気,電気一式,キャブ,キャブレタ,シャフト,クランク,6:ピストン,リング,ピストンリング,シリンダ,電気,電気一式,キャブ,キャブレタ / 直前差中で少し動かす / 隊形:1逃げ本線 / 3攻め注意",2026-04-24 23:48:26 JST,"[""6.71"", ""6.76"", ""6.63"", ""6.79"", ""6.74"", ""6.71""]",1:2 / 2:5 / 3:1 / 4:6 / 5:4 / 6:2,曇,2.0,1.0,,西,0.09,1:0.15 / 2:-0.13 / 3:0.20 / 4:-0.35 / 5:-0.28 / 6:0.14,1:B1 / B1 / B1 / B1 / 2:B1 / B1 / B1 / B1 / 3:A1 / A1 / A1 / A2 / 4:B1 / B1 / B1 / B1 / 5:B2 / B2 / B2 / B2 / 6:A2 / A2 / A2 / A1,1:牟田奨太 / 2:山本兼士 / 3:大瀧明日 / 4:西村 勝 / 5:中嶋世奈 / 6:村田修次,1:-勝率|+当地|-モータ|-コース / 2:-勝率|+当地|-モータ|-コース / 3:-勝率|-モータ|-コース|-近況|+級別 / 4:-勝率|-モータ|-ST|-コース|-近況 / 5:+当地|-モータ|-コース|-近況|-級別 / 6:+当地|-モータ|-コース|+級別,1:-勝率|+当地|-モータ|-コース / 2:-勝率|+当地|-モータ|-コース / 3:-勝率|-モータ|-コース|-近況|+級別 / 4:-勝率|-モータ|-ST|-コース|-近況 / 5:+当地|-モータ|-コース|-近況|-級別 / 6:+当地|-モータ|-コース|+級別,,,,,,,,,,2026-04-24 23:48:26 JST,,,100,,,,3連単,4,,3.42,base素材○,base素材○ / 級別傾向強い / 中枠攻め候補,2026-04-24 23:28:20 JST,,0
2026-04-24,13:41,徳山,11R,11,official_all,★☆☆☆☆,5-2-1 / 5-1-2 / 5-2-6 / 5-1-6 / 5-6-2 / 5-6-1,1.79,AI★★★★☆,1-6-2 / 1-6-5 / 1-6-3 / 1-6-4 / 1-2-6 / 1-2-5,base土台○ / 当地巧者 / 級別傾向強い / 1号艇有利,1.89,AI★★☆☆☆,1-6-5 / 6-2-5 / 1-6-2 / 2-6-5 / 5-2-6 / 1-6-3,様子見,"公式低評価AI検証 / 朝:base土台○ / 当地巧者 / 級別傾向強い / 1号艇有利 / base土台をやや保持 / 直前:展示差ややあり / 展示タイム差を確認 / 足:足差ややあり / 足:ST気配あり / 部品交換:1,2,3,4 / 足:6号艇足色良さげ / 整備:チルト:1:0,2:0,3:0,4:0,5:0,6:0 / 部品交換:1:ピストン,リング,ピストンリング,シリンダ,キャリア,キャリアボデー,ギヤケース,電気,電気一式,キャブ,キャブレタ,シャフト,クランク,プロペラ,ペラ,2:ピストン,3:ピストン,リング,ピストンリング,シリンダ,キャリア,キャリアボデー,ギヤケース,電気,電気一式,キャブ,キャブレタ,シャフト,クランク,4:ピストン,リング,ピストンリング / 直前差中で少し動かす / 隊形:1逃げ本線 / 6一撃注意",2026-04-24 23:48:26 JST,"[""6.96"", ""6.95"", ""7.06"", ""7.08"", ""6.96"", ""7.02""]",1:2 / 2:1 / 3:5 / 4:6 / 5:2 / 6:4,晴,4.0,4.0,,,0.0,1:0.11 / 2:0.06 / 3:-0.17 / 4:-0.27 / 5:0.02 / 6:0.17,1:A1 / A2 / A2 / B1 / 2:A2 / A2 / A2 / A2 / 3:B1 / B1 / B1 / B1 / 4:B1 / B1 / B1 / B1 / 5:A2 / A2 / B2 / A2 / 6:A2 / A2 / A2 / A2,1:植田太一 / 2:坂本雄紀 / 3:浅見宗孝 / 4:野相弘司 / 5:奈須啓太 / 6:柘植政浩,1:-勝率|+当地|-モータ|-コース|+級別 / 2:-勝率|-モータ|-コース|+級別 / 3:-勝率|+当地|-モータ|-コース|-近況 / 4:-勝率|-モータ|-ST|-コース|-近況 / 5:-当地|-モータ|-コース|-近況|+級別 / 6:-当地|-モータ|-コース|+級別,1:-勝率|+当地|-モータ|-コース|+級別 / 2:-勝率|-モータ|-コース|+級別 / 3:-勝率|+当地|-モータ|-コース|-近況 / 4:-勝率|-モータ|-ST|-コース|-近況 / 5:-当地|-モータ|-コース|-近況|+級別 / 6:-当地|-モータ|-コース|+級別,,,,,,,,,,2026-04-24 23:48:26 JST,,,100,,,,3連単,4,,1.13,base素材危険,base素材危険 / 当地巧者 / 級別傾向強い / 1号艇有利,2026-04-24 23:28:20 JST,,0
2026-04-24,13:47,宮島,7R,7,official_all,★☆☆☆☆,2-1-6 / 2-6-1 / 2-1-3 / 2-6-3 / 2-3-1 / 2-3-6,6.13,AI★★★★★,6-5-3 / 6-5-1 / 6-5-2 / 6-5-4 / 6-3-5 / 6-3-1,base土台○ / 地力上位 / 当地巧者 / ST良好 / 級別傾向強い / 差しやや警戒,6.42,AI★★★★★,1-5-6 / 5-6-1 / 1-6-5 / 6-5-1 / 3-5-6 / 6-5-3,様子見,"公式低評価AI検証 / 朝:base土台○ / 地力上位 / 当地巧者 / ST良好 / 級別傾向強い / 差しやや警戒 / base土台をやや保持 / 直前:展示差あり / 展示タイム差を確認 / 進入:1-5-2-3-6-4 / 前づけで波乱含み / 気象安定 / 足:足差ややあり / 展示F:6注意 / 足:ST気配あり / 足:進入変化 / 部品交換:2,4,6 / 整備:チルト:1:-0.5,2:-0.5,3:-0.5,4:-0.5,5:-0.5,6:0 / 部品交換:2:ピストン,リング,ピストンリング,シリンダ,キャリア,キャリアボデー,ギヤケース,電気,電気一式,キャブ,キャブレタ,シャフト,クランク,4:ピストン,リング,ピストンリング,シリンダ,キャリア,キャリアボデー,ギヤケース,電気,電気一式,キャブ,キャブレタ,シャフト,クランク,プロペラ,ペラ,6:ピストン,リング,ピストンリング,シリンダ,電気,電気一式,キャブ,キャブレタ / 進入変化ありで直前重視 / 隊形:5一撃注意 / 1逃げ本線 / 進入:1-5-2-3-6-4",2026-04-24 23:48:26 JST,"[""6.69"", ""6.68"", ""6.62"", ""6.72"", ""6.78"", ""6.66""]",1:4 / 2:3 / 3:1 / 4:5 / 5:6 / 6:2,曇,1.0,1.0,,,0.1,1:0.11 / 2:-0.09 / 3:-0.01 / 4:-0.20 / 5:0.12 / 6:0.10,1:A1 / A1 / A1 / A1 / 2:A1 / A2 / A1 / A1 / 3:A1 / A1 / A1 / A1 / 4:A2 / A2 / B1 / A2 / 5:A1 / A1 / A1 / A1 / 6:A1 / A1 / A1 / A1,1:萩原秀人 / 2:益田啓司 / 3:徳増秀樹 / 4:浅見昌克 / 5:江口晃生 / 6:辻 栄蔵,1:-勝率|+当地|-モータ|+級別 / 2:-勝率|+当地|-モータ|+級別 / 3:-勝率|+当地|-モータ|-近況|+級別 / 4:-勝率|+当地|-モータ|-コース|+級別 / 5:+勝率|-モータ|+級別 / 6:+勝率|+当地|-モータ|+ST|-コース|+級別,1:-勝率|+当地|-モータ|+級別 / 2:-勝率|+当地|-モータ|+級別 / 3:-勝率|+当地|-モータ|-近況|+級別 / 4:-勝率|+当地|-モータ|-コース|+級別 / 5:+勝率|-モータ|+級別 / 6:+勝率|+当地|-モータ|+ST|-コース|+級別,,,,,,,,,,2026-04-24 23:48:26 JST,,,100,,,,3連単,4,,7.91,base素材◎,base素材◎ / 地力上位 / 当地巧者 / ST良好 / 級別傾向強い,2026-04-24 23:28:20 JST,,0
2026-04-24,13:51,鳴門,11R,11,official_all,★★★★★,2-5-1 / 2-1-5 / 2-5-3 / 2-1-3 / 2-3-5 / 2-3-1,6.4,AI★★★★★,2-5-6 / 2-5-3 / 2-5-1 / 2-5-4 / 2-6-5 / 2-6-3,base土台◎ / 当地巧者 / 級別傾向強い / インやや強め,6.44,AI★★★★★,1-5-4 / 5-1-4 / 1-4-5 / 2-5-4 / 2-5-1 / 2-5-3,様子見,"朝:base土台◎ / 当地巧者 / 級別傾向強い / インやや強め / base土台を強めに保持 / 直前:気象安定 / 展示F:1,3,4,6注意 / 部品交換:1,2,3,5 / 足:5号艇足色良さげ / 整備:チルト:1:-0.5,2:0,3:0,4:-0.5,5:-0.5,6:0 / 部品交換:1:ピストン,リング,ピストンリング,シリンダ,キャリア,キャリアボデー,ギヤケース,電気,電気一式,キャブ,キャブレタ,シャフト,クランク,プロペラ,ペラ,2:ピストン,リング,ピストンリング,3:ピストン,5:ピストン,リング,ピストンリング,シリンダ,キャリア,キャリアボデー,ギヤケース,電気,電気一式,キャブ,キャブレタ,シャフト,クランク / 直前差小で朝寄り / 朝評価をやや優先 / 隊形:1逃げ本線 / 5一撃注意",2026-04-24 23:48:26 JST,"[""6.69"", ""6.74"", ""6.78"", ""6.69"", ""6.76"", ""6.79""]",1:1 / 2:3 / 3:5 / 4:1 / 5:4 / 6:6,曇,2.0,2.0,,,0.08,1:0.20 / 2:-0.07 / 3:-0.08 / 4:0.06 / 5:0.11 / 6:-0.18,1:B1 / B1 / A2 / A1 / 2:A1 / A1 / A1 / A1 / 3:A2 / A2 / A2 / B1 / 4:B2 / B2 / B1 / B2 / 5:A2 / A2 / A2 / A2 / 6:B1 / A2 / A2 / B1,1:荒井輝年 / 2:渡辺浩司 / 3:廣瀬将亨 / 4:滝沢 崚 / 5:岡瀬正人 / 6:富澤祐作,1:-勝率|+当地|-モータ|-コース|+級別 / 2:-勝率|+当地|-モータ|-コース|+級別 / 3:-勝率|+当地|-モータ|-コース|-近況|+級別 / 4:-勝率|-当地|-モータ|-ST|-コース|-近況 / 5:-モータ|-コース|+近況|+級別 / 6:+当地|-モータ|-コース|+級別,1:-勝率|+当地|-モータ|-コース|+級別 / 2:-勝率|+当地|-モータ|-コース|+級別 / 3:-勝率|+当地|-モータ|-コース|-近況|+級別 / 4:-勝率|-当地|-モータ|-ST|-コース|-近況 / 5:-モータ|-コース|+近況|+級別 / 6:+当地|-モータ|-コース|+級別,,,,,,,,,,2026-04-24 23:48:26 JST,,,100,,,,3連単,3,,4.26,base素材○,base素材○ / 当地巧者 / 級別傾向強い,2026-04-24 23:28:20 JST,,0
2026-04-24,13:53,平和島,7R,7,official_all,★★★★☆,5-3-2 / 5-2-3 / 5-3-4 / 5-2-4 / 5-4-3 / 5-4-2,9.71,AI★★★★★,5-6-3 / 5-6-4 / 5-6-2 / 5-6-1 / 5-3-6 / 5-3-4,base土台○ / 別格 / 地力上位 / 当地巧者 / 級別傾向強い / 攻めやや注意,9.8,AI★★★★★,1-2-3 / 3-2-1 / 1-3-5 / 2-1-3 / 5-3-4 / 5-6-3,買い,"朝:base土台○ / 別格 / 地力上位 / 当地巧者 / 級別傾向強い / 攻めやや注意 / base土台をやや保持 / 直前:展示差あり / 展示タイム差を確認 / 足:足差あり / 展示F:5注意 / 部品交換:5,6 / 足:4号艇足色良さげ / 整備:チルト:1:0,2:0,3:0,4:-0.5,5:0,6:-0.5 / 部品交換:5:ピストン,リング,ピストンリング,6:ピストン,リング,ピストンリング,シリンダ,ギヤケース,電気,電気一式,キャブ,キャブレタ,シャフト,クランク / 直前差中で少し動かす / 隊形:1逃げ本線 / 3攻め注意(相手寄り)",2026-04-24 23:48:26 JST,"[""6.82"", ""6.82"", ""6.80"", ""7.02"", ""6.84"", ""6.99""]",1:2 / 2:2 / 3:1 / 4:6 / 5:4 / 6:5,曇,3.0,3.0,,,0.0,1:0.13 / 2:0.01 / 3:0.24 / 4:-0.15 / 5:-0.03 / 6:-0.26,1:B2 / B2 / B1 / B1 / 2:B1 / B1 / B1 / B1 / 3:A2 / B1 / B1 / B1 / 4:B1 / B1 / B1 / B1 / 5:A1 / A1 / A1 / A1 / 6:B1 / B1 / B1 / B1,1:豊田訓靖 / 2:野田部宏 / 3:浜本裕己 / 4:乙津康志 / 5:平本真之 / 6:市川健太,1:-勝率|+当地|-モータ|-ST|-コース|-級別 / 2:-勝率|+当地|-モータ|-ST|-コース / 3:-勝率|+当地|-モータ|-コース|-近況|+級別 / 4:-勝率|-モータ|-ST|-コース|-近況 / 5:+別格|+勝率|+当地|-モータ|-コース|-近況 / 6:+当地|-モータ|-コース,1:-勝率|+当地|-モータ|-ST|-コース|-級別 / 2:-勝率|+当地|-モータ|-ST|-コース / 3:-勝率|+当地|-モータ|-コース|-近況|+級別 / 4:-勝率|-モータ|-ST|-コース|-近況 / 5:+別格|+勝率|+当地|-モータ|-コース|-近況 / 6:+当地|-モータ|-コース,,,,,,,,,,2026-04-24 23:48:26 JST,,,100,,,,3連単,4,,4.52,base素材◎,base素材◎ / 別格 / 地力上位 / 当地巧者 / 級別傾向強い,2026-04-24 23:28:20 JST,,0
2026-04-24,13:58,福岡,4R,4,official_all,★★★★☆,2-3-1 / 2-1-3 / 2-3-4 / 2-1-4 / 2-4-3 / 2-4-1,1.83,AI★★★★☆,6-2-5 / 6-2-4 / 6-2-3 / 6-2-1 / 6-5-2 / 6-5-4,base保留 / 選手力上位 / 当地巧者 / 級別傾向強い / 差しやや警戒,1.85,AI★★☆☆☆,1-2-4 / 2-3-4 / 3-2-4 / 4-2-3 / 1-2-3 / 6-2-5,様子見,"朝:base保留 / 選手力上位 / 当地巧者 / 級別傾向強い / 差しやや警戒 / base保留で買い上げ慎重 / 直前:展示差あり / 展示タイム差を確認 / 気象荒れ気味 / 波高5cm / 足:足差あり / 足:ST気配あり / 部品交換:5,6 / 足:2号艇足色良さげ / 整備:チルト:1:-0.5,2:-0.5,3:0,4:0,5:-0.5,6:0 / 部品交換:5:ピストン,リング,ピストンリング,6:ピストン,リング,ピストンリング,シリンダ,ギヤケース,電気,電気一式,キャブ,キャブレタ,シャフト,クランク / 直前差中で少し動かす / 隊形:2差し注意 / 1逃げ本線",2026-04-24 23:48:26 JST,"[""6.86"", ""6.87"", ""6.80"", ""6.83"", ""6.91"", ""6.99""]",1:3 / 2:4 / 3:1 / 4:2 / 5:5 / 6:6,晴,5.0,5.0,,,-0.2,1:-0.08 / 2:0.21 / 3:0.13 / 4:0.11 / 5:-0.15 / 6:-0.40,1:B1 / A2 / B1 / B2 / 2:A2 / A2 / A2 / A2 / 3:B1 / B1 / B1 / B1 / 4:B1 / B1 / B1 / B1 / 5:B1 / B1 / B1 / B1 / 6:A2 / B1 / A2 / B1,1:新田洋一 / 2:大場 敏 / 3:藤丸光一 / 4:阪本勇介 / 5:小澤和也 / 6:藤本佳史,1:-勝率|+当地|-モータ|-コース / 2:-勝率|+当地|-モータ|-コース|+級別 / 3:-勝率|+当地|-モータ|-コース|-近況 / 4:-勝率|+当地|-モータ|-コース|-近況 / 5:+当地|-モータ|-コース|-近況 / 6:+当地|-モータ|-コース|+級別,1:-勝率|+当地|-モータ|-コース / 2:-勝率|+当地|-モータ|-コース|+級別 / 3:-勝率|+当地|-モータ|-コース|-近況 / 4:-勝率|+当地|-モータ|-コース|-近況 / 5:+当地|-モータ|-コース|-近況 / 6:+当地|-モータ|-コース|+級別,,,,,,,,,,2026-04-24 23:48:26 JST,,,100,,,,3連単,5,,0.76,base素材保留,base素材保留 / 選手力上位 / 当地巧者 / 級別傾向強い,2026-04-24 23:28:20 JST,,0
2026-04-24,14:00,津,8R,8,official_all,★★★★☆,3-2-1 / 3-1-2 / 3-2-4 / 3-1-4 / 3-4-2 / 3-4-1,2.37,AI★★★★☆,2-3-5 / 2-3-6 / 2-3-4 / 2-3-1 / 2-5-3 / 2-5-6,base土台○ / 当地巧者 / 級別傾向強い / インやや強め,2.47,AI★★★☆☆,1-3-6 / 1-6-3 / 1-3-5 / 3-1-6 / 2-3-1 / 2-3-5,様子見,"朝:base土台○ / 当地巧者 / 級別傾向強い / インやや強め / base土台をやや保持 / 直前:気象安定 / 風向北 / 展示F:4,5注意 / 足:ST気配あり / 部品交換:3 / 足:1号艇足色良さげ / 整備:チルト:1:0,2:-0.5,3:-0.5,4:-0.5,5:-0.5,6:0 / 部品交換:3:ギヤ / 直前差小で朝寄り / 朝評価をやや優先 / 隊形:1逃げ本線",2026-04-24 23:48:26 JST,"[""6.74"", ""6.73"", ""6.75"", ""6.75"", ""6.77"", ""6.78""]",1:2 / 2:1 / 3:3 / 4:3 / 5:5 / 6:6,曇,2.0,1.0,,北,0.09,1:0.36 / 2:-0.03 / 3:0.01 / 4:-0.01 / 5:-0.04 / 6:0.02,1:B1 / B1 / B1 / B2 / 2:A2 / A1 / A1 / A1 / 3:B2 / A1 / A1 / A1 / 4:A2 / B1 / B1 / B1 / 5:B1 / B1 / B1 / B1 / 6:B1 / B1 / B1 / B1,1:芹澤克彦 / 2:石塚久也 / 3:毒島 誠 / 4:倉田茂将 / 5:山本浩次 / 6:中北将史,1:-勝率|+当地|-モータ|-コース|-級別 / 2:-勝率|+当地|-モータ|-ST|-コース|+級別 / 3:+実力A1級|-勝率|+当地|-モータ|-ST|-コース / 4:-勝率|-モータ|-コース|-近況|+級別 / 5:+当地|-モータ|-コース / 6:-モータ|-コース,1:-勝率|+当地|-モータ|-コース|-級別 / 2:-勝率|+当地|-モータ|-ST|-コース|+級別 / 3:+実力A1級|-勝率|+当地|-モータ|-ST|-コース / 4:-勝率|-モータ|-コース|-近況|+級別 / 5:+当地|-モータ|-コース / 6:-モータ|-コース,,,,,,,,,,2026-04-24 23:48:26 JST,,,100,,,,3連単,4,,0.67,base素材危険,base素材危険 / 当地巧者 / 級別傾向強い,2026-04-24 23:28:20 JST,,0
2026-04-24,14:05,児島,7R,7,official_all,★★★★★,5-4-3 / 5-3-4 / 5-4-1 / 5-3-1 / 5-1-4 / 5-1-3,7.95,AI★★★★★,5-4-6 / 5-4-3 / 5-4-2 / 5-4-1 / 5-6-4 / 5-6-3,base土台○ / 地力上位 / 級別傾向強い / インやや強め,8.08,AI★★★★★,1-5-3 / 3-5-1 / 5-4-3 / 2-5-3 / 4-5-3 / 5-6-3,買い,"朝:base土台○ / 地力上位 / 級別傾向強い / インやや強め / base土台をやや保持 / 直前:展示差あり / 展示タイム差を確認 / 風向西 / 足:足差ややあり / 足:ST気配あり / 部品交換:1,2,6 / 足:5号艇足色良さげ / 整備:チルト:1:-0.5,2:0,3:-0.5,4:-0.5,5:-0.5,6:-0.5 / 部品交換:1:ピストン,リング,ピストンリング,シリンダ,キャリア,キャリアボデー,ギヤケース,電気,電気一式,キャブ,キャブレタ,シャフト,クランク,2:ピストン,リング,ピストンリング,シリンダ,キャリア,キャリアボデー,ギヤケース,電気,電気一式,キャブ,キャブレタ,シャフト,クランク,プロペラ,ペラ,6:ピストン,リング,ピストンリング,シリンダ,電気,電気一式,キャブ,キャブレタ / 直前差大で直前重視 / 隊形:3攻め注意 / 5一撃注意 / 開催:2日目でやや本命寄り",2026-04-24 23:48:26 JST,"[""6.83"", ""6.76"", ""6.69"", ""6.87"", ""6.76"", ""6.86""]",1:4 / 2:2 / 3:1 / 4:6 / 5:2 / 6:5,晴,3.0,3.0,,西,0.0,1:-0.02 / 2:-0.13 / 3:0.22 / 4:-0.31 / 5:0.18 / 6:-0.26,1:B2 / B1 / B1 / B2 / 2:B1 / B1 / B2 / B2 / 3:B1 / B1 / B1 / A2 / 4:A2 / A2 / A2 / A2 / 5:A1 / A1 / A1 / A1 / 6:B1 / B1 / B1 / B1,1:一色颯輝 / 2:網代良芽 / 3:浜崎準也 / 4:樋口 亮 / 5:西村拓也 / 6:向井田佑,1:-勝率|+当地|-モータ|-ST|-級別 / 2:-勝率|+当地|-モータ|-ST|-級別 / 3:-勝率|+当地|-モータ|-コース|-近況 / 4:-勝率|-モータ|-コース|-近況|+級別 / 5:+勝率|-モータ|-コース|-近況|+級別 / 6:+当地|-モータ|-コース,1:-勝率|+当地|-モータ|-ST|-級別 / 2:-勝率|+当地|-モータ|-ST|-級別 / 3:-勝率|+当地|-モータ|-コース|-近況 / 4:-勝率|-モータ|-コース|-近況|+級別 / 5:+勝率|-モータ|-コース|-近況|+級別 / 6:+当地|-モータ|-コース,,,,,,,,,,2026-04-24 23:48:26 JST,,,100,,,,3連単,2,,4.22,base素材○,base素材○ / 地力上位 / 級別傾向強い,2026-04-24 23:28:20 JST,,0
2026-04-24,14:10,常滑,9R,9,official_all,★★★☆☆,1-3-5 / 1-5-3 / 1-3-2 / 1-5-2 / 1-2-3 / 1-2-5,-0.09,AI★☆☆☆☆,5-4-1 / 5-4-2 / 5-4-3 / 5-4-6 / 5-1-4 / 5-1-2,base危険 / 当地巧者 / 差しやや警戒,0.03,AI★☆☆☆☆,1-2-6 / 2-3-6 / 3-2-6 / 4-2-6 / 3-2-1 / 5-4-1,見送り寄り,"公式低評価AI検証 / 朝:base危険 / 当地巧者 / 差しやや警戒 / base危険で買い上げ抑制 / 直前:気象安定 / 足:ST気配あり / 部品交換:2,3,5,6 / 足:2号艇足色良さげ / 整備:チルト:1:0,2:-0.5,3:0,4:0,5:-0.5,6:-0.5 / 部品交換:2:ピストン,3:ピストン,リング,ピストンリング,5:ピストン,リング,ピストンリング,シリンダ,キャリア,キャリアボデー,ギヤケース,電気,電気一式,キャブ,キャブレタ,シャフト,クランク,6:ピストン,リング,ピストンリング,シリンダ,電気,電気一式,キャブ,キャブレタ / 直前差中で少し動かす / 隊形:2差し注意",2026-04-24 23:48:26 JST,"[""6.76"", ""6.69"", ""6.76"", ""6.79"", ""6.79"", ""6.71""]",1:3 / 2:1 / 3:3 / 4:5 / 5:5 / 6:2,曇,2.0,1.0,,,0.09,1:-0.06 / 2:0.39 / 3:-0.02 / 4:-0.07 / 5:-0.16 / 6:-0.02,1:B1 / A2 / B1 / A2 / 2:B1 / B1 / B1 / B1 / 3:B1 / B1 / B1 / B1 / 4:B1 / B1 / B1 / B1 / 5:B1 / B1 / B1 / B1 / 6:B2 / B2 / B2 / B2,1:牧原 崇 / 2:岡部 哲 / 3:土屋太朗 / 4:熊本英一 / 5:中村将隆 / 6:中村紋夕,1:-勝率|+当地|-モータ / 2:-勝率|+当地|-モータ / 3:-勝率|-当地|-モータ|-ST|-近況 / 4:-勝率|+当地|-モータ|-近況 / 5:+当地|-モータ / 6:+当地|-モータ|-近況|-級別,1:-勝率|+当地|-モータ / 2:-勝率|+当地|-モータ / 3:-勝率|-当地|-モータ|-ST|-近況 / 4:-勝率|+当地|-モータ|-近況 / 5:+当地|-モータ / 6:+当地|-モータ|-近況|-級別,,,,,,,,,,2026-04-24 23:48:26 JST,,,100,,,,3連単,4,,-1.49,base素材危険,base素材危険 / 当地巧者,2026-04-24 23:28:20 JST,,0
2026-04-24,14:15,唐津,12R,12,official_all,★★★☆☆,1-2-5 / 1-5-2 / 1-2-4 / 1-5-4 / 1-4-2 / 1-4-5,6.22,AI★★★★★,5-1-2 / 5-1-6 / 5-1-4 / 5-1-3 / 5-2-1 / 5-2-6,base土台○ / 地力上位 / 当地巧者 / 近況良好 / 級別傾向強い / 攻めやや注意,6.21,AI★★★★★,1-4-3 / 3-1-4 / 1-3-4 / 4-1-3 / 5-1-3 / 5-1-2,買い,"公式低評価AI検証 / 朝:base土台○ / 地力上位 / 当地巧者 / 近況良好 / 級別傾向強い / 攻めやや注意 / base土台をやや保持 / 直前:展示差あり / 展示タイム差を確認 / 気象荒れ気味 / 風速8m / 波高8cm / 足:足差あり / 展示F:1,2注意 / 足:ST気配あり / 安定板使用 / 部品交換:5 / 整備:安定板使用 / チルト:1:0,2:0,3:0,4:0,5:0,6:-0.5 / 部品交換:5:電気 / 直前差中で少し動かす / 隊形:1逃げ本線 / 開催:2日目でやや本命寄り",2026-04-24 23:48:26 JST,"[""6.87"", ""7.02"", ""6.87"", ""7.10"", ""6.98"", ""6.99""]",1:1 / 2:5 / 3:1 / 4:6 / 5:3 / 6:4,曇,8.0,8.0,,,-0.36,1:0.09 / 2:-0.15 / 3:0.18 / 4:-0.02 / 5:-0.13 / 6:-0.29,1:A1 / A1 / A1 / A1 / 2:A2 / A1 / A2 / A2 / 3:B1 / B1 / B1 / B1 / 4:A2 / A2 / A2 / A2 / 5:A1 / A1 / A1 / A2 / 6:A2 / B1 / B1 / B1,1:渡邉和将 / 2:榎 幸司 / 3:大澤大夢 / 4:田川大貴 / 5:葛原大陽 / 6:竹腰正樹,1:-勝率|+当地|-モータ|-コース|+級別 / 2:-勝率|+当地|-モータ|-コース|+級別 / 3:-勝率|+当地|-モータ|-ST|-コース|-近況 / 4:-勝率|-当地|-モータ|-ST|-コース|-近況 / 5:+勝率|+当地|-モータ|-コース|+近況|+級別 / 6:+当地|-モータ|-コース|-近況|+級別,1:-勝率|+当地|-モータ|-コース|+級別 / 2:-勝率|+当地|-モータ|-コース|+級別 / 3:-勝率|+当地|-モータ|-ST|-コース|-近況 / 4:-勝率|-当地|-モータ|-ST|-コース|-近況 / 5:+勝率|+当地|-モータ|-コース|+近況|+級別 / 6:+当地|-モータ|-コース|-近況|+級別,,,,,,,,,,2026-04-24 23:48:26 JST,,,100,,,,3連単,2,,6.33,base素材◎,base素材◎ / 地力上位 / 当地巧者 / 近況良好 / 級別傾向強い,2026-04-24 23:28:20 JST,,0
2026-04-24,14:18,宮島,8R,8,official_all,★☆☆☆☆,5-3-1 / 5-1-3 / 5-3-4 / 5-1-4 / 5-4-3 / 5-4-1,6.01,AI★★★★★,6-4-5 / 6-4-3 / 6-4-2 / 6-4-1 / 6-5-4 / 6-5-3,base土台○ / 地力上位 / 当地巧者 / ST良好 / 級別傾向強い / 差しやや警戒,6.16,AI★★★★★,1-6-5 / 6-5-4 / 5-6-2 / 4-6-5 / 2-6-5 / 6-4-5,様子見,"公式低評価AI検証 / 朝:base土台○ / 地力上位 / 当地巧者 / ST良好 / 級別傾向強い / 差しやや警戒 / base土台をやや保持 / 直前:進入:1-6-2-5-3-4 / 前づけで波乱含み / 風向北 / 展示F:1注意 / 足:ST気配あり / 足:進入変化 / 部品交換:4 / ピット:2:+伸び|+回り足 / 4:+伸び|+出足|+回り足 / 整備:チルト:1:-0.5,2:-0.5,3:-0.5,4:0,5:-0.5,6:-0.5 / 部品交換:4:リング / ピット:2:+伸び|+回り足 / 4:+伸び|+出足|+回り足 / 進入変化ありで直前重視 / 隊形:6一撃注意 / 1逃げ本線 / 進入:1-6-2-5-3-4",2026-04-24 23:48:26 JST,"[""6.69"", ""6.70"", ""6.70"", ""6.64"", ""6.69"", ""6.68""]",1:3 / 2:5 / 3:5 / 4:1 / 5:3 / 6:2,曇,3.0,3.0,,北,0.0,1:-0.03 / 2:-0.02 / 3:-0.27 / 4:0.02 / 5:0.12 / 6:0.50,1:A1 / A1 / A1 / A2 / 2:A1 / A1 / A1 / A1 / 3:A1 / A1 / A1 / A1 / 4:A1 / A1 / A1 / A1 / 5:A1 / A1 / A1 / A1 / 6:A1 / A1 / A1 / A1,1:森永 淳 / 2:寺田千恵 / 3:北村征嗣 / 4:伊藤将吉 / 5:齊藤 仁 / 6:西島義則,1:-勝率|+当地|-モータ|-コース|+級別 / 2:-勝率|+当地|-モータ|-コース|+級別 / 3:+勝率|+当地|-モータ|-コース|+級別 / 4:+勝率|+当地|-モータ|-コース|-近況|+級別 / 5:+勝率|-モータ|-コース|-近況|+級別 / 6:+勝率|+当地|-モータ|+ST|-コース|+級別,1:-勝率|+当地|-モータ|-コース|+級別 / 2:-勝率|+当地|-モータ|-コース|+級別 / 3:+勝率|+当地|-モータ|-コース|+級別 / 4:+勝率|+当地|-モータ|-コース|-近況|+級別 / 5:+勝率|-モータ|-コース|-近況|+級別 / 6:+勝率|+当地|-モータ|+ST|-コース|+級別,,,,,,,,,,2026-04-24 23:48:26 JST,,,100,,,,3連単,4,,7.93,base素材◎,base素材◎ / 地力上位 / 当地巧者 / ST良好 / 級別傾向強い,2026-04-24 23:28:20 JST,,0
2026-04-24,14:22,徳山,12R,12,official_all,★☆☆☆☆,4-2-1 / 4-1-2 / 4-2-3 / 4-1-3 / 4-3-2 / 4-3-1,5.31,AI★★★★★,5-4-6 / 5-4-2 / 5-4-1 / 5-4-3 / 5-6-4 / 5-6-2,base土台○ / 地力上位 / 当地巧者 / 級別傾向強い,5.35,AI★★★★★,1-3-5 / 1-2-5 / 1-5-6 / 5-4-2 / 5-4-6 / 5-4-1,様子見,"公式低評価AI検証 / 朝:base土台○ / 地力上位 / 当地巧者 / 級別傾向強い / base土台をやや保持 / 直前:展示差ややあり / 展示タイム差を確認 / 展示F:2,3,5,6注意 / 部品交換:4 / 足:1号艇足色良さげ / 整備:チルト:1:0,2:0,3:0,4:0.5,5:0.5,6:-0.5 / 部品交換:4:リング / 直前差小で朝寄り / 朝評価をやや優先 / 隊形:1逃げ本線",2026-04-24 23:48:26 JST,"[""6.95"", ""6.97"", ""6.97"", ""6.99"", ""6.89"", ""6.98""]",1:2 / 2:3 / 3:3 / 4:6 / 5:1 / 6:5,曇,4.0,4.0,,,0.0,1:0.20 / 2:-0.07 / 3:-0.07 / 4:-0.23 / 5:0.08 / 6:-0.09,1:A1 / A1 / A1 / A1 / 2:A1 / A1 / A1 / A1 / 3:A1 / A1 / B2 / A1 / 4:A1 / A1 / A1 / A1 / 5:A1 / A1 / A1 / A1 / 6:A1 / A1 / A2 / A1,1:新開 航 / 2:福来 剛 / 3:青木玄太 / 4:上野真之 / 5:椎名 豊 / 6:新田泰章,1:-勝率|+当地|-モータ|-コース|+級別 / 2:-勝率|+当地|-モータ|-コース|+級別 / 3:-勝率|+当地|-モータ|-コース|-近況|+級別 / 4:+勝率|+当地|-モータ|-コース|-近況|+級別 / 5:+勝率|+当地|-モータ|-コース|-近況|+級別 / 6:+勝率|+当地|-モータ|+ST|-コース|+級別,1:-勝率|+当地|-モータ|-コース|+級別 / 2:-勝率|+当地|-モータ|-コース|+級別 / 3:-勝率|+当地|-モータ|-コース|-近況|+級別 / 4:+勝率|+当地|-モータ|-コース|-近況|+級別 / 5:+勝率|+当地|-モータ|-コース|-近況|+級別 / 6:+勝率|+当地|-モータ|+ST|-コース|+級別,,,,,,,,,,2026-04-24 23:48:26 JST,,,100,,,,3連単,4,,7.46,base素材○,base素材○ / 地力上位 / 当地巧者 / 級別傾向強い,2026-04-24 23:28:20 JST,,0
2026-04-24,14:24,平和島,8R,8,official_all,★★★★☆,4-1-3 / 4-3-1 / 4-1-5 / 4-3-5 / 4-5-1 / 4-5-3,9.03,AI★★★★★,4-1-5 / 4-1-2 / 4-1-3 / 4-1-6 / 4-5-1 / 4-5-2,base土台○ / 地力上位 / 当地巧者 / 級別傾向強い / 中枠攻め候補 / 攻めやや注意,9.05,AI★★★★★,1-5-6 / 5-4-6 / 4-1-5 / 2-5-6 / 4-5-1 / 4-5-2,見送り寄り,"朝:base土台○ / 地力上位 / 当地巧者 / 級別傾向強い / 中枠攻め候補 / 攻めやや注意 / base土台をやや保持 / 直前:展示差ややあり / 展示タイム差を確認 / 足:足差ややあり / 展示F:1,2,3注意 / 足:ST気配あり / 部品交換:2,6 / 足:4号艇足色良さげ / 整備:チルト:1:-0.5,2:-0.5,3:-0.5,4:-0.5,5:0,6:-0.5 / 部品交換:2:ピストン,リング,ピストンリング,シリンダ,キャリア,キャリアボデー,ギヤケース,電気,電気一式,キャブ,キャブレタ,シャフト,クランク,6:ピストン,リング,ピストンリング,シリンダ,電気,電気一式,キャブ,キャブレタ / 直前差小で朝寄り / 朝評価をやや優先 / 隊形:5一撃注意 / 4攻め注意",2026-04-24 23:48:26 JST,"[""6.92"", ""6.87"", ""6.92"", ""6.92"", ""6.80"", ""6.80""]",1:4 / 2:3 / 3:4 / 4:4 / 5:1 / 6:1,曇,4.0,3.0,,,0.0,1:-0.09 / 2:-0.08 / 3:-0.13 / 4:0.03 / 5:0.15 / 6:-0.02,1:A2 / A2 / A2 / A2 / 2:B1 / B1 / B1 / B1 / 3:B1 / B1 / B1 / B1 / 4:A1 / A1 / A1 / A1 / 5:B1 / B1 / B1 / B1 / 6:B2 / B2 / B2,1:宇野弥生 / 2:杉山太陽 / 3:石原 光 / 4:市橋卓士 / 5:石井孝之 / 6:櫻井 隼,1:-勝率|+当地|-モータ|-コース|+級別 / 2:-勝率|+当地|-モータ|-コース / 3:-勝率|-当地|-モータ|-ST|-コース|-近況 / 4:+勝率|+当地|-モータ|-コース|-近況|+級別 / 5:+当地|-モータ|-コース|-近況 / 6:+当地|-モータ|-コース|-級別,1:-勝率|+当地|-モータ|-コース|+級別 / 2:-勝率|+当地|-モータ|-コース / 3:-勝率|-当地|-モータ|-ST|-コース|-近況 / 4:+勝率|+当地|-モータ|-コース|-近況|+級別 / 5:+当地|-モータ|-コース|-近況 / 6:+当地|-モータ|-コース|-級別,,,,,,,,,,2026-04-24 23:48:26 JST,,,100,,,,3連単,4,,4.47,base素材○,base素材○ / 地力上位 / 当地巧者 / 級別傾向強い / 中枠攻め候補,2026-04-24 23:28:20 JST,,0
2026-04-24,14:26,福岡,5R,5,official_all,★★★★★,3-4-1 / 3-1-4 / 3-4-2 / 3-1-2 / 3-2-4 / 3-2-1,6.88,AI★★★★★,3-4-5 / 3-4-2 / 3-4-1 / 3-4-6 / 3-5-4 / 3-5-2,base土台○ / 当地巧者 / 級別傾向強い / 中枠攻め候補 / 差しやや警戒,6.88,AI★★★★★,1-2-4 / 4-2-3 / 3-4-2 / 2-3-4 / 3-4-6 / 3-4-5,様子見,"朝:base土台○ / 当地巧者 / 級別傾向強い / 中枠攻め候補 / 差しやや警戒 / base土台をやや保持 / 直前:展示差ややあり / 展示タイム差を確認 / 気象荒れ気味 / 波高5cm / 部品交換:1,6 / 足:4号艇足色良さげ / 整備:チルト:1:0,2:-0.5,3:-0.5,4:0,5:-0.5,6:-0.5 / 部品交換:1:ピストン,リング,ピストンリング,電気,電気一式,6:ピストン,リング,ピストンリング,電気,電気一式,キャブ,キャブレタ / 直前差小で朝寄り / 朝評価をやや優先 / 隊形:4攻め注意 / 1逃げ本線",2026-04-24 23:48:26 JST,"[""6.81"", ""6.84"", ""6.81"", ""6.85"", ""6.91"", ""6.82""]",1:1 / 2:4 / 3:1 / 4:5 / 5:6 / 6:3,晴,5.0,5.0,,,-0.2,1:-0.03 / 2:0.01 / 3:0.07 / 4:0.27 / 5:-0.23 / 6:0.02,1:B1 / A2 / B1 / B1 / 2:B1 / B1 / A2 / B1 / 3:A1 / A1 / A1 / A1 / 4:A1 / A1 / A2 / B1 / 5:B1 / B1 / B1 / A2 / 6:B2 / B2 / B2,1:大賀龍之 / 2:國分将太 / 3:杉山裕也 / 4:中野希一 / 5:吉田 光 / 6:藤山湧太,1:-勝率|+当地|-モータ|-コース / 2:-勝率|+当地|-モータ|-コース / 3:-勝率|+当地|-モータ|-コース|-近況|+級別 / 4:-勝率|+当地|-モータ|-コース|-近況|+級別 / 5:+当地|-モータ|-コース|-近況 / 6:-当地|-モータ|-ST|-コース|-級別,1:-勝率|+当地|-モータ|-コース / 2:-勝率|+当地|-モータ|-コース / 3:-勝率|+当地|-モータ|-コース|-近況|+級別 / 4:-勝率|+当地|-モータ|-コース|-近況|+級別 / 5:+当地|-モータ|-コース|-近況 / 6:-当地|-モータ|-ST|-コース|-級別,,,,,,,,,,2026-04-24 23:48:26 JST,,,100,,,,3連単,5,,5.07,base素材○,base素材○ / 当地巧者 / 級別傾向強い / 中枠攻め候補,2026-04-24 23:28:20 JST,,0
2026-04-24,14:29,鳴門,12R,12,official_all,★★★★☆,3-2-1 / 3-1-2 / 3-2-6 / 3-1-6 / 3-6-2 / 3-6-1,5.35,AI★★★★★,2-1-3 / 2-1-5 / 2-1-6 / 2-1-4 / 2-3-1 / 2-3-5,base土台◎ / 当地巧者 / 級別傾向強い,5.48,AI★★★★★,1-3-4 / 3-1-4 / 1-3-5 / 2-1-5 / 2-3-1 / 2-1-3,買い,"朝:base土台◎ / 当地巧者 / 級別傾向強い / base土台を強めに保持 / 直前:展示差あり / 展示タイム差を確認 / 気象安定 / 足:足差ややあり / 展示F:6注意 / 足:ST気配あり / 部品交換:1,2,5,6 / 足:3号艇足色良さげ / 整備:チルト:1:0,2:0,3:0,4:-0.5,5:-0.5,6:0.5 / 部品交換:1:ピストン,リング,ピストンリング,2:ピストン,リング,ピストンリング,シリンダ,キャリア,キャリアボデー,ギヤケース,電気,電気一式,キャブ,キャブレタ,シャフト,クランク,プロペラ,ペラ,5:ピストン,リング,ピストンリング,シリンダ,キャリア,キャリアボデー,ギヤケース,電気,電気一式,キャブ,キャブレタ,シャフト,クランク,6:ピストン / 直前差中で少し動かす / 隊形:1逃げ本線 / 3攻め注意",2026-04-24 23:48:26 JST,"[""6.73"", ""6.90"", ""6.77"", ""6.74"", ""6.79"", ""6.77""]",1:1 / 2:6 / 3:3 / 4:2 / 5:5 / 6:3,曇,2.0,2.0,,,0.08,1:0.29 / 2:-0.43 / 3:0.25 / 4:0.06 / 5:0.01 / 6:-0.05,1:A1 / A1 / A1 / A1 / 2:A1 / A1 / A1 / A1 / 3:A1 / A2 / B1 / B1 / 4:B1 / B2 / B2 / B2 / 5:B1 / B1 / B1 / B1 / 6:B1 / B1 / B1 / B1,1:木村仁紀 / 2:木完 / 3:田中駿兵 / 4:小林甘寧 / 5:中渡修作 / 6:垂水 悠,1:-勝率|+当地|-モータ|-コース|+級別 / 2:-勝率|+当地|-モータ|-コース|+級別 / 3:-勝率|+当地|-モータ|-コース|-近況|+級別 / 4:-勝率|+当地|-モータ|-ST|-コース|-近況 / 5:+当地|-モータ|-コース|+近況 / 6:-モータ|-コース|-近況,1:-勝率|+当地|-モータ|-コース|+級別 / 2:-勝率|+当地|-モータ|-コース|+級別 / 3:-勝率|+当地|-モータ|-コース|-近況|+級別 / 4:-勝率|+当地|-モータ|-ST|-コース|-近況 / 5:+当地|-モータ|-コース|+近況 / 6:-モータ|-コース|-近況,,,,,,,,,,2026-04-24 23:48:26 JST,,,100,,,,3連単,3,,5.6,base素材○,base素材○ / 当地巧者 / 級別傾向強い,2026-04-24 23:28:20 JST,,0
2026-04-24,14:32,津,9R,9,official_all,★★☆☆☆,2-5-6 / 2-6-5 / 2-5-4 / 2-6-4 / 2-4-5 / 2-4-6,3.04,AI★★★★★,2-6-5 / 2-6-4 / 2-6-1 / 2-6-3 / 2-5-6 / 2-5-4,base土台◎ / 当地巧者 / 級別傾向強い / インやや強め,3.15,AI★★★★☆,1-4-5 / 4-1-5 / 4-2-1 / 2-6-5 / 2-6-4 / 2-6-1,様子見,"公式低評価AI検証 / 朝:base土台◎ / 当地巧者 / 級別傾向強い / インやや強め / base土台を強めに保持 / 直前:展示差ややあり / 展示タイム差を確認 / 気象安定 / 足:ST気配あり / 部品交換:3,4,6 / 足:4号艇足色良さげ / 整備:チルト:1:0,2:-0.5,3:-0.5,4:0,5:0,6:0 / 部品交換:3:ピストン,リング,ピストンリング,シリンダ,キャリア,キャリアボデー,ギヤケース,電気,電気一式,キャブ,キャブレタ,シャフト,クランク,プロペラ,ペラ,4:ピストン,リング,ピストンリング,シリンダ,キャリア,キャリアボデー,ギヤケース,電気,電気一式,キャブ,キャブレタ,シャフト,クランク,6:ピストン,リング,ピストンリング,シリンダ,電気,電気一式,キャブ,キャブレタ / 直前差中で少し動かす / 隊形:4攻め注意 / 1逃げ本線",2026-04-24 23:48:26 JST,"[""6.71"", ""6.77"", ""6.82"", ""6.80"", ""6.76"", ""6.73""]",1:1 / 2:4 / 3:6 / 4:5 / 5:3 / 6:2,曇,2.0,1.0,,,0.09,1:0.15 / 2:0.01 / 3:-0.22 / 4:0.16 / 5:0.02 / 6:-0.02,1:B1 / A2 / A2 / B1 / 2:A1 / A1 / A2 / A2 / 3:B2 / B1 / A2 / B1 / 4:A2 / B1 / A2 / B1 / 5:A2 / A2 / A2 / A2 / 6:A2 / A2 / A2 / A2,1:関口智久 / 2:池田雄一 / 3:中澤宏奈 / 4:塚越海斗 / 5:鶴田勇雄 / 6:松村康太,1:-勝率|+当地|-モータ|-コース|+級別 / 2:-勝率|+当地|-モータ|-コース|+級別 / 3:-勝率|+当地|-モータ|-ST|-コース|-近況 / 4:-勝率|-モータ|-コース|-近況|+級別 / 5:-モータ|-コース|-近況|+級別 / 6:+当地|-モータ|-コース|+級別,1:-勝率|+当地|-モータ|-コース|+級別 / 2:-勝率|+当地|-モータ|-コース|+級別 / 3:-勝率|+当地|-モータ|-ST|-コース|-近況 / 4:-勝率|-モータ|-コース|-近況|+級別 / 5:-モータ|-コース|-近況|+級別 / 6:+当地|-モータ|-コース|+級別,,,,,,,,,,2026-04-24 23:48:26 JST,,,100,,,,3連単,4,,2.76,base素材○,base素材○ / 当地巧者 / 級別傾向強い,2026-04-24 23:28:20 JST,,0
2026-04-24,14:37,常滑,10R,10,official_all,★☆☆☆☆,1-3-6 / 1-6-3 / 1-3-4 / 1-6-4 / 1-4-3 / 1-4-6,3.18,AI★★★★★,1-6-3 / 1-6-4 / 1-6-5 / 1-6-2 / 1-3-6 / 1-3-4,base土台◎ / 当地巧者 / 級別傾向強い / 1号艇有利,3.26,AI★★★★☆,1-6-4 / 4-2-1 / 4-2-6 / 2-4-1 / 1-6-2 / 1-3-4,様子見,"公式低評価AI検証 / 朝:base土台◎ / 当地巧者 / 級別傾向強い / 1号艇有利 / base土台を強めに保持 / 直前:気象安定 / 展示F:1注意 / 部品交換:4 / 足:4号艇足色良さげ / 整備:チルト:1:0,2:0,3:-0.5,4:0,5:-0.5,6:-0.5 / 部品交換:4:リング / 直前差小で朝寄り / 朝評価をやや優先 / 隊形:4攻め注意 / 1逃げ本線",2026-04-24 23:48:26 JST,"[""6.70"", ""6.72"", ""6.79"", ""6.69"", ""6.78"", ""6.74""]",1:2 / 2:3 / 3:6 / 4:1 / 5:5 / 6:4,曇,2.0,1.0,,,0.09,1:0.08 / 2:0.03 / 3:-0.14 / 4:0.29 / 5:-0.09 / 6:-0.08,1:A1 / A2 / A1 / A1 / 2:B2 / A2 / B1 / B1 / 3:A2 / A2 / B1 / A2 / 4:B1 / A2 / B1 / B1 / 5:B1 / B1 / B1 / A2 / 6:A2 / A2 / A2 / A1,1:野中一平 / 2:金山立樹 / 3:杉田篤光 / 4:杉山勝匡 / 5:佐藤 旭 / 6:一瀬 明,1:-勝率|+当地|-モータ|-コース|+級別 / 2:-勝率|+当地|-モータ|-ST|-コース|-級別 / 3:-勝率|+当地|-モータ|-コース|-近況|+級別 / 4:-勝率|+当地|-モータ|-コース|-近況 / 5:-モータ|-コース|-近況 / 6:+勝率|+当地|-モータ|-コース|+近況|+級別,1:-勝率|+当地|-モータ|-コース|+級別 / 2:-勝率|+当地|-モータ|-ST|-コース|-級別 / 3:-勝率|+当地|-モータ|-コース|-近況|+級別 / 4:-勝率|+当地|-モータ|-コース|-近況 / 5:-モータ|-コース|-近況 / 6:+勝率|+当地|-モータ|-コース|+近況|+級別,,,,,,,,,,2026-04-24 23:48:26 JST,,,100,,,,3連単,4,,3.05,base素材○,base素材○ / 当地巧者 / 級別傾向強い / 1号艇有利,2026-04-24 23:28:20 JST,,0
2026-04-24,14:41,児島,8R,8,official_all,★★★★★,2-6-3 / 2-3-6 / 2-6-5 / 2-3-5 / 2-5-6 / 2-5-3,3.41,AI★★★★★,2-6-5 / 2-6-3 / 2-6-4 / 2-6-1 / 2-5-6 / 2-5-3,base土台◎ / 当地巧者 / 級別傾向強い / インやや強め,3.55,AI★★★★☆,1-2-4 / 3-2-4 / 2-3-4 / 2-6-3 / 2-6-4 / 2-6-5,買い,"朝:base土台◎ / 当地巧者 / 級別傾向強い / インやや強め / base土台を強めに保持 / 直前:展示差あり / 展示タイム差を確認 / 気象安定 / 足:足差ややあり / 足:ST気配あり / 部品交換:5,6 / 足:3号艇足色良さげ / 整備:チルト:1:-0.5,2:0,3:0,4:-0.5,5:-0.5,6:0 / 部品交換:5:ピストン,リング,ピストンリング,6:ピストン,リング,ピストンリング,シリンダ,ギヤケース,電気,電気一式,キャブ,キャブレタ,シャフト,クランク / 直前差中で少し動かす / 隊形:3攻め注意 / 2差し注意 / 開催:2日目でやや本命寄り",2026-04-24 23:48:26 JST,"[""6.80"", ""6.78"", ""6.84"", ""6.76"", ""6.92"", ""6.89""]",1:3 / 2:2 / 3:4 / 4:1 / 5:6 / 6:5,晴,2.0,3.0,,,0.04,1:0.04 / 2:0.15 / 3:0.20 / 4:0.17 / 5:-0.48 / 6:-0.22,1:B2 / B1 / B1 / B1 / 2:A2 / A1 / A1 / A2 / 3:B1 / A2 / B1 / B1 / 4:B1 / B1 / B2 / B2 / 5:B1 / A2 / B1 / B1 / 6:B1 / B1 / B1 / B1,1:藤井公人 / 2:河野 大 / 3:前出達吉 / 4:吉田一心 / 5:松尾光広 / 6:山本景士,1:-勝率|+当地|-モータ|-ST|-コース|-級別 / 2:-勝率|+当地|-モータ|-コース|+級別 / 3:-勝率|-モータ|-ST|-コース|-近況 / 4:-勝率|-当地|-モータ|-ST|-コース|-近況 / 5:+当地|-モータ|-コース|-近況 / 6:+当地|-モータ|-コース,1:-勝率|+当地|-モータ|-ST|-コース|-級別 / 2:-勝率|+当地|-モータ|-コース|+級別 / 3:-勝率|-モータ|-ST|-コース|-近況 / 4:-勝率|-当地|-モータ|-ST|-コース|-近況 / 5:+当地|-モータ|-コース|-近況 / 6:+当地|-モータ|-コース,,,,,,,,,,2026-04-24 23:48:26 JST,,,100,,,,3連単,2,,1.16,base素材保留,base素材保留 / 当地巧者 / 級別傾向強い,2026-04-24 23:28:20 JST,,0
2026-04-24,14:51,宮島,9R,9,official_all,★☆☆☆☆,4-5-3 / 4-3-5 / 4-5-2 / 4-3-2 / 4-2-5 / 4-2-3,5.1,AI★★★★★,5-6-3 / 5-6-4 / 5-6-2 / 5-6-1 / 5-3-6 / 5-3-4,base土台○ / 別格 / 地力上位 / 当地巧者 / 級別傾向強い,5.19,AI★★★★★,1-6-5 / 6-1-5 / 1-6-2 / 3-6-1 / 5-6-1 / 5-6-3,様子見,"公式低評価AI検証 / 朝:base土台○ / 別格 / 地力上位 / 当地巧者 / 級別傾向強い / base土台をやや保持 / 直前:気象安定 / 展示F:5注意 / 足:ST気配あり / 部品交換:2,4,6 / ピット:2:回り足 / 4:+伸び|+回り足 / 足:6号艇足色良さげ / 整備:チルト:1:-0.5,2:0,3:-0.5,4:0,5:-0.5,6:0 / 部品交換:2:ピストン,リング,ピストンリング,シリンダ,キャリア,キャリアボデー,ギヤケース,電気,電気一式,キャブ,キャブレタ,シャフト,クランク,プロペラ,ペラ,4:ピストン,リング,ピストンリング,シリンダ,キャリア,キャリアボデー,ギヤケース,電気,電気一式,キャブ,キャブレタ,シャフト,クランク,6:ピストン,リング,ピストンリング,シリンダ,電気,電気一式,キャブ,キャブレタ / ピット:2:回り足 / 4:+伸び|+回り足 / 直前差中で少し動かす / 隊形:6一撃注意 / 1逃げ本線",2026-04-24 23:48:26 JST,"[""6.62"", ""6.63"", ""6.61"", ""6.63"", ""6.58"", ""6.60""]",1:4 / 2:5 / 3:3 / 4:5 / 5:1 / 6:2,曇,2.0,2.0,,,0.08,1:0.12 / 2:-0.02 / 3:0.00 / 4:-0.08 / 5:0.00 / 6:0.24,1:A1 / A1 / A1 / A1 / 2:A1 / A1 / A1 / A1 / 3:A1 / A1 / A1 / A1 / 4:A1 / A1 / A1 / A1 / 5:A1 / A1 / A1 / A1 / 6:A1 / A1 / A1 / A1,1:服部幸男 / 2:江夏 満 / 3:杉山正樹 / 4:石渡鉄兵 / 5:菊地孝平 / 6:湯川浩司,1:-勝率|+当地|-モータ|+級別 / 2:-勝率|+当地|-モータ|+級別 / 3:-勝率|+当地|-モータ|-近況|+級別 / 4:+勝率|-モータ|-近況|+級別 / 5:+別格|+勝率|+当地|-モータ|-コース|-近況 / 6:+勝率|-モータ|-コース|+級別,1:-勝率|+当地|-モータ|+級別 / 2:-勝率|+当地|-モータ|+級別 / 3:-勝率|+当地|-モータ|-近況|+級別 / 4:+勝率|-モータ|-近況|+級別 / 5:+別格|+勝率|+当地|-モータ|-コース|-近況 / 6:+勝率|-モータ|-コース|+級別,,,,,,,,,,2026-04-24 23:48:26 JST,,,100,,,,3連単,4,,7.56,base素材◎,base素材◎ / 別格 / 地力上位 / 当地巧者 / 級別傾向強い,2026-04-24 23:28:20 JST,,0
2026-04-24,14:53,福岡,6R,6,official_all,★★★★☆,4-3-1 / 4-1-3 / 4-3-2 / 4-1-2 / 4-2-3 / 4-2-1,6.51,AI★★★★★,4-3-1 / 4-3-6 / 4-3-5 / 4-3-2 / 4-1-3 / 4-1-6,base土台○ / 地力上位 / 当地巧者 / 級別傾向強い / 中枠攻め候補 / 差しやや警戒,6.52,AI★★★★★,1-2-4 / 4-3-1 / 1-4-2 / 3-1-4 / 2-1-4 / 4-1-3,様子見,"朝:base土台○ / 地力上位 / 当地巧者 / 級別傾向強い / 中枠攻め候補 / 差しやや警戒 / base土台をやや保持 / 直前:気象荒れ気味 / 風向北 / 波高5cm / 足:ST気配あり / 部品交換:1,3,6 / 足:1号艇足色良さげ / 整備:チルト:1:0,2:-0.5,3:0,4:-0.5,5:0,6:0.5 / 部品交換:1:ピストン,リング,ピストンリング,シリンダ,キャリア,キャリアボデー,ギヤケース,電気,電気一式,キャブ,キャブレタ,シャフト,クランク,3:ピストン,リング,ピストンリング,シリンダ,キャリア,キャリアボデー,ギヤケース,電気,電気一式,キャブ,キャブレタ,シャフト,クランク,プロペラ,ペラ,6:ピストン,リング,ピストンリング,シリンダ,電気,電気一式,キャブ,キャブレタ / 直前差中で少し動かす / 隊形:1逃げ本線",2026-04-24 23:48:26 JST,"[""6.79"", ""6.88"", ""6.85"", ""6.80"", ""6.86"", ""6.85""]",1:1 / 2:6 / 3:3 / 4:2 / 5:5 / 6:3,晴,5.0,5.0,,北,-0.2,1:0.27 / 2:-0.05 / 3:-0.02 / 4:0.08 / 5:-0.05 / 6:-0.11,1:A2 / A1 / A2 / A1 / 2:B1 / B1 / B1 / B1 / 3:A1 / A1 / A1 / A1 / 4:A1 / A1 / A1 / A1 / 5:B1 / B1 / B1 / B1 / 6:B1 / B1 / B1 / A2,1:安達裕樹 / 2:川崎公靖 / 3:北山康介 / 4:大上卓人 / 5:今出晋二 / 6:向所浩二,1:-勝率|+当地|-モータ|+級別 / 2:-勝率|+当地|-モータ / 3:-勝率|+当地|-モータ|-近況|+級別 / 4:+勝率|+当地|-モータ|-近況|+級別 / 5:-モータ|-近況 / 6:+当地|-モータ|-近況,1:-勝率|+当地|-モータ|+級別 / 2:-勝率|+当地|-モータ / 3:-勝率|+当地|-モータ|-近況|+級別 / 4:+勝率|+当地|-モータ|-近況|+級別 / 5:-モータ|-近況 / 6:+当地|-モータ|-近況,,,,,,,,,,2026-04-24 23:48:26 JST,,,100,,,,3連単,5,,6.73,base素材○,base素材○ / 地力上位 / 当地巧者 / 級別傾向強い / 中枠攻め候補,2026-04-24 23:28:20 JST,,0
2026-04-24,14:56,平和島,9R,9,official_all,★★★☆☆,4-1-5 / 4-5-1 / 4-1-3 / 4-5-3 / 4-3-1 / 4-3-5,6.29,AI★★★★★,4-1-5 / 4-1-6 / 4-1-3 / 4-1-2 / 4-5-1 / 4-5-6,base土台○ / 級別傾向強い / 中枠攻め候補 / 攻めやや注意,6.5,AI★★★★★,1-4-5 / 4-1-5 / 4-1-3 / 3-4-1 / 2-4-1 / 4-5-1,買い強め,"公式低評価AI検証 / 朝:base土台○ / 級別傾向強い / 中枠攻め候補 / 攻めやや注意 / base土台をやや保持 / 直前:展示差あり / 展示タイム差を確認 / 気象安定 / 足:足差あり / 足:ST気配あり / 部品交換:1,6 / 足:4号艇足色良さげ / 整備:チルト:1:-0.5,2:-0.5,3:-0.5,4:-0.5,5:-0.5,6:-0.5 / 部品交換:1:ピストン,リング,ピストンリング,シリンダ,キャリア,キャリアボデー,ギヤケース,電気,電気一式,キャブ,キャブレタ,シャフト,クランク,6:ピストン,リング,ピストンリング,シリンダ,電気,電気一式,キャブ,キャブレタ / 直前差大で直前重視 / 隊形:1逃げ本線 / 4攻め注意",2026-04-24 23:48:26 JST,"[""6.76"", ""6.99"", ""6.92"", ""6.87"", ""6.87"", ""7.01""]",1:1 / 2:5 / 3:4 / 4:2 / 5:2 / 6:6,曇,1.0,3.0,,,0.05,1:0.39 / 2:-0.30 / 3:-0.16 / 4:0.19 / 5:-0.12 / 6:-0.43,1:A2 / A1 / A2 / A2 / 2:B1 / B1 / B1 / B2 / 3:B1 / A2 / B1 / A2 / 4:A1 / A1 / A1 / A1 / 5:A2 / A2 / A2 / A2 / 6:B1 / B1 / B2 / B1,1:岩永雅人 / 2:森作広大 / 3:前川守嗣 / 4:和田拓也 / 5:金子 萌 / 6:芝田京介,1:-勝率|+当地|-モータ|+級別 / 2:-勝率|+当地|-モータ|-級別 / 3:-勝率|+当地|-モータ|-ST|-コース|-近況 / 4:-勝率|-当地|-モータ|-コース|-近況|+級別 / 5:-モータ|-コース|-近況|+級別 / 6:+当地|-モータ|-コース|-級別,1:-勝率|+当地|-モータ|+級別 / 2:-勝率|+当地|-モータ|-級別 / 3:-勝率|+当地|-モータ|-ST|-コース|-近況 / 4:-勝率|-当地|-モータ|-コース|-近況|+級別 / 5:-モータ|-コース|-近況|+級別 / 6:+当地|-モータ|-コース|-級別,,,,,,,,,,2026-04-24 23:48:26 JST,,,100,,,,3連単,4,,3.89,base素材○,base素材○ / 級別傾向強い / 中枠攻め候補,2026-04-24 23:28:20 JST,,0
2026-04-24,15:04,津,10R,10,official_all,★☆☆☆☆,2-6-1 / 2-1-6 / 2-6-3 / 2-1-3 / 2-3-6 / 2-3-1,7.59,AI★★★★★,6-2-1 / 6-2-5 / 6-2-3 / 6-2-4 / 6-1-2 / 6-1-5,base土台○ / 地力上位 / 級別傾向強い / インやや強め,7.8,AI★★★★★,1-3-2 / 3-1-2 / 1-2-3 / 2-1-3 / 6-1-2 / 6-2-1,買い強め,"公式低評価AI検証 / 朝:base土台○ / 地力上位 / 級別傾向強い / インやや強め / base土台をやや保持 / 直前:展示差あり / 展示タイム差を確認 / 気象安定 / 足:足差ややあり / 展示F:6注意 / 足:ST気配あり / 部品交換:2,3,5,6 / 足:1号艇足色良さげ / 整備:チルト:1:-0.5,2:-0.5,3:0,4:-0.5,5:0,6:-0.5 / 部品交換:2:ピストン,リング,ピストンリング,3:ピストン,リング,ピストンリング,シリンダ,キャリア,キャリアボデー,ギヤケース,電気,電気一式,キャブ,キャブレタ,シャフト,クランク,5:ピストン,6:ピストン,リング,ピストンリング,シリンダ,電気,電気一式,キャブ,キャブレタ / 直前差中で少し動かす / 隊形:1逃げ本線",2026-04-24 23:48:26 JST,"[""6.64"", ""6.77"", ""6.72"", ""6.78"", ""6.79"", ""6.77""]",1:1 / 2:3 / 3:2 / 4:5 / 5:6 / 6:3,曇,2.0,1.0,,,0.09,1:0.62 / 2:-0.07 / 3:-0.02 / 4:-0.18 / 5:-0.45 / 6:-0.21,1:A2 / A1 / A1 / A1 / 2:A1 / A1 / A2 / A2 / 3:A2 / B2 / B1 / B1 / 4:B1 / B1 / B1 / B1 / 5:B1 / B1 / B1 / B1 / 6:A1 / A1 / A1 / A1,1:下出卓矢 / 2:大澤普司 / 3:加藤高史 / 4:安田吉宏 / 5:佐藤ほの / 6:濱崎直矢,1:-勝率|+当地|-モータ|-コース|+級別 / 2:-勝率|+当地|-モータ|-コース|+級別 / 3:-勝率|+当地|-モータ|-コース|-近況|+級別 / 4:-勝率|+当地|-モータ|-ST|-コース|-近況 / 5:-モータ|-コース|-近況 / 6:+勝率|-当地|-モータ|-コース|-近況|+級別,1:-勝率|+当地|-モータ|-コース|+級別 / 2:-勝率|+当地|-モータ|-コース|+級別 / 3:-勝率|+当地|-モータ|-コース|-近況|+級別 / 4:-勝率|+当地|-モータ|-ST|-コース|-近況 / 5:-モータ|-コース|-近況 / 6:+勝率|-当地|-モータ|-コース|-近況|+級別,,,,,,,,,,2026-04-24 23:48:26 JST,,,100,,,,3連単,4,,5.63,base素材○,base素材○ / 地力上位 / 級別傾向強い,2026-04-24 23:28:20 JST,,0
2026-04-24,15:10,児島,9R,9,official_all,★☆☆☆☆,1-4-2 / 1-2-4 / 1-4-5 / 1-2-5 / 1-5-4 / 1-5-2,0.2,AI★★☆☆☆,1-6-4 / 1-6-3 / 1-6-5 / 1-6-2 / 1-4-6 / 1-4-3,base土台○ / 当地巧者 / 級別傾向強い / 1号艇有利 / インやや強め,0.37,AI★☆☆☆☆,1-2-5 / 2-1-5 / 1-2-4 / 4-2-1 / 1-6-2 / 1-6-4,見送り寄り,"公式低評価AI検証 / 朝:base土台○ / 当地巧者 / 級別傾向強い / 1号艇有利 / インやや強め / base土台をやや保持 / 直前:展示差あり / 展示タイム差を確認 / 気象安定 / 足:足差ややあり / 展示F:4注意 / 足:ST気配あり / 部品交換:1,4,5,6 / 足:1号艇足色良さげ / 整備:チルト:1:-0.5,2:-0.5,3:-0.5,4:-0.5,5:-0.5,6:-0.5 / 部品交換:1:ピストン,リング,ピストンリング,シリンダ,キャリア,キャリアボデー,ギヤケース,電気,電気一式,キャブ,キャブレタ,シャフト,クランク,4:ピストン,5:ピストン,リング,ピストンリング,シリンダ,キャリア,キャリアボデー,ギヤケース,電気,電気一式,キャブ,キャブレタ,シャフト,クランク,プロペラ,ペラ,6:ピストン,リング,ピストンリング,シリンダ,電気,電気一式,キャブ,キャブレタ / 直前差中で少し動かす / 隊形:1逃げ本線 / 2差し注意 / 開催:2日目でやや本命寄り",2026-04-24 23:48:26 JST,"[""6.84"", ""6.75"", ""6.85"", ""6.83"", ""6.85"", ""6.93""]",1:3 / 2:1 / 3:4 / 4:2 / 5:4 / 6:6,晴,2.0,3.0,,,0.04,1:0.26 / 2:0.22 / 3:-0.16 / 4:-0.05 / 5:-0.05 / 6:-0.37,1:A2 / B1 / A2 / A2 / 2:B1 / B1 / B1 / B1 / 3:B1 / B1 / B1 / B1 / 4:B1 / B1 / B1 / A2 / 5:B1 / B1 / B1 / A2 / 6:B1 / B1 / B1 / B1,1:渡部 悟 / 2:梅木敬太 / 3:松尾基成 / 4:抹香雄三 / 5:岩津徹郎 / 6:平岡重典,1:-勝率|+当地|-モータ|-コース|+級別 / 2:-勝率|-モータ|-ST|-コース / 3:-勝率|+当地|-モータ|-コース|-近況 / 4:-勝率|+当地|-モータ|-コース|-近況 / 5:-当地|-モータ|-ST|-コース / 6:+当地|-モータ|-コース|-近況,1:-勝率|+当地|-モータ|-コース|+級別 / 2:-勝率|-モータ|-ST|-コース / 3:-勝率|+当地|-モータ|-コース|-近況 / 4:-勝率|+当地|-モータ|-コース|-近況 / 5:-当地|-モータ|-ST|-コース / 6:+当地|-モータ|-コース|-近況,,,,,,,,,,2026-04-24 23:48:26 JST,,,100,,,,3連単,2,,-0.86,base素材危険,base素材危険 / 当地巧者 / 級別傾向強い / 1号艇有利,2026-04-24 23:28:20 JST,,0
2026-04-24,15:14,常滑,11R,11,official_all,★★★☆☆,4-1-5 / 4-5-1 / 4-1-2 / 4-5-2 / 4-2-1 / 4-2-5,2.05,AI★★★★☆,5-4-1 / 5-4-2 / 5-4-3 / 5-4-6 / 5-1-4 / 5-1-2,base危険 / 級別傾向強い,2.28,AI★★★☆☆,4-1-5 / 1-4-5 / 4-5-1 / 5-4-1 / 2-4-1 / 5-4-2,様子見,"公式低評価AI検証 / 朝:base危険 / 級別傾向強い / base危険で買い上げ抑制 / 直前:展示差あり / 展示タイム差を確認 / 進入:1-2-4-3-5-6 / 気象安定 / 足:足差あり / 足:ST気配あり / 足:進入変化 / 部品交換:3,4,6 / 4前づけ / 整備:チルト:1:-0.5,2:-0.5,3:-0.5,4:0.5,5:0,6:0 / 部品交換:3:ピストン,リング,ピストンリング,シリンダ,キャリア,キャリアボデー,ギヤケース,電気,電気一式,キャブ,キャブレタ,シャフト,クランク,4:ピストン,リング,ピストンリング,シリンダ,キャリア,キャリアボデー,ギヤケース,電気,電気一式,キャブ,キャブレタ,シャフト,クランク,プロペラ,ペラ,6:ピストン,リング,ピストンリング,シリンダ,電気,電気一式,キャブ,キャブレタ / 進入変化ありで直前重視 / 隊形:4攻め注意 / 1逃げ本線 / 進入:1-2-4-3-5-6",2026-04-24 23:48:26 JST,"[""6.71"", ""6.74"", ""6.72"", ""6.57"", ""6.72"", ""6.79""]",1:2 / 2:5 / 3:3 / 4:1 / 5:3 / 6:6,曇,2.0,1.0,,,0.09,1:0.08 / 2:-0.15 / 3:-0.37 / 4:0.40 / 5:0.03 / 6:-0.40,1:A2 / A2 / B1 / B1 / 2:B1 / B1 / B1 / B1 / 3:B1 / B1 / B1 / B1 / 4:A2 / A1 / A2 / A1 / 5:A2 / A2 / A1 / A2 / 6:B2 / B2 / B2 / B2,1:野末智一 / 2:長畑友輔 / 3:久保原秀 / 4:藤山翔大 / 5:小林 泰 / 6:金子怜央,1:-勝率|+当地|-モータ|-コース|+級別 / 2:-勝率|+当地|-モータ|-コース / 3:-勝率|-当地|-モータ|-ST|-コース|-近況 / 4:-勝率|-当地|-モータ|-ST|-コース|-近況 / 5:-モータ|-コース|-近況|+級別 / 6:-当地|-モータ|-コース|-級別,1:-勝率|+当地|-モータ|-コース|+級別 / 2:-勝率|+当地|-モータ|-コース / 3:-勝率|-当地|-モータ|-ST|-コース|-近況 / 4:-勝率|-当地|-モータ|-ST|-コース|-近況 / 5:-モータ|-コース|-近況|+級別 / 6:-当地|-モータ|-コース|-級別,,,,,,,,,,2026-04-24 23:48:26 JST,,,100,,,,3連単,4,,1.17,base素材保留,base素材保留 / 級別傾向強い,2026-04-24 23:28:20 JST,,0
2026-04-24,15:17,住之江,1R,1,official_all,★★☆☆☆,4-5-3 / 4-3-5 / 4-5-1 / 4-3-1 / 4-1-5 / 4-1-3,4.69,AI★★★★★,4-6-5 / 4-6-1 / 4-6-3 / 4-6-2 / 4-5-6 / 4-5-1,base土台○ / 当地巧者 / 級別傾向強い / 中枠攻め候補 / 攻めやや注意,4.79,AI★★★★★,1-2-5 / 2-3-5 / 5-2-3 / 3-2-5 / 4-6-5 / 4-5-1,買い,"公式低評価AI検証 / 朝:base土台○ / 当地巧者 / 級別傾向強い / 中枠攻め候補 / 攻めやや注意 / base土台をやや保持 / 直前:展示差あり / 展示タイム差を確認 / 気象安定 / 足:足差あり / 展示F:1,3,4,6注意 / 部品交換:5,6 / 足:2号艇足色良さげ / 整備:チルト:1:0,2:-0.5,3:-0.5,4:-0.5,5:-0.5,6:0 / 部品交換:5:ピストン,リング,ピストンリング,6:ピストン,リング,ピストンリング,シリンダ,ギヤケース,電気,電気一式,キャブ,キャブレタ,シャフト,クランク / 直前差中で少し動かす / 隊形:2差し注意 / 5一撃注意 / 開催:2日目でやや本命寄り",2026-04-24 23:48:26 JST,"[""7.10"", ""7.04"", ""6.96"", ""7.02"", ""6.90"", ""7.08""]",1:6 / 2:4 / 3:2 / 4:3 / 5:1 / 6:5,曇,3.0,1.0,,,0.05,1:-0.21 / 2:0.06 / 3:0.08 / 4:-0.14 / 5:0.13 / 6:-0.29,1:B1 / A2 / A2 / B1 / 2:B1 / B1 / B2 / B2 / 3:B1 / B1 / B1 / B1 / 4:A2 / A1 / A1 / A2 / 5:B1 / B1 / B1 / B1 / 6:B1 / B1 / B1 / B1,1:松下直也 / 2:横田海人 / 3:上之晃弘 / 4:中野仁照 / 5:福岡泉水 / 6:宇土泰就,1:-勝率|+当地|-モータ|+級別 / 2:-勝率|+当地|-モータ|-級別 / 3:-勝率|+当地|-モータ|-近況 / 4:-勝率|+当地|-モータ|-近況|+級別 / 5:+当地|-モータ|-近況 / 6:+当地|-モータ,1:-勝率|+当地|-モータ|+級別 / 2:-勝率|+当地|-モータ|-級別 / 3:-勝率|+当地|-モータ|-近況 / 4:-勝率|+当地|-モータ|-近況|+級別 / 5:+当地|-モータ|-近況 / 6:+当地|-モータ,,,,,,,,,,2026-04-24 23:48:26 JST,,,100,,,,3連単,2,,2.02,base素材○,base素材○ / 当地巧者 / 級別傾向強い / 中枠攻め候補,2026-04-24 23:28:20 JST,,0
2026-04-24,15:18,桐生,1R,1,official_all,★★★☆☆,1-5-3 / 1-3-5 / 1-5-2 / 1-3-2 / 1-2-5 / 1-2-3,0.38,AI★★☆☆☆,5-2-3 / 5-2-1 / 5-2-6 / 5-2-4 / 5-3-2 / 5-3-1,base危険 / 当地巧者 / インやや強め,0.52,AI★☆☆☆☆,1-2-6 / 6-2-1 / 2-6-1 / 4-2-6 / 1-6-2 / 5-2-3,見送り寄り,"公式低評価AI検証 / 朝:base危険 / 当地巧者 / インやや強め / base危険で買い上げ抑制 / 直前:展示差あり / 展示タイム差を確認 / 気象安定 / 風向東 / 足:足差あり / 足:ST気配あり / 部品交換:1 / 足:2号艇足色良さげ / 整備:チルト:1:-0.5,2:-0.5,3:-0.5,4:-0.5,5:-0.5,6:-0.5 / 部品交換:1:リング / 直前差大で直前重視 / 隊形:6一撃注意 / 2差し注意",2026-04-24 23:48:26 JST,"[""6.77"", ""6.83"", ""6.90"", ""6.78"", ""6.78"", ""6.70""]",1:2 / 2:5 / 3:6 / 4:3 / 5:3 / 6:1,晴,3.0,2.0,,東,0.04,1:0.07 / 2:0.10 / 3:-0.36 / 4:-0.17 / 5:-0.08 / 6:0.19,1:B1 / B1 / B1 / B1 / 2:B1 / B1 / B1 / B1 / 3:B1 / B1 / B1 / B2 / 4:B2 / B2 / B2 / B1 / 5:B1 / B1 / B1 / A2 / 6:B1 / B2 / B2 / B2,1:土井歩夢 / 2:大場広孝 / 3:谷本幸司 / 4:三松直美 / 6:高木茉白,1:-勝率|+当地|-モータ / 2:-勝率|+当地|-モータ / 3:-勝率|+当地|-モータ|-近況|-級別 / 4:-勝率|+当地|-モータ|-ST|-近況|-級別 / 5:+当地|-モータ|-近況 / 6:+当地|-モータ|-級別,1:-勝率|+当地|-モータ / 2:-勝率|+当地|-モータ / 3:-勝率|+当地|-モータ|-近況|-級別 / 4:-勝率|+当地|-モータ|-ST|-近況|-級別 / 5:+当地|-モータ|-近況 / 6:+当地|-モータ|-級別,,,,,,,,,,2026-04-24 23:48:26 JST,,,100,,,,3連単,4,,-1.83,base素材危険,base素材危険 / 当地巧者,2026-04-24 23:28:20 JST,,0
2026-04-24,15:20,若松,1R,1,official_all,★★☆☆☆,5-3-1 / 5-1-3 / 5-3-6 / 5-1-6 / 5-6-3 / 5-6-1,0.54,AI★★☆☆☆,6-5-3 / 6-5-1 / 6-5-4 / 6-5-2 / 6-3-5 / 6-3-1,base危険 / 選手力上位 / 当地巧者 / 差しやや警戒,0.7,AI★☆☆☆☆,1-2-5 / 2-1-5 / 1-2-4 / 4-2-1 / 6-5-1 / 2-1-4,見送り寄り,"公式低評価AI検証 / 朝:base危険 / 選手力上位 / 当地巧者 / 差しやや警戒 / base危険で買い上げ抑制 / 直前:展示差ややあり / 展示タイム差を確認 / 気象安定 / 風向西 / 足:足差ややあり / 足:ST気配あり / 安定板使用 / 部品交換:5,6 / 足:1号艇足色良さげ / 整備:安定板使用 / チルト:1:-0.5,2:0,3:0,4:0,5:0,6:0 / 部品交換:5:ピストン,リング,ピストンリング,6:ピストン,リング,ピストンリング,シリンダ,ギヤケース,電気,電気一式,キャブ,キャブレタ,シャフト,クランク / 直前差中で少し動かす / 隊形:1逃げ本線 / 2差し注意",2026-04-24 23:48:26 JST,"[""7.00"", ""7.03"", ""7.13"", ""7.06"", ""7.06"", ""7.09""]",1:1 / 2:2 / 3:6 / 4:3 / 5:3 / 6:5,晴,2.0,2.0,,西,0.08,1:0.59 / 2:0.10 / 3:-0.37 / 4:-0.02 / 5:-0.05 / 6:-0.12,1:B1 / B1 / B1 / B1 / 2:B2 / B2 / B2 / B2 / 3:B1 / B1 / B1 / B1 / 4:B1 / B1 / B2 / B2 / 5:B1 / B1 / B1 / B1 / 6:B1 / B1 / B1 / B1,1:藤田美代 / 2:赤井星璃 / 3:西澤日花 / 4:冨名腰桃 / 5:中里優子 / 6:池 千夏,1:-勝率|+当地|-モータ / 2:-勝率|+当地|-モータ|-ST|-級別 / 3:-勝率|+当地|-モータ|-近況 / 4:-勝率|+当地|-モータ|-近況|-級別 / 5:+当地|-モータ / 6:+当地|-モータ,1:-勝率|+当地|-モータ / 2:-勝率|+当地|-モータ|-ST|-級別 / 3:-勝率|+当地|-モータ|-近況 / 4:-勝率|+当地|-モータ|-近況|-級別 / 5:+当地|-モータ / 6:+当地|-モータ,,,,,,,,,,2026-04-24 23:48:26 JST,,,100,,,,3連単,3,,-0.79,base素材危険,base素材危険 / 選手力上位 / 当地巧者,2026-04-24 23:28:20 JST,,0
2026-04-24,15:21,蒲郡,1R,1,official_all,★★★★☆,3-1-6 / 3-6-1 / 3-1-2 / 3-6-2 / 3-2-1 / 3-2-6,3.94,AI★★★★★,3-6-5 / 3-6-2 / 3-6-1 / 3-6-4 / 3-5-6 / 3-5-2,base土台◎ / 当地巧者 / 級別傾向強い / 中枠攻め候補 / インやや強め,4.0,AI★★★★☆,1-2-6 / 2-6-1 / 3-6-2 / 4-2-6 / 3-6-5 / 3-6-1,様子見,"朝:base土台◎ / 当地巧者 / 級別傾向強い / 中枠攻め候補 / インやや強め / base土台を強めに保持 / 直前:展示差ややあり / 展示タイム差を確認 / 気象安定 / 部品交換:5,6 / 整備:チルト:1:-0.5,2:0,3:-0.5,4:-0.5,5:-0.5,6:-0.5 / 部品交換:5:ピストン,リング,ピストンリング,6:ピストン,リング,ピストンリング,シリンダ,ギヤケース,電気,電気一式,キャブ,キャブレタ,シャフト,クランク / 直前差小で朝寄り / 朝評価をやや優先 / 隊形:1逃げ本線 / 2差し注意",2026-04-24 23:48:26 JST,"[""6.66"", ""6.63"", ""6.70"", ""6.70"", ""6.73"", ""6.68""]",1:2 / 2:1 / 3:4 / 4:4 / 5:6 / 6:3,曇,2.0,1.0,,,0.09,1:0.08 / 2:0.09 / 3:-0.05 / 4:-0.07 / 5:-0.24 / 6:0.12,1:B1 / B1 / B1 / A2 / 2:B1 / A2 / B1 / B1 / 3:A2 / A1 / A1 / A1 / 4:B2 / B1 / B1 / B1 / 5:B1 / B1 / B1 / B1 / 6:B1 / A2 / A2 / A2,1:大谷直弘 / 2:上野俊樹 / 3:島田賢人 / 4:眞崎武蔵 / 5:樋口範政 / 6:金田幸子,1:-勝率|+当地|-モータ / 2:-勝率|+当地|-モータ / 3:-勝率|+当地|-モータ|-近況|+級別 / 4:-勝率|+当地|-モータ|-ST|-近況|-級別 / 5:+当地|-モータ|-近況 / 6:+当地|-モータ|-近況|+級別,1:-勝率|+当地|-モータ / 2:-勝率|+当地|-モータ / 3:-勝率|+当地|-モータ|-近況|+級別 / 4:-勝率|+当地|-モータ|-ST|-近況|-級別 / 5:+当地|-モータ|-近況 / 6:+当地|-モータ|-近況|+級別,,,,,,,,,,2026-04-24 23:48:26 JST,,,100,,,,3連単,4,,2.23,base素材○,base素材○ / 当地巧者 / 級別傾向強い / 中枠攻め候補,2026-04-24 23:28:20 JST,,0
2026-04-24,15:23,福岡,7R,7,official_all,★★★★★,4-3-1 / 4-1-3 / 4-3-2 / 4-1-2 / 4-2-3 / 4-2-1,7.3,AI★★★★★,4-3-1 / 4-3-6 / 4-3-2 / 4-3-5 / 4-1-3 / 4-1-6,base土台○ / 地力上位 / 当地巧者 / 級別傾向強い / 中枠攻め候補 / 差しやや警戒,7.26,AI★★★★★,1-6-4 / 6-2-4 / 1-2-6 / 4-3-6 / 2-6-4 / 4-3-1,買い強め,"朝:base土台○ / 地力上位 / 当地巧者 / 級別傾向強い / 中枠攻め候補 / 差しやや警戒 / base土台をやや保持 / 直前:展示差ややあり / 展示タイム差を確認 / 進入:1-2-3-4-6-5 / 前づけで波乱含み / 気象荒れ気味 / 風向南 / 波高5cm / 足:足差ややあり / 足:ST気配あり / 足:進入変化 / 整備:チルト:1:-0.5,2:0,3:0,4:-0.5,5:0,6:-0.5 / 部品交換:2:ピストン,3:ピストン,リング,ピストンリング,シリンダ,キャリア,キャリアボデー,ギヤケース,電気,電気一式,キャブ,キャブレタ,シャフト,クランク,4:ピストン,リング,ピストンリング,シリンダ,キャリア,キャリアボデー,ギヤケース,電気,電気一式,キャブ,キャブレタ,シャフト,クランク,プロペラ,ペラ,6:ピストン,リング,ピストンリング / 進入変化ありで直前重視 / 隊形:1逃げ本線 / 6一撃注意 / 進入:1-2-3-4-6-5",2026-04-24 23:48:26 JST,"[""6.92"", ""6.82"", ""6.90"", ""6.85"", ""6.85"", ""6.79""]",1:6 / 2:2 / 3:5 / 4:3 / 5:3 / 6:1,晴,5.0,5.0,,南,-0.2,1:0.00 / 2:0.03 / 3:-0.13 / 4:0.08 / 5:-0.06 / 6:0.12,1:A2 / A2 / A2 / B1 / 2:B1 / B1 / B1 / B1 / 3:A2 / A2 / A2 / A1 / 4:A1 / A1 / A1 / A2 / 5:B2 / B2 / 6:B1 / B1 / B1 / B1,1:鈴木智啓 / 2:松下誉士 / 3:荒川健太 / 4:堀本和也 / 5:古園井綾 / 6:中野和裕,1:-勝率|+当地|-モータ|+級別 / 2:-勝率|+当地|-モータ / 3:-勝率|+当地|-モータ|-近況|+級別 / 4:+勝率|+当地|-モータ|-近況|+級別 / 5:+当地|-モータ|-コース|-近況|-級別 / 6:-モータ|-近況,1:-勝率|+当地|-モータ|+級別 / 2:-勝率|+当地|-モータ / 3:-勝率|+当地|-モータ|-近況|+級別 / 4:+勝率|+当地|-モータ|-近況|+級別 / 5:+当地|-モータ|-コース|-近況|-級別 / 6:-モータ|-近況,,,,,,,,,,2026-04-24 23:48:26 JST,,,100,,,,3連単,5,,4.41,base素材○,base素材○ / 地力上位 / 当地巧者 / 級別傾向強い / 中枠攻め候補,2026-04-24 23:28:20 JST,,0
2026-04-24,15:25,宮島,10R,10,official_all,★☆☆☆☆,1-6-2 / 1-2-6 / 1-6-5 / 1-2-5 / 1-5-6 / 1-5-2,5.14,AI★★★★★,6-4-3 / 6-4-2 / 6-4-1 / 6-4-5 / 6-3-4 / 6-3-2,base保留 / 地力上位 / 級別傾向強い / 差しやや警戒,5.23,AI★★★★★,1-2-5 / 2-3-1 / 1-2-3 / 3-2-1 / 6-3-2 / 6-4-3,買い,"公式低評価AI検証 / 朝:base保留 / 地力上位 / 級別傾向強い / 差しやや警戒 / base保留で買い上げ慎重 / 直前:展示差ややあり / 展示タイム差を確認 / 気象安定 / 足:足差ややあり / 足:ST気配あり / 部品交換:1,2,3,6 / ピット:4:伸び|回り足 / 足:3号艇足色良さげ / 整備:チルト:1:-0.5,2:-0.5,3:0.5,4:0,5:-0.5,6:-0.5 / 部品交換:1:ピストン,リング,ピストンリング,シリンダ,キャリア,キャリアボデー,ギヤケース,電気,電気一式,キャブ,キャブレタ,シャフト,クランク,2:ピストン,リング,ピストンリング,3:ピストン,6:ピストン,リング,ピストンリング,シリンダ,電気,電気一式,キャブ,キャブレタ / ピット:4:伸び|回り足 / 直前差中で少し動かす / 隊形:2差し注意 / 1逃げ本線",2026-04-24 23:48:26 JST,"[""6.61"", ""6.54"", ""6.68"", ""6.65"", ""6.62"", ""6.65""]",1:2 / 2:1 / 3:6 / 4:4 / 5:3 / 6:4,晴,2.0,2.0,,,0.08,1:0.08 / 2:0.21 / 3:-0.02 / 4:-0.24 / 5:-0.09 / 6:-0.14,1:A1 / A1 / A1 / A1 / 2:A1 / A1 / A1 / A1 / 3:A1 / A1 / A1 / A1 / 4:A1 / A1 / A1 / A1 / 5:A1 / A1 / A1 / A1 / 6:A1 / A1 / A1 / A1,2:平田忠則 / 3:重成一人 / 4:中島孝平 / 5:柴田 光 / 6:上平真二,1:-勝率|+当地|-モータ|+級別 / 2:-勝率|+当地|-モータ|+級別 / 3:-勝率|+当地|-モータ|-近況|+級別 / 4:+勝率|+当地|-モータ|-近況|+級別 / 5:-当地|-モータ|-コース|-近況|+級別 / 6:+勝率|-モータ|-コース|+級別,1:-勝率|+当地|-モータ|+級別 / 2:-勝率|+当地|-モータ|+級別 / 3:-勝率|+当地|-モータ|-近況|+級別 / 4:+勝率|+当地|-モータ|-近況|+級別 / 5:-当地|-モータ|-コース|-近況|+級別 / 6:+勝率|-モータ|-コース|+級別,,,,,,,,,,2026-04-24 23:48:26 JST,,,100,,,,3連単,4,,7.33,base素材○,base素材○ / 地力上位 / 級別傾向強い,2026-04-24 23:28:20 JST,,0
2026-04-24,15:29,平和島,10R,10,official_all,★★★☆☆,1-5-2 / 1-2-5 / 1-5-3 / 1-2-3 / 1-3-5 / 1-3-2,7.15,AI★★★★★,1-5-6 / 1-5-2 / 1-5-3 / 1-5-4 / 1-6-5 / 1-6-2,base土台◎ / 当地巧者 / 級別傾向強い / 1号艇有利 / 攻めやや注意,7.3,AI★★★★★,1-6-5 / 6-3-5 / 1-5-6 / 3-6-5 / 4-6-5 / 1-6-2,様子見,"公式低評価AI検証 / 朝:base土台◎ / 当地巧者 / 級別傾向強い / 1号艇有利 / 攻めやや注意 / base土台を強めに保持 / 直前:展示差あり / 展示タイム差を確認 / 気象安定 / 足:足差ややあり / 展示F:5注意 / 足:ST気配あり / チルト高:6:1.5 / 部品交換:2,6 / 足:6号艇足色良さげ / 整備:チルト:1:0,2:0,3:-0.5,4:0,5:-0.5,6:1.5 / 部品交換:2:ピストン,リング,ピストンリング,電気,電気一式,6:ピストン,リング,ピストンリング,シリンダ,ギヤケース,電気,電気一式,キャブ,キャブレタ,シャフト,クランク / 直前差中で少し動かす / 隊形:6一撃注意",2026-04-24 23:48:26 JST,"[""6.86"", ""6.99"", ""6.89"", ""6.93"", ""6.85"", ""6.82""]",1:3 / 2:6 / 3:4 / 4:5 / 5:2 / 6:1,曇,2.0,3.0,,,0.04,1:-0.08 / 2:-0.32 / 3:-0.00 / 4:-0.12 / 5:0.04 / 6:0.36,1:A1 / A1 / A1 / A1 / 2:B1 / B1 / A2 / B1 / 3:B1 / B1 / B1 / B1 / 4:B1 / B1 / B1 / B1 / 5:A2 / A2 / A2 / A2 / 6:A2 / B1 / B1 / B1,1:井上一輝 / 2:渡邉英児 / 3:伊久間陽 / 4:吉田宗弘 / 5:松井賢治 / 6:古賀智之,1:-勝率|+当地|-モータ|-コース|+級別 / 2:-勝率|+当地|-モータ|-コース / 3:-勝率|+当地|-モータ|-コース|-近況 / 4:-勝率|-モータ|-ST|-コース|-近況 / 5:-モータ|-コース|+級別 / 6:-当地|-モータ|-コース|+級別,1:-勝率|+当地|-モータ|-コース|+級別 / 2:-勝率|+当地|-モータ|-コース / 3:-勝率|+当地|-モータ|-コース|-近況 / 4:-勝率|-モータ|-ST|-コース|-近況 / 5:-モータ|-コース|+級別 / 6:-当地|-モータ|-コース|+級別,,,,,,,,,,2026-04-24 23:48:26 JST,,,100,,,,3連単,4,,4.02,base素材○,base素材○ / 当地巧者 / 級別傾向強い / 1号艇有利,2026-04-24 23:28:20 JST,,0
2026-04-24,15:38,児島,10R,10,official_all,★★★★★,4-5-2 / 4-2-5 / 4-5-6 / 4-2-6 / 4-6-5 / 4-6-2,2.41,AI★★★★☆,4-5-6 / 4-5-2 / 4-5-1 / 4-5-3 / 4-6-5 / 4-6-2,base土台○ / 級別傾向強い / 中枠攻め候補 / インやや強め,2.57,AI★★★☆☆,1-3-4 / 3-1-4 / 1-4-3 / 4-5-3 / 2-3-1 / 4-5-6,買い,"朝:base土台○ / 級別傾向強い / 中枠攻め候補 / インやや強め / base土台をやや保持 / 直前:展示差ややあり / 展示タイム差を確認 / 進入:1-3-2-4-5-6 / 展示F:5注意 / 足:ST気配あり / 足:進入変化 / 部品交換:1,3,6 / 3前づけ / 足:4号艇足色良さげ / 整備:チルト:1:0,2:0,3:-0.5,4:-0.5,5:-0.5,6:0 / 部品交換:1:ピストン,3:ピストン,リング,ピストンリング,シリンダ,キャリア,キャリアボデー,ギヤケース,電気,電気一式,キャブ,キャブレタ,シャフト,クランク,プロペラ,ペラ,6:ピストン,リング,ピストンリング,シリンダ,電気,電気一式,キャブ,キャブレタ / 進入変化ありで少し動かす / 隊形:1逃げ本線 / 3攻め注意 / 進入:1-3-2-4-5-6 / 開催:2日目でやや本命寄り",2026-04-24 23:48:26 JST,"[""6.77"", ""6.77"", ""6.82"", ""6.88"", ""6.84"", ""6.88""]",1:1 / 2:1 / 3:3 / 4:5 / 5:4 / 6:5,晴,3.0,3.0,,,0.0,1:0.17 / 2:-0.09 / 3:0.10 / 4:0.10 / 5:-0.09 / 6:-0.22,1:B1 / B1 / B1 / B1 / 2:A2 / B1 / A2 / A2 / 3:B1 / B1 / B2 / B1 / 4:A1 / A1 / A2 / A2 / 5:A2 / A2 / A2 / B1 / 6:B1 / A2 / A2 / B1,1:松下哲也 / 2:松本一毅 / 3:清水紀克 / 4:鈴谷一平 / 5:金田智博 / 6:星 栄爾,1:-勝率|+当地|-モータ / 2:-勝率|+当地|-モータ|-ST|-近況|+級別 / 3:-勝率|-当地|-モータ|-ST|-級別 / 4:-勝率|-当地|-モータ|-コース|-近況|+級別 / 5:-モータ|-コース|+級別 / 6:-モータ|-コース|+近況|+級別,1:-勝率|+当地|-モータ / 2:-勝率|+当地|-モータ|-ST|-近況|+級別 / 3:-勝率|-当地|-モータ|-ST|-級別 / 4:-勝率|-当地|-モータ|-コース|-近況|+級別 / 5:-モータ|-コース|+級別 / 6:-モータ|-コース|+近況|+級別,,,,,,,,,,2026-04-24 23:48:26 JST,,,100,,,,3連単,2,,1.34,base素材保留,base素材保留 / 級別傾向強い / 中枠攻め候補,2026-04-24 23:28:20 JST,,0
2026-04-24,15:39,津,11R,11,official_all,★☆☆☆☆,1-6-2 / 1-2-6 / 1-6-5 / 1-2-5 / 1-5-6 / 1-5-2,3.51,AI★★★★★,6-1-5 / 6-1-2 / 6-1-4 / 6-1-3 / 6-5-1 / 6-5-2,base土台○ / 選手力上位 / 級別傾向強い / インやや強め,3.66,AI★★★★☆,1-2-4 / 2-1-4 / 1-2-5 / 4-2-1 / 6-1-2 / 6-1-5,買い強め,"公式低評価AI検証 / 朝:base土台○ / 選手力上位 / 級別傾向強い / インやや強め / base土台をやや保持 / 直前:展示差ややあり / 展示タイム差を確認 / 気象安定 / 足:足差ややあり / 足:ST気配あり / 部品交換:1,3,5,6 / 足:1号艇足色良さげ / 整備:チルト:1:0,2:-0.5,3:0,4:-0.5,5:-0.5,6:-0.5 / 部品交換:1:ピストン,リング,ピストンリング,3:ピストン,リング,ピストンリング,シリンダ,キャリア,キャリアボデー,ギヤケース,電気,電気一式,キャブ,キャブレタ,シャフト,クランク,プロペラ,ペラ,5:ピストン,6:ピストン,リング,ピストンリング,シリンダ,電気,電気一式,キャブ,キャブレタ / 直前差中で少し動かす / 隊形:1逃げ本線",2026-04-24 23:48:26 JST,"[""6.72"", ""6.69"", ""6.80"", ""6.70"", ""6.73"", ""6.83""]",1:3 / 2:1 / 3:5 / 4:2 / 5:4 / 6:6,曇,1.0,1.0,,,0.1,1:0.36 / 2:0.08 / 3:-0.17 / 4:0.05 / 5:0.00 / 6:-0.34,1:A1 / A2 / A2 / A2 / 2:A2 / B1 / B1 / B1 / 3:B1 / B1 / B1 / B1 / 4:B1 / B1 / B1 / B1 / 5:A2 / B1 / B1 / A2 / 6:A1 / A1 / A2 / A2,1:川崎智幸 / 2:松田淳平 / 3:崎 利仁 / 4:鋤柄貴俊 / 5:土屋実沙 / 6:谷津幸宏,1:-勝率|+当地|-モータ|-コース|+級別 / 2:-勝率|-モータ|-コース|+級別 / 3:-勝率|+当地|-モータ|-ST|-コース|-近況 / 4:-勝率|-モータ|-ST|-コース|-近況 / 5:+当地|-モータ|-コース|-近況|+級別 / 6:-当地|-モータ|-コース|-近況|+級別,1:-勝率|+当地|-モータ|-コース|+級別 / 2:-勝率|-モータ|-コース|+級別 / 3:-勝率|+当地|-モータ|-ST|-コース|-近況 / 4:-勝率|-モータ|-ST|-コース|-近況 / 5:+当地|-モータ|-コース|-近況|+級別 / 6:-当地|-モータ|-コース|-近況|+級別,,,,,,,,,,2026-04-24 23:48:26 JST,,,100,,,,3連単,4,,2.6,base素材○,base素材○ / 選手力上位 / 級別傾向強い,2026-04-24 23:28:20 JST,,0
2026-04-24,15:44,桐生,2R,2,official_all,★★★☆☆,5-6-4 / 5-4-6 / 5-6-1 / 5-4-1 / 5-1-6 / 5-1-4,7.25,AI★★★★★,6-5-2 / 6-5-4 / 6-5-3 / 6-5-1 / 6-2-5 / 6-2-4,base土台○ / 地力上位 / 当地巧者 / ST良好 / 級別傾向強い / インやや強め,7.4,AI★★★★★,1-2-5 / 2-1-5 / 1-2-6 / 6-5-1 / 4-1-2 / 6-5-2,買い強め,"公式低評価AI検証 / 朝:base土台○ / 地力上位 / 当地巧者 / ST良好 / 級別傾向強い / インやや強め / base土台をやや保持 / 直前:展示差あり / 展示タイム差を確認 / 風向北 / 足:足差あり / 展示F:4,5注意 / 足:ST気配あり / 部品交換:5,6 / 足:1号艇足色良さげ / 整備:チルト:1:-0.5,2:-0.5,3:-0.5,4:-0.5,5:0,6:-0.5 / 部品交換:5:ピストン,リング,ピストンリング,6:ピストン,リング,ピストンリング,シリンダ,ギヤケース,電気,電気一式,キャブ,キャブレタ,シャフト,クランク / 直前差中で少し動かす / 隊形:1逃げ本線 / 2差し注意",2026-04-24 23:48:26 JST,"[""6.63"", ""6.68"", ""6.84"", ""6.78"", ""6.70"", ""6.73""]",1:1 / 2:2 / 3:6 / 4:5 / 5:3 / 6:4,曇,4.0,3.0,,北,0.0,1:0.57 / 2:-0.04 / 3:-0.36 / 4:-0.22 / 5:-0.10 / 6:-0.12,1:B1 / B1 / B1 / B2 / 2:A2 / A1 / A1 / B2 / 3:B1 / B1 / B1 / B1 / 4:B1 / A2 / B1 / A1 / 5:A1 / A1 / A1 / A1 / 6:A1 / A1 / A1 / A1,1:一色凌雅 / 2:山田晃大 / 3:増田 進 / 4:藤生雄人 / 5:常住 蓮 / 6:塩田北斗,1:-勝率|+当地|-モータ|-コース|-級別 / 2:-勝率|+当地|-モータ|-コース|+級別 / 3:-勝率|+当地|-モータ|-コース|-近況 / 4:-勝率|+当地|-モータ|-コース|-近況|+級別 / 5:+勝率|+当地|-モータ|-コース|-近況|+級別 / 6:+勝率|+当地|-モータ|+ST|-コース|+級別,1:-勝率|+当地|-モータ|-コース|-級別 / 2:-勝率|+当地|-モータ|-コース|+級別 / 3:-勝率|+当地|-モータ|-コース|-近況 / 4:-勝率|+当地|-モータ|-コース|-近況|+級別 / 5:+勝率|+当地|-モータ|-コース|-近況|+級別 / 6:+勝率|+当地|-モータ|+ST|-コース|+級別,,,,,,,,,,2026-04-24 23:48:26 JST,,,100,,,,3連単,4,,7.43,base素材◎,base素材◎ / 地力上位 / 当地巧者 / ST良好 / 級別傾向強い,2026-04-24 23:28:20 JST,,0
2026-04-24,15:47,若松,2R,2,official_all,★★★★★,6-4-2 / 6-2-4 / 6-4-3 / 6-2-3 / 6-3-4 / 6-3-2,10.93,AI★★★★★,6-5-4 / 6-5-3 / 6-5-1 / 6-5-2 / 6-4-5 / 6-4-3,base土台○ / 地力上位 / 当地巧者 / ST良好 / 級別傾向強い / 差しやや警戒,10.97,AI★★★★★,1-5-2 / 5-2-6 / 2-5-6 / 3-5-2 / 6-5-2 / 6-5-4,様子見,"朝:base土台○ / 地力上位 / 当地巧者 / ST良好 / 級別傾向強い / 差しやや警戒 / base土台をやや保持 / 直前:展示差ややあり / 展示タイム差を確認 / 進入:1-5-2-3-4-6 / 前づけで波乱含み / 気象荒れ気味 / 波高5cm / 足:足差ややあり / 展示F:1注意 / 足:進入変化 / 安定板使用 / 整備:安定板使用 / チルト:1:0,2:0.5,3:-0.5,4:-0.5,5:0,6:0 / 部品交換:6:リング / 進入変化ありで少し動かす / 隊形:5一撃注意 / 進入:1-5-2-3-4-6",2026-04-24 23:48:26 JST,"[""7.03"", ""6.99"", ""7.01"", ""7.08"", ""7.11"", ""7.08""]",1:3 / 2:1 / 3:2 / 4:4 / 5:6 / 6:4,晴,5.0,5.0,,,-0.2,1:-0.13 / 2:0.11 / 3:-0.06 / 4:-0.08 / 5:0.17 / 6:-0.09,1:B1 / B1 / B1 / B1 / 2:B2 / B1 / B1 / B1 / 3:B1 / B1 / B1 / A2 / 4:B1 / B1 / A2 / B1 / 5:B1 / B1 / B1 / B1 / 6:A1 / A1 / A1 / A1,1:大久保佑 / 2:五反田忍 / 3:犬童千秋 / 4:小野 桜 / 5:池田奈津 / 6:川野芽唯,1:-勝率|+当地|-モータ / 2:-勝率|+当地|-モータ|-ST|-コース|-級別 / 3:-勝率|+当地|-モータ|-コース|-近況 / 4:-勝率|+当地|-モータ|-コース|-近況 / 5:+当地|-モータ|-コース / 6:+勝率|+当地|-モータ|+ST|-コース|+級別,1:-勝率|+当地|-モータ / 2:-勝率|+当地|-モータ|-ST|-コース|-級別 / 3:-勝率|+当地|-モータ|-コース|-近況 / 4:-勝率|+当地|-モータ|-コース|-近況 / 5:+当地|-モータ|-コース / 6:+勝率|+当地|-モータ|+ST|-コース|+級別,,,,,,,,,,2026-04-24 23:48:26 JST,,,100,,,,3連単,3,,5.06,base素材◎,base素材◎ / 地力上位 / 当地巧者 / ST良好 / 級別傾向強い,2026-04-24 23:28:20 JST,,0
2026-04-24,15:48,蒲郡,2R,2,official_all,★★★★★,4-1-2 / 4-2-1 / 4-1-3 / 4-2-3 / 4-3-1 / 4-3-2,8.7,AI★★★★★,4-2-1 / 4-2-3 / 4-2-5 / 4-2-6 / 4-1-2 / 4-1-3,base土台◎ / 地力上位 / 当地巧者 / 級別傾向強い / 中枠攻め候補 / インやや強め,8.78,AI★★★★★,1-2-5 / 2-1-5 / 1-2-4 / 4-2-1 / 4-2-5 / 4-1-2,買い,"朝:base土台◎ / 地力上位 / 当地巧者 / 級別傾向強い / 中枠攻め候補 / インやや強め / base土台を強めに保持 / 直前:展示差あり / 展示タイム差を確認 / 気象安定 / 足:足差ややあり / 展示F:4,5,6注意 / 足:ST気配あり / 部品交換:5,6 / 足:1号艇足色良さげ / 整備:チルト:1:-0.5,2:0,3:0,4:-0.5,5:-0.5,6:-0.5 / 部品交換:5:ピストン,リング,ピストンリング,6:ピストン,リング,ピストンリング,シリンダ,ギヤケース,電気,電気一式,キャブ,キャブレタ,シャフト,クランク / 直前差小で朝寄り / 朝評価をやや優先 / 隊形:1逃げ本線 / 2差し注意",2026-04-24 23:48:26 JST,"[""6.60"", ""6.62"", ""6.70"", ""6.67"", ""6.64"", ""6.76""]",1:1 / 2:2 / 3:5 / 4:4 / 5:3 / 6:6,曇,3.0,1.0,,,0.05,1:0.54 / 2:0.12 / 3:-0.22 / 4:-0.08 / 5:-0.05 / 6:-0.39,1:B1 / A2 / B1 / B1 / 2:A2 / A2 / A2 / A2 / 3:B1 / B1 / B1 / B1 / 4:A1 / A1 / A1 / A1 / 5:B1 / B1 / B2 / B2 / 6:B2 / B2 / B2,1:杉山喜一 / 2:清埜翔子 / 3:山口 亮 / 4:黒井達矢 / 5:佐藤世那 / 6:塚越陸斗,1:-勝率|+当地|-モータ|-コース / 2:-勝率|+当地|-モータ|-コース|+級別 / 3:-勝率|+当地|-モータ|-コース|-近況 / 4:+勝率|+当地|-モータ|-コース|-近況|+級別 / 5:+当地|-モータ|-コース|-近況|-級別 / 6:+当地|-モータ|-コース|-級別,1:-勝率|+当地|-モータ|-コース / 2:-勝率|+当地|-モータ|-コース|+級別 / 3:-勝率|+当地|-モータ|-コース|-近況 / 4:+勝率|+当地|-モータ|-コース|-近況|+級別 / 5:+当地|-モータ|-コース|-近況|-級別 / 6:+当地|-モータ|-コース|-級別,,,,,,,,,,2026-04-24 23:48:26 JST,,,100,,,,3連単,4,,4.25,base素材○,base素材○ / 地力上位 / 当地巧者 / 級別傾向強い / 中枠攻め候補,2026-04-24 23:28:20 JST,,0
2026-04-24,15:53,福岡,8R,8,official_all,★★★★☆,1-5-6 / 1-6-5 / 1-5-3 / 1-6-3 / 1-3-5 / 1-3-6,2.03,AI★★★★☆,5-6-1 / 5-6-4 / 5-6-3 / 5-6-2 / 5-1-6 / 5-1-4,base危険 / 当地巧者 / 級別傾向強い,2.04,AI★★★☆☆,1-2-6 / 2-1-6 / 2-3-6 / 3-2-6 / 6-2-1 / 5-6-1,様子見,"朝:base危険 / 当地巧者 / 級別傾向強い / base危険で買い上げ抑制 / 直前:展示差ややあり / 展示タイム差を確認 / 気象荒れ気味 / 波高5cm / 展示F:1,5注意 / 足:ST気配あり / 部品交換:2,4,6 / 足:2号艇足色良さげ / 整備:チルト:1:-0.5,2:-0.5,3:0,4:0,5:-0.5,6:-0.5 / 部品交換:2:ピストン,リング,ピストンリング,電気,電気一式,キャブ,キャブレタ,4:ピストン,リング,ピストンリング,電気,電気一式,6:ピストン,リング,ピストンリング,シリンダ,ギヤケース,電気,電気一式,キャブ,キャブレタ,シャフト,クランク / 直前差中で少し動かす / 隊形:2差し注意 / 1逃げ本線",2026-04-24 23:48:26 JST,"[""6.85"", ""6.87"", ""6.91"", ""6.93"", ""6.95"", ""6.86""]",1:1 / 2:3 / 3:4 / 4:5 / 5:6 / 6:2,晴,5.0,5.0,,,-0.2,1:0.01 / 2:0.27 / 3:-0.00 / 4:-0.12 / 5:-0.24 / 6:0.02,1:A2 / A2 / A2 / B1 / 2:B1 / B1 / B1 / B1 / 3:B1 / B1 / B1 / B1 / 4:B1 / B1 / B1 / B1 / 5:A2 / A2 / A2 / A2 / 6:A1 / A2 / B1 / B2,1:百武 翔 / 2:占部一真 / 3:中島友和 / 4:松本弓雄 / 5:大場 敏 / 6:小池公生,1:-勝率|+当地|-モータ|-コース|+級別 / 2:-勝率|+当地|-モータ|-コース / 3:-勝率|+当地|-モータ|-コース|-近況 / 4:-勝率|+当地|-モータ|-コース|-近況 / 5:+当地|-モータ|-コース|-近況|+級別 / 6:-モータ|-コース|+級別,1:-勝率|+当地|-モータ|-コース|+級別 / 2:-勝率|+当地|-モータ|-コース / 3:-勝率|+当地|-モータ|-コース|-近況 / 4:-勝率|+当地|-モータ|-コース|-近況 / 5:+当地|-モータ|-コース|-近況|+級別 / 6:-モータ|-コース|+級別,,,,,,,,,,2026-04-24 23:48:26 JST,,,100,,,,3連単,5,,1.54,base素材保留,base素材保留 / 当地巧者 / 級別傾向強い,2026-04-24 23:28:20 JST,,0
2026-04-24,15:55,住之江,2R,2,official_all,★★★★☆,5-4-2 / 5-2-4 / 5-4-3 / 5-2-3 / 5-3-4 / 5-3-2,2.68,AI★★★★★,4-5-3 / 4-5-2 / 4-5-6 / 4-5-1 / 4-3-5 / 4-3-2,base土台○ / 当地巧者 / 級別傾向強い / 中枠攻め候補 / 攻めやや注意,2.79,AI★★★☆☆,1-3-6 / 3-6-1 / 6-3-1 / 4-3-6 / 4-3-2 / 4-5-3,様子見,"朝:base土台○ / 当地巧者 / 級別傾向強い / 中枠攻め候補 / 攻めやや注意 / base土台をやや保持 / 直前:展示差あり / 展示タイム差を確認 / 気象安定 / 足:足差あり / 展示F:1,4,5,6注意 / 部品交換:5,6 / 足:3号艇足色良さげ / 整備:チルト:1:-0.5,2:0,3:-0.5,4:0,5:-0.5,6:-0.5 / 部品交換:5:ピストン,リング,ピストンリング,6:ピストン,リング,ピストンリング,シリンダ,ギヤケース,電気,電気一式,キャブ,キャブレタ,シャフト,クランク / 直前差中で少し動かす / 朝評価をやや優先 / 隊形:3攻め注意 / 開催:2日目でやや本命寄り",2026-04-24 23:48:26 JST,"[""6.92"", ""6.91"", ""6.97"", ""6.88"", ""7.00"", ""6.81""]",1:4 / 2:3 / 3:5 / 4:2 / 5:6 / 6:1,曇,3.0,1.0,,,0.05,1:-0.05 / 2:-0.16 / 3:0.02 / 4:-0.02 / 5:-0.45 / 6:0.11,1:B1 / B2 / B1 / B1 / 2:B1 / B1 / B1 / B1 / 3:B1 / B1 / B1 / B1 / 4:A2 / A2 / A2 / A1 / 5:B1 / A2 / A2 / A2 / 6:B2 / B2,1:越智照浩 / 2:山戸信二 / 3:田添康介 / 4:照屋厚仁 / 5:岡田憲行 / 6:薗頭 心,1:-勝率|+当地|-モータ|-コース|-級別 / 2:-勝率|+当地|-モータ|-コース / 3:-勝率|+当地|-モータ|-コース|-近況 / 4:-勝率|+当地|-モータ|-コース|-近況|+級別 / 5:+当地|-モータ|-コース|-近況|+級別 / 6:+当地|-モータ|-コース|-級別,1:-勝率|+当地|-モータ|-コース|-級別 / 2:-勝率|+当地|-モータ|-コース / 3:-勝率|+当地|-モータ|-コース|-近況 / 4:-勝率|+当地|-モータ|-コース|-近況|+級別 / 5:+当地|-モータ|-コース|-近況|+級別 / 6:+当地|-モータ|-コース|-級別,,,,,,,,,,2026-04-24 23:48:26 JST,,,100,,,,3連単,2,,1.05,base素材危険,base素材危険 / 当地巧者 / 級別傾向強い / 中枠攻め候補,2026-04-24 23:28:20 JST,,0
2026-04-24,16:00,宮島,11R,11,official_all,★☆☆☆☆,1-2-5 / 1-5-2 / 1-2-6 / 1-5-6 / 1-6-2 / 1-6-5,4.52,AI★★★★★,5-6-4 / 5-6-3 / 5-6-1 / 5-6-2 / 5-4-6 / 5-4-3,base保留 / 地力上位 / 級別傾向強い,4.59,AI★★★★★,1-5-4 / 4-5-6 / 5-6-4 / 3-5-4 / 6-5-4 / 5-4-6,様子見,"公式低評価AI検証 / 朝:base保留 / 地力上位 / 級別傾向強い / base保留で買い上げ慎重 / 直前:展示差ややあり / 展示タイム差を確認 / 足:足差ややあり / 展示F:3注意 / 足:ST気配あり / 部品交換:1,2,6 / ピット:1:-行き足 / 4:-回り足 / 5:+行き足 / 6:回り足 / 整備:チルト:1:-0.5,2:-0.5,3:-0.5,4:-0.5,5:-0.5,6:-0.5 / 部品交換:1:ピストン,リング,ピストンリング,2:ピストン,6:ピストン,リング,ピストンリング,シリンダ,電気,電気一式,キャブ,キャブレタ / ピット:1:-行き足 / 4:-回り足 / 5:+行き足 / 6:回り足 / 直前差中で少し動かす / 隊形:4攻め注意 / 5一撃注意",2026-04-24 23:48:26 JST,"[""6.68"", ""6.70"", ""6.64"", ""6.57"", ""6.68"", ""6.64""]",1:4 / 2:6 / 3:2 / 4:1 / 5:4 / 6:2,曇,3.0,3.0,,,0.0,1:-0.21 / 2:-0.23 / 3:-0.02 / 4:0.23 / 5:0.13 / 6:-0.09,1:A1 / A1 / A1 / A1 / 2:A1 / A1 / A1 / A1 / 3:A1 / A1 / A1 / A1 / 4:A1 / A1 / A1 / A1 / 5:A1 / A1 / A1 / A1 / 6:A1 / A1 / A1 / A1,1:瓜生正義 / 2:赤岩善生 / 3:田中信一 / 4:平尾崇典 / 5:笠原 亮 / 6:古結 宏,1:+別格|-勝率|+当地|-モータ|-コース|+級別 / 2:-勝率|+当地|-モータ|-コース|+級別 / 3:-勝率|+当地|-モータ|-コース|-近況|+級別 / 4:-勝率|+当地|-モータ|-コース|-近況|+級別 / 5:+勝率|-モータ|-コース|+級別 / 6:+勝率|-当地|-モータ|-コース|+近況|+級別,1:+別格|-勝率|+当地|-モータ|-コース|+級別 / 2:-勝率|+当地|-モータ|-コース|+級別 / 3:-勝率|+当地|-モータ|-コース|-近況|+級別 / 4:-勝率|+当地|-モータ|-コース|-近況|+級別 / 5:+勝率|-モータ|-コース|+級別 / 6:+勝率|-当地|-モータ|-コース|+近況|+級別,,,,,,,,,,2026-04-24 23:48:26 JST,,,100,,,,3連単,4,,6.8,base素材○,base素材○ / 地力上位 / 級別傾向強い,2026-04-24 23:28:20 JST,,0
2026-04-24,16:03,平和島,11R,11,official_all,★☆☆☆☆,1-3-6 / 1-6-3 / 1-3-4 / 1-6-4 / 1-4-3 / 1-4-6,6.14,AI★★★★★,1-3-5 / 1-3-6 / 1-3-4 / 1-3-2 / 1-5-3 / 1-5-6,base土台◎ / 当地巧者 / 級別傾向強い / 1号艇有利 / 攻めやや注意,6.2,AI★★★★★,1-3-6 / 1-3-2 / 1-3-4 / 3-1-2 / 2-1-3 / 3-1-6,買い,"公式低評価AI検証 / 朝:base土台◎ / 当地巧者 / 級別傾向強い / 1号艇有利 / 攻めやや注意 / base土台を強めに保持 / 直前:展示差あり / 展示タイム差を確認 / 気象安定 / 風向北 / 足:足差あり / 展示F:1,2,3,4,6注意 / 部品交換:2,4,5,6 / 整備:チルト:1:-0.5,2:-0.5,3:0,4:0,5:-0.5,6:-0.5 / 部品交換:2:ピストン,リング,ピストンリング,シリンダ,キャリア,キャリアボデー,ギヤケース,電気,電気一式,キャブ,キャブレタ,シャフト,クランク,プロペラ,ペラ,4:ピストン,リング,ピストンリング,5:ピストン,6:ピストン,リング,ピストンリング,シリンダ,電気,電気一式,キャブ,キャブレタ / 直前差小で朝寄り / 朝評価をやや優先 / 隊形:1逃げ本線",2026-04-24 23:48:26 JST,"[""6.84"", ""6.95"", ""6.88"", ""6.96"", ""7.07"", ""6.95""]",1:1 / 2:3 / 3:2 / 4:5 / 5:6 / 6:3,曇,2.0,3.0,,北,0.04,1:0.32 / 2:-0.14 / 3:0.08 / 4:-0.15 / 5:-0.43 / 6:-0.19,1:A1 / A1 / A1 / A1 / 2:B1 / B1 / B1 / B1 / 3:A2 / A1 / A1 / A1 / 4:A2 / B1 / B1 / B1 / 5:B1 / A2 / A2 / A1 / 6:A2 / A2 / A2 / A2,1:重野哲之 / 2:高橋真吾 / 3:大須賀友 / 4:浜本裕己 / 5:川北浩貴 / 6:木和,1:-勝率|+当地|-モータ|-コース|+級別 / 2:-勝率|+当地|-モータ|-コース / 3:-勝率|-モータ|-コース|-近況|+級別 / 4:-勝率|-モータ|-コース|-近況|+級別 / 5:+当地|-モータ|-コース|-近況|+級別 / 6:-当地|-モータ|-コース|-近況|+級別,1:-勝率|+当地|-モータ|-コース|+級別 / 2:-勝率|+当地|-モータ|-コース / 3:-勝率|-モータ|-コース|-近況|+級別 / 4:-勝率|-モータ|-コース|-近況|+級別 / 5:+当地|-モータ|-コース|-近況|+級別 / 6:-当地|-モータ|-コース|-近況|+級別,,,,,,,,,,2026-04-24 23:48:26 JST,,,100,,,,3連単,4,,4.55,base素材○,base素材○ / 当地巧者 / 級別傾向強い / 1号艇有利,2026-04-24 23:28:20 JST,,0
2026-04-24,16:08,常滑,12R,12,official_all,★☆☆☆☆,1-3-4 / 1-4-3 / 1-3-2 / 1-4-2 / 1-2-3 / 1-2-4,4.62,AI★★★★★,5-3-6 / 5-3-2 / 5-3-1 / 5-3-4 / 5-6-3 / 5-6-2,base保留 / 地力上位 / 級別傾向強い,4.72,AI★★★★★,1-2-3 / 2-1-3 / 1-2-6 / 3-2-1 / 5-3-2 / 5-3-6,買い,"公式低評価AI検証 / 朝:base保留 / 地力上位 / 級別傾向強い / base保留で買い上げ慎重 / 直前:気象安定 / 足:ST気配あり / 部品交換:1,3,6 / 足:2号艇足色良さげ / 整備:チルト:1:-0.5,2:0,3:-0.5,4:0,5:-0.5,6:0 / 部品交換:1:ピストン,3:ピストン,リング,ピストンリング,シリンダ,キャリア,キャリアボデー,ギヤケース,電気,電気一式,キャブ,キャブレタ,シャフト,クランク,プロペラ,ペラ,6:ピストン,リング,ピストンリング,シリンダ,電気,電気一式,キャブ,キャブレタ / 直前差中で少し動かす / 隊形:2差し注意 / 1逃げ本線",2026-04-24 23:48:26 JST,"[""6.75"", ""6.76"", ""6.73"", ""6.71"", ""6.74"", ""6.71""]",1:5 / 2:6 / 3:3 / 4:1 / 5:4 / 6:1,曇,2.0,1.0,,,0.09,1:0.11 / 2:0.25 / 3:0.01 / 4:-0.06 / 5:-0.02 / 6:0.00,1:A1 / A1 / A1 / A1 / 2:A1 / A1 / A1 / A1 / 3:A1 / A1 / A1 / A1 / 4:A1 / A2 / A1 / A1 / 5:A1 / A1 / A1 / A1 / 6:A1 / A1 / A1 / A2,1:上條暢嵩 / 2:上田龍星 / 3:河合佑樹 / 4:権藤俊光 / 5:飯島昌弘 / 6:大瀧明日,1:-勝率|+当地|-モータ|-コース|+級別 / 2:-勝率|+当地|-モータ|-コース|+級別 / 3:-勝率|+当地|-モータ|-コース|-近況|+級別 / 4:-勝率|+当地|-モータ|-コース|-近況|+級別 / 5:+勝率|-モータ|-コース|+級別 / 6:+勝率|-モータ|-コース|-近況|+級別,1:-勝率|+当地|-モータ|-コース|+級別 / 2:-勝率|+当地|-モータ|-コース|+級別 / 3:-勝率|+当地|-モータ|-コース|-近況|+級別 / 4:-勝率|+当地|-モータ|-コース|-近況|+級別 / 5:+勝率|-モータ|-コース|+級別 / 6:+勝率|-モータ|-コース|-近況|+級別,,,,,,,,,,2026-04-24 23:48:26 JST,,,100,,,,3連単,4,,6.76,base素材○,base素材○ / 地力上位 / 級別傾向強い,2026-04-24 23:28:20 JST,,0
2026-04-24,16:10,児島,11R,11,official_all,★★★★☆,4-1-2 / 4-2-1 / 4-1-3 / 4-2-3 / 4-3-1 / 4-3-2,4.92,AI★★★★★,4-1-2 / 4-1-6 / 4-1-5 / 4-1-3 / 4-2-1 / 4-2-6,base土台○ / 級別傾向強い / 中枠攻め候補 / インやや強め,5.16,AI★★★★★,1-4-3 / 4-1-2 / 4-1-3 / 3-1-4 / 2-1-4 / 4-1-5,買い,"朝:base土台○ / 級別傾向強い / 中枠攻め候補 / インやや強め / base土台をやや保持 / 直前:展示差あり / 展示タイム差を確認 / 気象安定 / 足:足差あり / 展示F:3注意 / 足:ST気配あり / 部品交換:1,4,5,6 / 足:4号艇足色良さげ / 整備:チルト:1:-0.5,2:-0.5,3:0,4:-0.5,5:0,6:-0.5 / 部品交換:1:ピストン,リング,ピストンリング,4:ピストン,リング,ピストンリング,シリンダ,キャリア,キャリアボデー,ギヤケース,電気,電気一式,キャブ,キャブレタ,シャフト,クランク,プロペラ,ペラ,5:ピストン,6:ピストン,リング,ピストンリング,シリンダ,電気,電気一式,キャブ,キャブレタ / 直前差中で少し動かす / 隊形:1逃げ本線 / 4攻め注意 / 開催:2日目でやや本命寄り",2026-04-24 23:48:26 JST,"[""6.71"", ""6.74"", ""6.73"", ""6.71"", ""6.81"", ""6.90""]",1:1 / 2:4 / 3:3 / 4:1 / 5:5 / 6:6,曇,1.0,1.0,,,0.1,1:0.43 / 2:-0.10 / 3:0.01 / 4:0.37 / 5:-0.11 / 6:-0.44,1:A1 / A1 / A2 / A1 / 2:A2 / A2 / A2 / A2 / 3:B1 / B1 / B1 / B1 / 4:A1 / A1 / A1 / A1 / 5:B1 / B1 / B1 / B1 / 6:B1 / B1 / B1 / B1,1:秦 英悟 / 2:樋口 亮 / 3:三宅健太 / 4:島村隆幸 / 5:吉永泰弘 / 6:神田達也,1:-勝率|+当地|-モータ|-コース|+級別 / 2:-勝率|-モータ|-コース|+級別 / 3:-勝率|+当地|-モータ|-コース|-近況 / 4:-勝率|-当地|-モータ|-コース|-近況|+級別 / 5:+当地|-モータ|-コース|-近況 / 6:-モータ|-コース,1:-勝率|+当地|-モータ|-コース|+級別 / 2:-勝率|-モータ|-コース|+級別 / 3:-勝率|+当地|-モータ|-コース|-近況 / 4:-勝率|-当地|-モータ|-コース|-近況|+級別 / 5:+当地|-モータ|-コース|-近況 / 6:-モータ|-コース,,,,,,,,,,2026-04-24 23:48:26 JST,,,100,,,,3連単,2,,4.02,base素材○,base素材○ / 級別傾向強い / 中枠攻め候補,2026-04-24 23:28:20 JST,,0
2026-04-24,16:11,桐生,3R,3,official_all,★★★★☆,6-2-1 / 6-1-2 / 6-2-5 / 6-1-5 / 6-5-2 / 6-5-1,8.17,AI★★★★★,6-2-4 / 6-2-3 / 6-2-1 / 6-2-5 / 6-4-2 / 6-4-3,base土台○ / 地力上位 / 当地巧者 / ST良好 / 級別傾向強い / インやや強め,8.22,AI★★★★★,1-2-4 / 4-2-1 / 2-1-4 / 3-2-4 / 6-2-1 / 6-2-4,見送り寄り,"朝:base土台○ / 地力上位 / 当地巧者 / ST良好 / 級別傾向強い / インやや強め / base土台をやや保持 / 直前:展示差あり / 展示タイム差を確認 / 風向東 / 足:足差あり / 展示F:6注意 / 部品交換:5 / 足:1号艇足色良さげ / 整備:チルト:1:0,2:0,3:-0.5,4:-0.5,5:0,6:-0.5 / 部品交換:5:リング / 直前差中で少し動かす / 隊形:4攻め注意 / 2差し注意",2026-04-24 23:48:26 JST,"[""6.66"", ""6.54"", ""6.60"", ""6.51"", ""6.71"", ""6.61""]",1:5 / 2:2 / 3:3 / 4:1 / 5:6 / 6:4,曇,4.0,3.0,,東,0.0,1:0.10 / 2:0.09 / 3:-0.05 / 4:0.24 / 5:-0.47 / 6:-0.17,1:B1 / B1 / B1 / A2 / 2:A1 / A1 / A1 / A1 / 3:B1 / B1 / B1 / B1 / 4:A2 / B1 / B1 / B1 / 5:B1 / B1 / B2 / B2 / 6:A1 / A1 / A1 / A1,1:木場悠介 / 2:重木輝彦 / 3:品川賢次 / 4:藤原早菜 / 5:濱崎 誠 / 6:松本純平,1:-勝率|+当地|-モータ|-コース / 2:-勝率|+当地|-モータ|-コース|+級別 / 3:-勝率|+当地|-モータ|-コース|-近況 / 4:-勝率|+当地|-モータ|-コース|-近況|+級別 / 5:+当地|-モータ|-コース|-近況|-級別 / 6:+勝率|+当地|-モータ|+ST|-コース|+級別,1:-勝率|+当地|-モータ|-コース / 2:-勝率|+当地|-モータ|-コース|+級別 / 3:-勝率|+当地|-モータ|-コース|-近況 / 4:-勝率|+当地|-モータ|-コース|-近況|+級別 / 5:+当地|-モータ|-コース|-近況|-級別 / 6:+勝率|+当地|-モータ|+ST|-コース|+級別,,,,,,,,,,2026-04-24 23:48:26 JST,,,100,,,,3連単,4,,6.77,base素材◎,base素材◎ / 地力上位 / 当地巧者 / ST良好 / 級別傾向強い,2026-04-24 23:28:20 JST,,0
2026-04-24,16:14,若松,3R,3,official_all,★★★☆☆,3-5-6 / 3-6-5 / 3-5-1 / 3-6-1 / 3-1-5 / 3-1-6,3.12,AI★★★★★,5-6-3 / 5-6-1 / 5-6-4 / 5-6-2 / 5-3-6 / 5-3-1,base保留 / 当地巧者 / 級別傾向強い / 差しやや警戒,3.1,AI★★★★☆,1-3-5 / 2-3-5 / 2-5-3 / 5-6-2 / 5-3-6 / 5-6-3,様子見,"公式低評価AI検証 / 朝:base保留 / 当地巧者 / 級別傾向強い / 差しやや警戒 / base保留で買い上げ慎重 / 直前:展示差ややあり / 展示タイム差を確認 / 気象荒れ気味 / 波高6cm / 足:足差ややあり / 展示F:3,4,6注意 / 足:ST気配あり / 安定板使用 / 部品交換:5,6 / 足:2号艇足色良さげ / 整備:安定板使用 / チルト:1:0,2:0,3:-0.5,4:0,5:0,6:0.5 / 部品交換:5:ピストン,リング,ピストンリング,6:ピストン,リング,ピストンリング,シリンダ,ギヤケース,電気,電気一式,キャブ,キャブレタ,シャフト,クランク / 直前差小で朝寄り / 朝評価をやや優先 / 隊形:2差し注意 / 5一撃注意",2026-04-24 23:48:26 JST,"[""7.09"", ""7.17"", ""7.07"", ""7.12"", ""7.05"", ""7.07""]",1:4 / 2:6 / 3:2 / 4:5 / 5:1 / 6:2,晴,6.0,6.0,,,-0.2,1:-0.20 / 2:0.00 / 3:0.06 / 4:-0.02 / 5:0.12 / 6:-0.01,1:B1 / B1 / B1 / B1 / 2:B2 / B2 / B2 / B2 / 3:A2 / B1 / A2 / A2 / 4:B1 / B2 / B1 / B2 / 5:A2 / A2 / A2 / A1 / 6:A2 / B1 / A2 / B1,1:木村紗友 / 2:坂本奈央 / 3:落合直子 / 4:植木美帆 / 5:魚谷香織 / 6:津田裕絵,1:-勝率|+当地|-モータ / 2:-勝率|+当地|-モータ|-ST|-コース|-級別 / 3:-勝率|+当地|-モータ|-コース|-近況|+級別 / 4:-勝率|+当地|-モータ|-コース|-近況|-級別 / 5:+当地|-モータ|-コース|+級別 / 6:+当地|-モータ|-コース|+級別,1:-勝率|+当地|-モータ / 2:-勝率|+当地|-モータ|-ST|-コース|-級別 / 3:-勝率|+当地|-モータ|-コース|-近況|+級別 / 4:-勝率|+当地|-モータ|-コース|-近況|-級別 / 5:+当地|-モータ|-コース|+級別 / 6:+当地|-モータ|-コース|+級別,,,,,,,,,,2026-04-24 23:48:26 JST,,,100,,,,3連単,3,,2.05,base素材○,base素材○ / 当地巧者 / 級別傾向強い,2026-04-24 23:28:20 JST,,0
2026-04-24,16:15,津,12R,12,official_all,★☆☆☆☆,1-2-3 / 1-3-2 / 1-2-5 / 1-3-5 / 1-5-2 / 1-5-3,4.76,AI★★★★★,4-6-5 / 4-6-2 / 4-6-3 / 4-6-1 / 4-5-6 / 4-5-2,base土台○ / 地力上位 / 当地巧者 / 級別傾向強い / 中枠攻め候補,4.93,AI★★★★★,1-2-5 / 5-2-4 / 4-6-5 / 2-5-4 / 6-2-5 / 4-5-6,様子見,"公式低評価AI検証 / 朝:base土台○ / 地力上位 / 当地巧者 / 級別傾向強い / 中枠攻め候補 / base土台をやや保持 / 直前:展示差ややあり / 展示タイム差を確認 / 進入:1-2-4-5-6-3 / 前づけで波乱含み / 気象安定 / 展示F:1,2,3,6注意 / 足:ST気配あり / 足:進入変化 / 部品交換:3 / 整備:チルト:1:0,2:0,3:0,4:0,5:0,6:0 / 部品交換:3:キャブ / 進入変化ありで少し動かす / 隊形:5一撃注意 / 4攻め注意 / 進入:1-2-4-5-6-3",2026-04-24 23:48:26 JST,"[""6.75"", ""6.68"", ""6.79"", ""6.73"", ""6.75"", ""6.74""]",1:4 / 2:1 / 3:6 / 4:2 / 5:4 / 6:3,曇,1.0,1.0,,,0.1,1:0.02 / 2:0.16 / 3:-0.37 / 4:0.07 / 5:0.27 / 6:0.00,1:B2 / A1 / A1 / A1 / 2:A1 / A1 / A1 / A1 / 3:A1 / A2 / A1 / A1 / 4:A1 / A1 / A1 / A1 / 5:A1 / A1 / A1 / A1 / 6:A1 / A1 / A1 / A2,1:毒島 誠 / 2:吉田裕平 / 3:古賀繁輝 / 4:尾上雅也 / 5:岡村慶太 / 6:金子賢志,1:+実力A1級|-勝率|+当地|-モータ|-ST|-コース / 2:-勝率|+当地|-モータ|-コース|+級別 / 3:-勝率|-モータ|-コース|+級別 / 4:+勝率|+当地|-モータ|-コース|-近況|+級別 / 5:+勝率|-モータ|-コース|-近況|+級別 / 6:+勝率|-モータ|+ST|-コース|+級別,1:+実力A1級|-勝率|+当地|-モータ|-ST|-コース / 2:-勝率|+当地|-モータ|-コース|+級別 / 3:-勝率|-モータ|-コース|+級別 / 4:+勝率|+当地|-モータ|-コース|-近況|+級別 / 5:+勝率|-モータ|-コース|-近況|+級別 / 6:+勝率|-モータ|+ST|-コース|+級別,,,,,,,,,,2026-04-24 23:48:26 JST,,,100,,,,3連単,4,,7.15,base素材○,base素材○ / 地力上位 / 当地巧者 / 級別傾向強い / 中枠攻め候補,2026-04-24 23:28:20 JST,,0
2026-04-24,16:17,蒲郡,3R,3,official_all,★★★★★,6-3-2 / 6-2-3 / 6-3-1 / 6-2-1 / 6-1-3 / 6-1-2,9.76,AI★★★★★,6-3-4 / 6-3-2 / 6-3-1 / 6-3-5 / 6-4-3 / 6-4-2,base土台○ / 地力上位 / 当地巧者 / ST良好 / 級別傾向強い / インやや強め,9.84,AI★★★★★,1-4-6 / 6-3-1 / 1-6-4 / 4-1-6 / 2-1-6 / 6-3-4,買い,"朝:base土台○ / 地力上位 / 当地巧者 / ST良好 / 級別傾向強い / インやや強め / base土台をやや保持 / 直前:展示差あり / 展示タイム差を確認 / 進入:1-2-3-4-6-5 / 前づけで波乱含み / 気象安定 / 風向西 / 足:足差ややあり / 展示F:1,2,3,5注意 / 足:進入変化 / 部品交換:2 / 整備:チルト:1:-0.5,2:-0.5,3:-0.5,4:0,5:-0.5,6:-0.5 / 部品交換:2:リング / 直前差小で朝寄り / 朝評価をやや優先 / 隊形:1逃げ本線 / 6一撃注意 / 進入:1-2-3-4-6-5",2026-04-24 23:48:26 JST,"[""6.62"", ""6.72"", ""6.73"", ""6.64"", ""6.77"", ""6.65""]",1:1 / 2:4 / 3:5 / 4:2 / 5:6 / 6:3,曇,2.0,1.0,,西,0.09,1:0.28 / 2:-0.08 / 3:-0.13 / 4:0.05 / 5:-0.47 / 6:0.09,1:B1 / B1 / B1 / B1 / 2:B1 / A2 / B1 / B1 / 3:A2 / A2 / A2 / A2 / 4:B1 / B1 / B1 / B1 / 5:B2 / B2 / 6:A1 / A1 / A1 / A1,1:西川新太 / 2:齊藤 優 / 3:津久井拓 / 4:豊田祥生 / 6:吉田拡郎,1:-勝率|+当地|-モータ|-コース / 2:-勝率|+当地|-モータ|-コース / 3:-勝率|+当地|-モータ|-コース|-近況|+級別 / 4:-勝率|+当地|-モータ|-コース|-近況 / 5:+当地|-モータ|-コース|-近況|-級別 / 6:+勝率|+当地|-モータ|+ST|-コース|+級別,1:-勝率|+当地|-モータ|-コース / 2:-勝率|+当地|-モータ|-コース / 3:-勝率|+当地|-モータ|-コース|-近況|+級別 / 4:-勝率|+当地|-モータ|-コース|-近況 / 5:+当地|-モータ|-コース|-近況|-級別 / 6:+勝率|+当地|-モータ|+ST|-コース|+級別,,,,,,,,,,2026-04-24 23:48:26 JST,,,100,,,,3連単,4,,5.18,base素材◎,base素材◎ / 地力上位 / 当地巧者 / ST良好 / 級別傾向強い,2026-04-24 23:28:20 JST,,0
2026-04-24,16:27,福岡,9R,9,official_all,★★★★☆,1-2-3 / 1-3-2 / 1-2-6 / 1-3-6 / 1-6-2 / 1-6-3,1.73,AI★★★☆☆,1-6-3 / 1-6-2 / 1-6-5 / 1-6-4 / 1-3-6 / 1-3-2,base土台○ / 当地巧者 / 級別傾向強い / 1号艇有利 / 差しやや警戒,1.79,AI★★☆☆☆,1-6-3 / 3-1-2 / 1-3-2 / 2-1-3 / 4-1-3 / 3-1-6,様子見,"朝:base土台○ / 当地巧者 / 級別傾向強い / 1号艇有利 / 差しやや警戒 / base土台をやや保持 / 直前:展示差あり / 展示タイム差を確認 / 気象荒れ気味 / 波高6cm / 足:足差ややあり / 足:ST気配あり / 部品交換:1,4,6 / 足:1号艇足色良さげ / 整備:チルト:1:-0.5,2:-0.5,3:-0.5,4:-0.5,5:-0.5,6:-0.5 / 部品交換:1:ピストン,リング,ピストンリング,シリンダ,キャリア,キャリアボデー,ギヤケース,電気,電気一式,キャブ,キャブレタ,シャフト,クランク,4:ピストン,リング,ピストンリング,シリンダ,キャリア,キャリアボデー,ギヤケース,電気,電気一式,キャブ,キャブレタ,シャフト,クランク,プロペラ,ペラ,6:ピストン,リング,ピストンリング,シリンダ,電気,電気一式,キャブ,キャブレタ / 直前差中で少し動かす / 隊形:1逃げ本線",2026-04-24 23:48:26 JST,"[""6.81"", ""6.88"", ""6.80"", ""6.83"", ""6.95"", ""6.90""]",1:2 / 2:4 / 3:1 / 4:3 / 5:6 / 6:5,晴,6.0,6.0,,,-0.2,1:0.24 / 2:-0.04 / 3:0.18 / 4:-0.07 / 5:-0.33 / 6:-0.10,1:A2 / A2 / A2 / A2 / 2:B1 / B1 / B2 / B2 / 3:B1 / B1 / B1 / B1 / 4:B2 / B2 / B2 / B2 / 5:B2 / B2 / B2 / B2 / 6:B1 / B1 / B1 / B1,1:藤堂里香 / 2:矢野真梨 / 3:小林愛実 / 4:諏訪玲奈 / 5:原村百那 / 6:水口由紀,1:-勝率|+当地|-モータ|+級別 / 2:-勝率|+当地|-モータ|-級別 / 3:-勝率|+当地|-モータ|-近況 / 4:-勝率|+当地|-モータ|-ST|-近況|-級別 / 5:+当地|-モータ|-コース|-近況|-級別 / 6:+当地|-モータ|-コース|-近況,1:-勝率|+当地|-モータ|+級別 / 2:-勝率|+当地|-モータ|-級別 / 3:-勝率|+当地|-モータ|-近況 / 4:-勝率|+当地|-モータ|-ST|-近況|-級別 / 5:+当地|-モータ|-コース|-近況|-級別 / 6:+当地|-モータ|-コース|-近況,,,,,,,,,,2026-04-24 23:48:26 JST,,,100,,,,3連単,5,,-0.42,base素材危険,base素材危険 / 当地巧者 / 級別傾向強い / 1号艇有利,2026-04-24 23:28:20 JST,,0
2026-04-24,16:29,住之江,3R,3,official_all,★☆☆☆☆,4-1-3 / 4-3-1 / 4-1-6 / 4-3-6 / 4-6-1 / 4-6-3,1.99,AI★★★★☆,6-4-5 / 6-4-3 / 6-4-2 / 6-4-1 / 6-5-4 / 6-5-3,base保留 / 選手力上位 / 当地巧者 / 級別傾向強い / 攻めやや注意,2.07,AI★★★☆☆,1-2-3 / 2-1-3 / 3-2-1 / 6-5-3 / 6-4-3 / 6-4-5,様子見,"公式低評価AI検証 / 朝:base保留 / 選手力上位 / 当地巧者 / 級別傾向強い / 攻めやや注意 / base保留で買い上げ慎重 / 直前:展示差ややあり / 展示タイム差を確認 / 気象安定 / 足:足差ややあり / 展示F:1,4,5,6注意 / 部品交換:2 / 足:2号艇足色良さげ / 整備:チルト:1:-0.5,2:-0.5,3:-0.5,4:0,5:-0.5,6:0 / 部品交換:2:シャフト / 直前差小で朝寄り / 隊形:2差し注意 / 3攻め注意 / 開催:2日目でやや本命寄り",2026-04-24 23:48:26 JST,"[""6.97"", ""6.97"", ""6.92"", ""7.05"", ""7.04"", ""7.04""]",1:2 / 2:2 / 3:1 / 4:6 / 5:4 / 6:4,曇,3.0,1.0,,,0.05,1:0.06 / 2:0.15 / 3:0.18 / 4:-0.29 / 5:-0.18 / 6:-0.18,1:B1 / B1 / B1 / B1 / 2:B1 / B1 / B1 / B1 / 3:B1 / B1 / B1 / B1 / 4:A2 / A1 / B1 / B1 / 5:B1 / B1 / B1 / B1 / 6:B1 / A2 / A2 / A2,1:谷 勝幸 / 2:来田衣織 / 3:杢野誓良 / 4:庄司樹良 / 5:井手良太 / 6:立間充宏,1:-勝率|+当地|-モータ|-コース / 2:-勝率|+当地|-モータ|-コース / 3:-勝率|+当地|-モータ|-コース|-近況 / 4:-勝率|+当地|-モータ|-コース|-近況|+級別 / 5:+当地|-モータ|-コース / 6:+当地|-モータ|-コース|+級別,1:-勝率|+当地|-モータ|-コース / 2:-勝率|+当地|-モータ|-コース / 3:-勝率|+当地|-モータ|-コース|-近況 / 4:-勝率|+当地|-モータ|-コース|-近況|+級別 / 5:+当地|-モータ|-コース / 6:+当地|-モータ|-コース|+級別,,,,,,,,,,2026-04-24 23:48:26 JST,,,100,,,,3連単,2,,1.14,base素材保留,base素材保留 / 選手力上位 / 当地巧者 / 級別傾向強い,2026-04-24 23:28:20 JST,,0
2026-04-24,16:35,平和島,12R,12,official_all,★☆☆☆☆,2-1-4 / 2-4-1 / 2-1-5 / 2-4-5 / 2-5-1 / 2-5-4,5.3,AI★★★★★,5-1-2 / 5-1-6 / 5-1-4 / 5-1-3 / 5-2-1 / 5-2-6,base保留 / 地力上位 / 級別傾向強い / 攻めやや注意,5.39,AI★★★★★,1-2-3 / 2-1-3 / 1-2-6 / 3-2-1 / 5-1-2 / 5-2-1,買い,"公式低評価AI検証 / 朝:base保留 / 地力上位 / 級別傾向強い / 攻めやや注意 / base保留で買い上げ慎重 / 直前:展示差あり / 展示タイム差を確認 / 足:足差ややあり / 足:ST気配あり / 部品交換:2,3,4,5 / 足:1号艇足色良さげ / 整備:チルト:1:0,2:-0.5,3:0,4:-0.5,5:-0.5,6:0 / 部品交換:2:ピストン,リング,ピストンリング,3:ピストン,4:ピストン,リング,ピストンリング,シリンダ,キャリア,キャリアボデー,ギヤケース,電気,電気一式,キャブ,キャブレタ,シャフト,クランク,5:ピストン,リング,ピストンリング,シリンダ,キャリア,キャリアボデー,ギヤケース,電気,電気一式,キャブ,キャブレタ,シャフト,クランク,プロペラ,ペラ / 直前差中で少し動かす / 隊形:1逃げ本線 / 2差し注意",2026-04-24 23:48:26 JST,"[""6.88"", ""6.77"", ""6.77"", ""6.91"", ""6.89"", ""6.85""]",1:4 / 2:1 / 3:1 / 4:6 / 5:5 / 6:3,曇,3.0,3.0,,,0.0,1:0.19 / 2:0.22 / 3:0.02 / 4:-0.32 / 5:-0.17 / 6:-0.09,1:A1 / A1 / A1 / A1 / 2:A1 / A1 / A1 / A1 / 3:A1 / B1 / B1 / B1 / 4:A1 / B1 / A1 / A1 / 5:A1 / A1 / A1 / A1 / 6:A1 / A1 / B1 / A2,1:平本真之 / 2:山崎 郡 / 3:井上遥妃 / 4:谷野錬志 / 5:木下翔太 / 6:高憧四季,1:+別格|-勝率|+当地|-モータ|-コース|+級別 / 2:-勝率|+当地|-モータ|-コース|+級別 / 3:-勝率|-モータ|-コース|-近況|+級別 / 4:-勝率|+当地|-モータ|-コース|-近況|+級別 / 5:+勝率|-モータ|-コース|+級別 / 6:+勝率|-モータ|+ST|-コース|-近況|+級別,1:+別格|-勝率|+当地|-モータ|-コース|+級別 / 2:-勝率|+当地|-モータ|-コース|+級別 / 3:-勝率|-モータ|-コース|-近況|+級別 / 4:-勝率|+当地|-モータ|-コース|-近況|+級別 / 5:+勝率|-モータ|-コース|+級別 / 6:+勝率|-モータ|+ST|-コース|-近況|+級別,,,,,,,,,,2026-04-24 23:48:26 JST,,,100,,,,3連単,4,,6.79,base素材○,base素材○ / 地力上位 / 級別傾向強い,2026-04-24 23:28:20 JST,,0
2026-04-24,16:36,桐生,4R,4,official_all,★★★★★,3-4-5 / 3-5-4 / 3-4-2 / 3-5-2 / 3-2-4 / 3-2-5,6.42,AI★★★★★,4-3-2 / 4-3-5 / 4-3-1 / 4-3-6 / 4-2-3 / 4-2-5,base土台◎ / 地力上位 / 当地巧者 / 級別傾向強い / 中枠攻め候補 / インやや強め,6.55,AI★★★★★,1-4-6 / 4-3-5 / 5-4-6 / 2-4-6 / 5-4-1 / 4-3-2,様子見,"朝:base土台◎ / 地力上位 / 当地巧者 / 級別傾向強い / 中枠攻め候補 / インやや強め / base土台を強めに保持 / 直前:展示差あり / 展示タイム差を確認 / 進入:1-5-2-3-4-6 / 前づけで波乱含み / 気象荒れ気味 / 風向東 / 足:足差あり / 展示F:2,5注意 / 足:ST気配あり / 足:進入変化 / 整備:チルト:1:0,2:-0.5,3:-0.5,4:0,5:-0.5,6:-0.5 / 部品交換:2:電気 / 進入変化ありで直前重視 / 隊形:4攻め注意 / 進入:1-5-2-3-4-6",2026-04-24 23:48:26 JST,"[""6.68"", ""6.72"", ""6.76"", ""6.61"", ""6.80"", ""6.69""]",1:2 / 2:4 / 3:5 / 4:1 / 5:6 / 6:3,晴,5.0,4.0,,東,-0.1,1:-0.12 / 2:-0.22 / 3:-0.20 / 4:0.41 / 5:-0.17 / 6:-0.06,1:B1 / B1 / B1 / B1 / 2:A2 / A2 / B1 / B1 / 3:A1 / A1 / A1 / A1 / 4:A1 / A1 / A1 / A1 / 5:B1 / B1 / B1 / B1 / 6:B2 / B2 / B2 / B2,1:梶山涼斗 / 3:豊田健士 / 4:東本勝利 / 5:山地正樹 / 6:田中瀬里,1:-勝率|+当地|-モータ / 2:-勝率|+当地|-モータ|+級別 / 3:-勝率|+当地|-モータ|-近況|+級別 / 4:+勝率|+当地|-モータ|-近況|+級別 / 5:+当地|-モータ / 6:+当地|-モータ|-近況|-級別,1:-勝率|+当地|-モータ / 2:-勝率|+当地|-モータ|+級別 / 3:-勝率|+当地|-モータ|-近況|+級別 / 4:+勝率|+当地|-モータ|-近況|+級別 / 5:+当地|-モータ / 6:+当地|-モータ|-近況|-級別,,,,,,,,,,2026-04-24 23:48:26 JST,,,100,,,,3連単,4,,6.3,base素材○,base素材○ / 地力上位 / 当地巧者 / 級別傾向強い / 中枠攻め候補,2026-04-24 23:28:20 JST,,0
2026-04-24,16:38,宮島,12R,12,official_all,★☆☆☆☆,1-6-4 / 1-4-6 / 1-6-5 / 1-4-5 / 1-5-6 / 1-5-4,4.45,AI★★★★★,5-6-3 / 5-6-2 / 5-6-1 / 5-6-4 / 5-3-6 / 5-3-2,base保留 / 地力上位 / 級別傾向強い,4.5,AI★★★★★,1-3-4 / 3-1-4 / 3-4-1 / 4-3-1 / 5-3-6 / 5-6-3,買い,"公式低評価AI検証 / 朝:base保留 / 地力上位 / 級別傾向強い / base保留で買い上げ慎重 / 直前:部品交換:1,2,3,6 / 足:3号艇足色良さげ / 整備:チルト:1:-0.5,2:-0.5,3:0,4:0,5:-0.5,6:-0.5 / 部品交換:1:ピストン,リング,ピストンリング,2:ピストン,リング,ピストンリング,シリンダ,キャリア,キャリアボデー,ギヤケース,電気,電気一式,キャブ,キャブレタ,シャフト,クランク,3:ピストン,6:ピストン,リング,ピストンリング,シリンダ,電気,電気一式,キャブ,キャブレタ / 直前差小で朝寄り / 朝評価をやや優先 / 隊形:3攻め注意 / 1逃げ本線",2026-04-24 23:48:26 JST,"[""6.68"", ""6.73"", ""6.73"", ""6.66"", ""6.72"", ""6.71""]",1:2 / 2:5 / 3:5 / 4:1 / 5:4 / 6:3,曇,3.0,3.0,,,0.0,1:0.03 / 2:-0.06 / 3:0.15 / 4:0.07 / 5:-0.05 / 6:-0.02,1:A1 / A1 / A1 / A1 / 2:A1 / A1 / A1 / A1 / 3:A1 / A1 / A1 / A1 / 4:A1 / A1 / A2 / A1 / 5:A1 / A1 / A1 / A1 / 6:A1 / A1 / A1 / A1,1:中澤和志 / 2:江口晃生 / 3:松井 繁 / 4:石倉洋行 / 5:田口節子 / 6:原田幸哉,1:-勝率|+当地|-モータ|-コース|+級別 / 2:-勝率|+当地|-モータ|-コース|+級別 / 3:-勝率|+当地|-モータ|-コース|-近況|+級別 / 4:-勝率|-当地|-モータ|-コース|-近況|+級別 / 5:+勝率|-モータ|-コース|+級別 / 6:+勝率|-当地|-モータ|-コース|-近況|+級別,1:-勝率|+当地|-モータ|-コース|+級別 / 2:-勝率|+当地|-モータ|-コース|+級別 / 3:-勝率|+当地|-モータ|-コース|-近況|+級別 / 4:-勝率|-当地|-モータ|-コース|-近況|+級別 / 5:+勝率|-モータ|-コース|+級別 / 6:+勝率|-当地|-モータ|-コース|-近況|+級別,,,,,,,,,,2026-04-24 23:48:26 JST,,,100,,,,3連単,4,,6.83,base素材○,base素材○ / 地力上位 / 級別傾向強い,2026-04-24 23:28:20 JST,,0
2026-04-24,16:41,若松,4R,4,official_all,★★★★☆,2-6-1 / 2-1-6 / 2-6-4 / 2-1-4 / 2-4-6 / 2-4-1,6.87,AI★★★★★,2-6-4 / 2-6-1 / 2-6-3 / 2-6-5 / 2-4-6 / 2-4-1,base土台◎ / 当地巧者 / 級別傾向強い / 差しやや警戒,6.88,AI★★★★★,1-2-3 / 3-2-6 / 3-2-1 / 2-6-3 / 2-6-4 / 2-6-1,買い,"朝:base土台◎ / 当地巧者 / 級別傾向強い / 差しやや警戒 / base土台を強めに保持 / 直前:展示差あり / 展示タイム差を確認 / 気象荒れ気味 / 風向西 / 波高6cm / 足:足差ややあり / 足:ST気配あり / 安定板使用 / 部品交換:5 / 足:3号艇足色良さげ / 整備:安定板使用 / チルト:1:0,2:0,3:0,4:0,5:-0.5,6:0 / 部品交換:5:ピストン / 直前差中で少し動かす / 隊形:3攻め注意(相手寄り) / 1逃げ本線",2026-04-24 23:48:26 JST,"[""6.97"", ""6.96"", ""6.97"", ""7.04"", ""7.08"", ""6.91""]",1:3 / 2:2 / 3:3 / 4:5 / 5:6 / 6:1,晴,6.0,6.0,,西,-0.2,1:-0.05 / 2:0.05 / 3:0.25 / 4:-0.10 / 5:-0.36 / 6:-0.00,1:B1 / B1 / A2 / B1 / 2:A1 / A1 / A1 / A1 / 3:B1 / B2 / B2 / B2 / 4:B1 / B1 / B1 / B1 / 5:B2 / B2 / B2 / 6:A1 / A2 / B1 / B2,1:松瀬弘美 / 2:西橋奈未 / 3:岩崎麗子 / 4:山下友貴 / 5:久保田凪 / 6:小芦るり,1:-勝率|+当地|-モータ / 2:-勝率|+当地|-モータ|+級別 / 3:-勝率|+当地|-モータ|-近況|-級別 / 4:-勝率|+当地|-モータ|-近況 / 5:+当地|-モータ|-近況|-級別 / 6:+当地|-モータ|+ST|+級別,1:-勝率|+当地|-モータ / 2:-勝率|+当地|-モータ|+級別 / 3:-勝率|+当地|-モータ|-近況|-級別 / 4:-勝率|+当地|-モータ|-近況 / 5:+当地|-モータ|-近況|-級別 / 6:+当地|-モータ|+ST|+級別,,,,,,,,,,2026-04-24 23:48:26 JST,,,100,,,,3連単,3,,4.61,base素材○,base素材○ / 当地巧者 / 級別傾向強い,2026-04-24 23:28:20 JST,,0
2026-04-24,16:46,蒲郡,4R,4,official_all,★★★★☆,2-5-6 / 2-6-5 / 2-5-4 / 2-6-4 / 2-4-5 / 2-4-6,5.71,AI★★★★★,2-5-6 / 2-5-4 / 2-5-3 / 2-5-1 / 2-6-5 / 2-6-4,base土台◎ / 当地巧者 / 級別傾向強い / インやや強め,5.79,AI★★★★★,1-3-5 / 3-1-5 / 3-5-1 / 2-5-4 / 2-5-3 / 2-5-6,様子見,"朝:base土台◎ / 当地巧者 / 級別傾向強い / インやや強め / base土台を強めに保持 / 直前:気象安定 / 風向西 / 展示F:4注意 / 足:ST気配あり / 部品交換:4 / 足:3号艇足色良さげ / 整備:チルト:1:0,2:-0.5,3:-0.5,4:-0.5,5:-0.5,6:-0.5 / 部品交換:4:リング / 直前差中で少し動かす / 隊形:3攻め注意 / 1逃げ本線",2026-04-24 23:48:26 JST,"[""6.69"", ""6.72"", ""6.68"", ""6.68"", ""6.65"", ""6.69""]",1:4 / 2:6 / 3:2 / 4:2 / 5:1 / 6:4,曇,2.0,1.0,,西,0.09,1:0.07 / 2:-0.15 / 3:0.28 / 4:-0.03 / 5:0.06 / 6:-0.02,1:B1 / B1 / B1 / B1 / 2:A1 / A1 / A1 / A1 / 3:B1 / B1 / B1 / B1 / 4:B1 / B1 / B1 / B1 / 5:A1 / A2 / A1 / A1 / 6:B1 / B1 / B1 / B1,1:加藤 翔 / 2:金子拓矢 / 3:長尾萌加 / 4:西尾亮輔 / 5:横澤剛治 / 6:後藤 浩,1:-勝率|+当地|-モータ|-コース / 2:-勝率|+当地|-モータ|-コース|+級別 / 3:-勝率|+当地|-モータ|-コース|-近況 / 4:-勝率|+当地|-モータ|-コース|-近況 / 5:+勝率|+当地|-モータ|-コース|-近況|+級別 / 6:+当地|-モータ|-コース,1:-勝率|+当地|-モータ|-コース / 2:-勝率|+当地|-モータ|-コース|+級別 / 3:-勝率|+当地|-モータ|-コース|-近況 / 4:-勝率|+当地|-モータ|-コース|-近況 / 5:+勝率|+当地|-モータ|-コース|-近況|+級別 / 6:+当地|-モータ|-コース,,,,,,,,,,2026-04-24 23:48:26 JST,,,100,,,,3連単,4,,5.07,base素材○,base素材○ / 当地巧者 / 級別傾向強い,2026-04-24 23:28:20 JST,,0
2026-04-24,16:50,児島,12R,12,official_all,★★★★☆,1-4-6 / 1-6-4 / 1-4-3 / 1-6-3 / 1-3-4 / 1-3-6,5.5,AI★★★★★,4-1-3 / 4-1-6 / 4-1-2 / 4-1-5 / 4-3-1 / 4-3-6,base土台○ / 地力上位 / 級別傾向強い / 中枠攻め候補,5.69,AI★★★★★,1-6-5 / 6-5-3 / 3-6-5 / 5-6-3 / 4-1-6 / 4-1-3,見送り寄り,"朝:base土台○ / 地力上位 / 級別傾向強い / 中枠攻め候補 / base土台をやや保持 / 直前:展示差ややあり / 展示タイム差を確認 / 進入:1-2-3-5-6 / 前づけで波乱含み / 気象安定 / 風向西 / 足:足差ややあり / 展示F:1注意 / 足:進入変化 / 部品交換:3,6 / 整備:チルト:1:0,2:-0.5,3:-0.5,4:-0.5,5:0,6:-0.5 / 部品交換:3:ピストン,リング,ピストンリング,シリンダ,キャリア,キャリアボデー,ギヤケース,電気,電気一式,キャブ,キャブレタ,シャフト,クランク,6:ピストン,リング,ピストンリング / 進入変化ありで少し動かす / 隊形:6一撃注意 / 3攻め注意 / 進入:1-2-3-5-6 / 開催:2日目でやや本命寄り",2026-04-24 23:48:26 JST,"[""6.83"", ""6.88"", ""6.75"", ""6.88"", ""6.78"", ""6.78""]",1:4 / 2:5 / 3:1 / 4:5 / 5:2 / 6:2,曇,1.0,1.0,,西,0.1,1:0.02 / 2:-0.20 / 3:0.17 / 4:-0.28 / 5:0.14 / 6:0.29,1:A1 / A1 / A1 / A1 / 2:B1 / A2 / A2 / B1 / 3:A2 / A2 / A2 / A2 / 4:A1 / A1 / A1 / A1 / 5:B1 / B1 / B1 / B1 / 6:A2 / A2 / B1 / B1,1:西村拓也 / 2:小林文彦 / 3:室田泰史 / 4:石橋道友 / 5:山本景士 / 6:渡邉俊介,1:-勝率|+当地|-モータ|-コース|+級別 / 2:-勝率|+当地|-モータ|-コース|+級別 / 3:-勝率|+当地|-モータ|-コース|-近況|+級別 / 4:+勝率|-モータ|-近況|+級別 / 5:-モータ|-コース|-近況 / 6:-モータ|-コース|-近況|+級別,1:-勝率|+当地|-モータ|-コース|+級別 / 2:-勝率|+当地|-モータ|-コース|+級別 / 3:-勝率|+当地|-モータ|-コース|-近況|+級別 / 4:+勝率|-モータ|-近況|+級別 / 5:-モータ|-コース|-近況 / 6:-モータ|-コース|-近況|+級別,,,,,,,,,,2026-04-24 23:48:26 JST,,,100,,,,3連単,2,,5.84,base素材○,base素材○ / 地力上位 / 級別傾向強い / 中枠攻め候補,2026-04-24 23:28:20 JST,,0
2026-04-24,16:55,福岡,10R,10,official_all,★★★★☆,1-2-5 / 1-5-2 / 1-2-4 / 1-5-4 / 1-4-2 / 1-4-5,5.75,AI★★★★★,2-1-6 / 2-1-5 / 2-1-3 / 2-1-4 / 2-6-1 / 2-6-5,base土台◎ / 当地巧者 / 級別傾向強い,5.75,AI★★★★★,1-6-5 / 6-1-5 / 6-5-1 / 2-6-1 / 2-1-6 / 2-6-5,見送り寄り,"朝:base土台◎ / 当地巧者 / 級別傾向強い / base土台を強めに保持 / 直前:展示差ややあり / 展示タイム差を確認 / 気象荒れ気味 / 波高6cm / 展示F:1,2注意 / 足:ST気配あり / 部品交換:1,2,4,6 / 足:6号艇足色良さげ / 整備:チルト:1:-0.5,2:-0.5,3:0,4:0,5:0,6:-0.5 / 部品交換:1:ピストン,リング,ピストンリング,2:ピストン,リング,ピストンリング,シリンダ,キャリア,キャリアボデー,ギヤケース,電気,電気一式,キャブ,キャブレタ,シャフト,クランク,4:ピストン,6:ピストン,リング,ピストンリング,シリンダ,電気,電気一式,キャブ,キャブレタ / 直前差中で少し動かす / 隊形:6一撃注意 / 1逃げ本線",2026-04-24 23:48:26 JST,"[""6.79"", ""6.82"", ""6.90"", ""6.79"", ""6.83"", ""6.83""]",1:1 / 2:3 / 3:6 / 4:1 / 5:4 / 6:4,晴,6.0,6.0,,,-0.2,1:-0.01 / 2:-0.03 / 3:-0.20 / 4:-0.00 / 5:0.06 / 6:0.25,1:A1 / A1 / A1 / A1 / 2:A1 / A1 / A1 / A1 / 3:B1 / B1 / B1 / B1 / 4:B1 / B2 / B1 / A2 / 5:B1 / A2 / B1 / B2 / 6:B1 / B1 / B1 / B1,1:大上卓人 / 2:杉山裕也 / 3:板倉敦史 / 4:孫崎百世 / 5:新田洋一 / 6:梅原祥平,1:-勝率|+当地|-モータ|-コース|+級別 / 2:-勝率|+当地|-モータ|-コース|+級別 / 3:-勝率|-モータ|-ST|-コース|-近況 / 4:-勝率|-当地|-モータ|-ST|-コース|-近況 / 5:-当地|-モータ|-ST|-コース|-近況 / 6:-当地|-モータ|-コース,1:-勝率|+当地|-モータ|-コース|+級別 / 2:-勝率|+当地|-モータ|-コース|+級別 / 3:-勝率|-モータ|-ST|-コース|-近況 / 4:-勝率|-当地|-モータ|-ST|-コース|-近況 / 5:-当地|-モータ|-ST|-コース|-近況 / 6:-当地|-モータ|-コース,,,,,,,,,,2026-04-24 23:48:26 JST,,,100,,,,3連単,5,,5.21,base素材○,base素材○ / 当地巧者 / 級別傾向強い,2026-04-24 23:28:20 JST,,0
2026-04-24,16:57,住之江,4R,4,official_all,★☆☆☆☆,1-3-6 / 1-6-3 / 1-3-4 / 1-6-4 / 1-4-3 / 1-4-6,4.84,AI★★★★★,3-6-5 / 3-6-4 / 3-6-1 / 3-6-2 / 3-5-6 / 3-5-4,base土台○ / 当地巧者 / 級別傾向強い / 中枠攻め候補 / 攻めやや注意,4.93,AI★★★★★,1-2-5 / 2-1-5 / 1-2-6 / 4-2-1 / 3-6-2 / 3-6-5,買い,"公式低評価AI検証 / 朝:base土台○ / 当地巧者 / 級別傾向強い / 中枠攻め候補 / 攻めやや注意 / base土台をやや保持 / 直前:気象安定 / 風向西 / 展示F:5,6注意 / 部品交換:5 / 足:2号艇足色良さげ / 整備:チルト:1:-0.5,2:-0.5,3:-0.5,4:-0.5,5:-0.5,6:-0.5 / 部品交換:5:リング / 直前差小で朝寄り / 朝評価をやや優先 / 隊形:1逃げ本線 / 2差し注意 / 開催:2日目でやや本命寄り",2026-04-24 23:48:26 JST,"[""6.91"", ""6.94"", ""6.94"", ""6.97"", ""6.93"", ""6.96""]",1:1 / 2:3 / 3:3 / 4:6 / 5:2 / 6:5,曇,4.0,2.0,,西,0.04,1:0.14 / 2:0.22 / 3:-0.05 / 4:-0.01 / 5:-0.02 / 6:-0.03,1:B1 / B1 / A2 / A2 / 2:B2 / B2 / B2 / B2 / 3:A1 / A2 / A2 / A1 / 4:B1 / B1 / B1 / B1 / 5:B1 / B1 / B1 / B1 / 6:B1 / B1 / B1 / B1,1:小野寺智 / 2:出口舞有 / 3:高橋正男 / 4:泉 具巳 / 5:守屋大地 / 6:西村豪洋,1:-勝率|+当地|-モータ|-コース / 2:-勝率|+当地|-モータ|-ST|-コース|-級別 / 3:-勝率|+当地|-モータ|-コース|-近況|+級別 / 4:-勝率|+当地|-モータ|-コース|-近況 / 5:+当地|-モータ|-コース|-近況 / 6:+当地|-モータ|-コース,1:-勝率|+当地|-モータ|-コース / 2:-勝率|+当地|-モータ|-ST|-コース|-級別 / 3:-勝率|+当地|-モータ|-コース|-近況|+級別 / 4:-勝率|+当地|-モータ|-コース|-近況 / 5:+当地|-モータ|-コース|-近況 / 6:+当地|-モータ|-コース,,,,,,,,,,2026-04-24 23:48:26 JST,,,100,,,,3連単,2,,1.83,base素材保留,base素材保留 / 当地巧者 / 級別傾向強い / 中枠攻め候補,2026-04-24 23:28:20 JST,,0
2026-04-24,17:01,桐生,5R,5,official_all,★★★★★,6-3-1 / 6-1-3 / 6-3-4 / 6-1-4 / 6-4-3 / 6-4-1,8.69,AI★★★★★,6-3-4 / 6-3-5 / 6-3-1 / 6-3-2 / 6-4-3 / 6-4-5,base土台○ / 地力上位 / 当地巧者 / ST良好 / 級別傾向強い / インやや強め,8.82,AI★★★★★,1-4-6 / 4-2-6 / 2-4-6 / 1-4-2 / 6-4-3 / 6-3-4,様子見,"朝:base土台○ / 地力上位 / 当地巧者 / ST良好 / 級別傾向強い / インやや強め / base土台をやや保持 / 直前:展示差あり / 展示タイム差を確認 / 気象荒れ気味 / 風向東 / 足:足差あり / 足:ST気配あり / 部品交換:3 / 足:4号艇足色良さげ / 整備:チルト:1:0,2:-0.5,3:-0.5,4:-0.5,5:-0.5,6:-0.5 / 部品交換:3:リング / 直前差大で直前重視 / 隊形:4攻め注意",2026-04-24 23:48:26 JST,"[""6.68"", ""6.71"", ""6.86"", ""6.67"", ""6.82"", ""6.77""]",1:2 / 2:3 / 3:6 / 4:1 / 5:5 / 6:4,曇,5.0,4.0,,東,-0.1,1:-0.03 / 2:0.01 / 3:-0.38 / 4:0.52 / 5:-0.23 / 6:-0.02,1:A2 / B1 / B1 / B1 / 2:B1 / B1 / B1 / B1 / 3:A1 / A1 / A2 / A2 / 4:B1 / A2 / A2 / A2 / 5:B1 / B1 / B1 / B1 / 6:A1 / A1 / A1 / A1,1:都築正治 / 2:小森信雄 / 3:鶴本崇文 / 4:黄金井力 / 5:大場広孝 / 6:丸野一樹,1:-勝率|+当地|-モータ|+級別 / 2:-勝率|+当地|-モータ / 3:-勝率|+当地|-モータ|-コース|-近況|+級別 / 4:-勝率|+当地|-モータ|-コース|-近況|+級別 / 5:+当地|-モータ|-コース / 6:+勝率|+当地|-モータ|+ST|-コース|+級別,1:-勝率|+当地|-モータ|+級別 / 2:-勝率|+当地|-モータ / 3:-勝率|+当地|-モータ|-コース|-近況|+級別 / 4:-勝率|+当地|-モータ|-コース|-近況|+級別 / 5:+当地|-モータ|-コース / 6:+勝率|+当地|-モータ|+ST|-コース|+級別,,,,,,,,,,2026-04-24 23:48:26 JST,,,100,,,,3連単,4,,6.28,base素材◎,base素材◎ / 地力上位 / 当地巧者 / ST良好 / 級別傾向強い,2026-04-24 23:28:20 JST,,0
2026-04-24,17:08,若松,5R,5,official_all,★★★★★,2-1-4 / 2-4-1 / 2-1-3 / 2-4-3 / 2-3-1 / 2-3-4,6.64,AI★★★★★,2-4-1 / 2-4-3 / 2-4-5 / 2-4-6 / 2-1-4 / 2-1-3,base土台◎ / 当地巧者 / 級別傾向強い / 差しやや警戒,6.63,AI★★★★★,1-2-4 / 2-4-1 / 1-2-3 / 4-2-1 / 2-4-3 / 2-1-4,買い,"朝:base土台◎ / 当地巧者 / 級別傾向強い / 差しやや警戒 / base土台を強めに保持 / 直前:気象荒れ気味 / 波高6cm / 安定板使用 / 部品交換:1,4,6 / 足:1号艇足色良さげ / 整備:安定板使用 / チルト:1:0,2:-0.5,3:-0.5,4:0,5:-0.5,6:0 / 部品交換:1:ピストン,リング,ピストンリング,シリンダ,キャリア,キャリアボデー,ギヤケース,電気,電気一式,キャブ,キャブレタ,シャフト,クランク,4:ピストン,リング,ピストンリング,シリンダ,キャリア,キャリアボデー,ギヤケース,電気,電気一式,キャブ,キャブレタ,シャフト,クランク,プロペラ,ペラ,6:ピストン,リング,ピストンリング,シリンダ,電気,電気一式,キャブ,キャブレタ / 直前差小で朝寄り / 朝評価をやや優先 / 隊形:1逃げ本線 / 2差し注意",2026-04-24 23:48:26 JST,"[""6.98"", ""6.92"", ""7.00"", ""6.93"", ""7.01"", ""6.96""]",1:4 / 2:1 / 3:5 / 4:2 / 5:6 / 6:3,晴,6.0,6.0,,,-0.2,1:0.09 / 2:0.13 / 3:-0.05 / 4:0.06 / 5:-0.12 / 6:-0.07,1:A1 / A2 / B1 / A2 / 2:A1 / A1 / A1 / A1 / 3:B1 / B1 / B1 / B1 / 4:A2 / A2 / A1 / A1 / 5:B1 / B2 / B1 / B1 / 6:B1 / B1 / B2 / B2,1:米丸乃絵 / 2:三浦永理 / 3:神里琴音 / 4:喜井つか / 5:渡邉真奈 / 6:冨名腰桃,1:-勝率|+当地|-モータ|-コース|+級別 / 2:-勝率|+当地|-モータ|-コース|+級別 / 3:-勝率|+当地|-モータ|-コース|-近況 / 4:-勝率|+当地|-モータ|-コース|-近況|+級別 / 5:+当地|-モータ|-コース|-近況|-級別 / 6:+当地|-モータ|-コース|-近況|-級別,1:-勝率|+当地|-モータ|-コース|+級別 / 2:-勝率|+当地|-モータ|-コース|+級別 / 3:-勝率|+当地|-モータ|-コース|-近況 / 4:-勝率|+当地|-モータ|-コース|-近況|+級別 / 5:+当地|-モータ|-コース|-近況|-級別 / 6:+当地|-モータ|-コース|-近況|-級別,,,,,,,,,,2026-04-24 23:48:26 JST,,,100,,,,3連単,3,,4.86,base素材○,base素材○ / 当地巧者 / 級別傾向強い,2026-04-24 23:28:20 JST,,0
2026-04-24,17:15,蒲郡,5R,5,official_all,★★★★☆,6-1-2 / 6-2-1 / 6-1-4 / 6-2-4 / 6-4-1 / 6-4-2,8.92,AI★★★★★,6-1-2 / 6-1-4 / 6-1-3 / 6-1-5 / 6-2-1 / 6-2-4,base土台○ / 地力上位 / 当地巧者 / ST良好 / 級別傾向強い / インやや強め,9.03,AI★★★★★,1-2-4 / 4-1-2 / 1-2-3 / 3-1-4 / 6-1-4 / 6-1-2,様子見,"朝:base土台○ / 地力上位 / 当地巧者 / ST良好 / 級別傾向強い / インやや強め / base土台をやや保持 / 直前:気象安定 / 展示F:3注意 / 足:ST気配あり / 部品交換:5,6 / 足:1号艇足色良さげ / 整備:チルト:1:0,2:-0.5,3:0,4:0,5:-0.5,6:0 / 部品交換:5:ピストン,リング,ピストンリング,6:ピストン,リング,ピストンリング,シリンダ,ギヤケース,電気,電気一式,キャブ,キャブレタ,シャフト,クランク / 直前差中で少し動かす / 隊形:1逃げ本線 / 2差し注意",2026-04-24 23:48:26 JST,"[""6.65"", ""6.69"", ""6.71"", ""6.70"", ""6.75"", ""6.75""]",1:1 / 2:2 / 3:4 / 4:3 / 5:5 / 6:5,曇,3.0,1.0,,,0.05,1:0.48 / 2:0.01 / 3:-0.02 / 4:0.03 / 5:-0.21 / 6:-0.15,1:A1 / A2 / A1 / A2 / 2:A2 / A2 / A1 / A1 / 3:B1 / B1 / B1 / B1 / 4:B1 / B1 / B1 / B1 / 5:B2 / B2 / B2 / B2 / 6:A1 / A1 / A1 / A1,1:上村純一 / 2:石田章央 / 3:岩下巧斗 / 4:木下陽介 / 5:根岸真優 / 6:稲田浩二,1:-勝率|+当地|-モータ|+級別 / 2:-勝率|+当地|-モータ|+級別 / 3:-勝率|+当地|-モータ|-近況 / 4:-勝率|+当地|-モータ|-近況 / 5:+当地|-モータ|-近況|-級別 / 6:+勝率|+当地|-モータ|+ST|-コース|+級別,1:-勝率|+当地|-モータ|+級別 / 2:-勝率|+当地|-モータ|+級別 / 3:-勝率|+当地|-モータ|-近況 / 4:-勝率|+当地|-モータ|-近況 / 5:+当地|-モータ|-近況|-級別 / 6:+勝率|+当地|-モータ|+ST|-コース|+級別,,,,,,,,,,2026-04-24 23:48:26 JST,,,100,,,,3連単,4,,6.38,base素材◎,base素材◎ / 地力上位 / 当地巧者 / ST良好 / 級別傾向強い,2026-04-24 23:28:20 JST,,0
2026-04-24,17:22,住之江,5R,5,official_all,★☆☆☆☆,1-6-5 / 1-5-6 / 1-6-3 / 1-5-3 / 1-3-6 / 1-3-5,10.22,AI★★★★★,6-1-4 / 6-1-3 / 6-1-2 / 6-1-5 / 6-4-1 / 6-4-3,base土台○ / 地力上位 / 当地巧者 / ST良好 / 級別傾向強い / 攻めやや注意,10.38,AI★★★★★,1-2-3 / 2-1-3 / 2-1-6 / 3-2-1 / 6-1-2 / 6-1-4,買い強め,"公式低評価AI検証 / 朝:base土台○ / 地力上位 / 当地巧者 / ST良好 / 級別傾向強い / 攻めやや注意 / base土台をやや保持 / 直前:展示差ややあり / 展示タイム差を確認 / 気象安定 / 風向西 / 足:足差ややあり / 展示F:4,5注意 / 足:ST気配あり / 部品交換:5,6 / 足:2号艇足色良さげ / 整備:チルト:1:-0.5,2:-0.5,3:0,4:-0.5,5:-0.5,6:-0.5 / 部品交換:5:ピストン,リング,ピストンリング,6:ピストン,リング,ピストンリング,シリンダ,ギヤケース,電気,電気一式,キャブ,キャブレタ,シャフト,クランク / 直前差中で少し動かす / 隊形:2差し注意 / 1逃げ本線 / 開催:2日目でやや本命寄り",2026-04-24 23:48:26 JST,"[""6.99"", ""6.92"", ""7.00"", ""7.06"", ""7.00"", ""6.95""]",1:3 / 2:1 / 3:4 / 4:6 / 5:4 / 6:2,曇,3.0,1.0,,西,0.05,1:0.07 / 2:0.44 / 3:-0.05 / 4:-0.29 / 5:-0.12 / 6:-0.09,1:A2 / A2 / A2 / B1 / 2:B1 / B1 / B1 / B1 / 3:B1 / B1 / B1 / A2 / 4:B1 / B1 / B1 / B1 / 5:B1 / B1 / B2 / B2 / 6:A1 / A1 / A1 / A1,1:西舘 健 / 2:幸田智裕 / 3:久永祥平 / 4:坂東 満 / 5:西岡蒼志 / 6:藤岡俊介,1:-勝率|+当地|-モータ|-コース|+級別 / 2:-勝率|+当地|-モータ|-コース / 3:-勝率|+当地|-モータ|-コース|-近況 / 4:-勝率|+当地|-モータ|-コース|-近況 / 5:+当地|-モータ|-コース|-近況|-級別 / 6:+勝率|+当地|-モータ|+ST|-コース|+級別,1:-勝率|+当地|-モータ|-コース|+級別 / 2:-勝率|+当地|-モータ|-コース / 3:-勝率|+当地|-モータ|-コース|-近況 / 4:-勝率|+当地|-モータ|-コース|-近況 / 5:+当地|-モータ|-コース|-近況|-級別 / 6:+勝率|+当地|-モータ|+ST|-コース|+級別,,,,,,,,,,2026-04-24 23:48:26 JST,,,100,,,,3連単,2,,5.07,base素材◎,base素材◎ / 地力上位 / 当地巧者 / ST良好 / 級別傾向強い,2026-04-24 23:28:20 JST,,0
2026-04-24,17:26,福岡,11R,11,official_all,★★★☆☆,2-1-3 / 2-3-1 / 2-1-4 / 2-3-4 / 2-4-1 / 2-4-3,6.71,AI★★★★★,3-1-2 / 3-1-6 / 3-1-5 / 3-1-4 / 3-2-1 / 3-2-6,base土台○ / 当地巧者 / 級別傾向強い / 中枠攻め候補 / 差しやや警戒,6.71,AI★★★★★,1-2-4 / 4-2-5 / 4-2-1 / 2-4-5 / 3-1-4 / 3-1-2,様子見,"公式低評価AI検証 / 朝:base土台○ / 当地巧者 / 級別傾向強い / 中枠攻め候補 / 差しやや警戒 / base土台をやや保持 / 直前:展示差ややあり / 展示タイム差を確認 / 気象荒れ気味 / 波高6cm / 部品交換:1,3,6 / 足:4号艇足色良さげ / 整備:チルト:1:0,2:0,3:-0.5,4:0,5:0,6:-0.5 / 部品交換:1:ピストン,リング,ピストンリング,3:ピストン,6:ピストン,リング,ピストンリング,シリンダ,電気,電気一式,キャブ,キャブレタ / 直前差小で朝寄り / 朝評価をやや優先 / 隊形:4攻め注意 / 1逃げ本線",2026-04-24 23:48:26 JST,"[""6.80"", ""6.81"", ""6.85"", ""6.80"", ""6.81"", ""6.90""]",1:1 / 2:3 / 3:5 / 4:1 / 5:3 / 6:6,晴,6.0,6.0,,,-0.2,1:-0.03 / 2:0.03 / 3:-0.02 / 4:0.34 / 5:0.04 / 6:-0.24,1:A1 / A1 / A2 / B1 / 2:A2 / A1 / A2 / A1 / 3:A1 / A1 / A1 / A1 / 4:B1 / B1 / B1 / B1 / 5:B1 / B1 / B1 / B1 / 6:A2 / A2 / A2 / B1,1:中野希一 / 2:安達裕樹 / 3:原田篤志 / 4:藤丸光一 / 5:池本輝明 / 6:鈴木智啓,1:-勝率|+当地|-モータ|-コース|+級別 / 2:-勝率|+当地|-モータ|-コース|+級別 / 3:-勝率|+当地|-モータ|-コース|-近況|+級別 / 4:-勝率|-モータ|-ST|-コース|-近況 / 5:-当地|-モータ|-ST|-コース / 6:-当地|-モータ|-コース|+級別,1:-勝率|+当地|-モータ|-コース|+級別 / 2:-勝率|+当地|-モータ|-コース|+級別 / 3:-勝率|+当地|-モータ|-コース|-近況|+級別 / 4:-勝率|-モータ|-ST|-コース|-近況 / 5:-当地|-モータ|-ST|-コース / 6:-当地|-モータ|-コース|+級別,,,,,,,,,,2026-04-24 23:48:26 JST,,,100,,,,3連単,5,,5.06,base素材○,base素材○ / 当地巧者 / 級別傾向強い / 中枠攻め候補,2026-04-24 23:28:20 JST,,0
2026-04-24,17:29,桐生,6R,6,official_all,★★★★☆,1-3-2 / 1-2-3 / 1-3-5 / 1-2-5 / 1-5-3 / 1-5-2,1.97,AI★★★★☆,1-3-5 / 1-3-2 / 1-3-4 / 1-3-6 / 1-5-3 / 1-5-2,base土台◎ / 当地巧者 / 級別傾向強い / 1号艇有利 / インやや強め,2.0,AI★★★☆☆,1-3-5 / 2-3-5 / 3-2-5 / 4-2-5 / 1-3-4 / 1-3-2,様子見,"朝:base土台◎ / 当地巧者 / 級別傾向強い / 1号艇有利 / インやや強め / base土台を強めに保持 / 直前:展示差ややあり / 展示タイム差を確認 / 気象荒れ気味 / 風向東 / 足:足差ややあり / 展示F:1,4注意 / 部品交換:5,6 / 足:2号艇足色良さげ / 整備:チルト:1:-0.5,2:-0.5,3:-0.5,4:-0.5,5:0,6:-0.5 / 部品交換:5:ピストン,リング,ピストンリング,6:ピストン,リング,ピストンリング,シリンダ,ギヤケース,電気,電気一式,キャブ,キャブレタ,シャフト,クランク / 直前差小で朝寄り / 朝評価をやや優先 / 隊形:2差し注意 / 3攻め注意",2026-04-24 23:48:26 JST,"[""6.72"", ""6.79"", ""6.71"", ""6.75"", ""6.70"", ""6.84""]",1:3 / 2:5 / 3:2 / 4:4 / 5:1 / 6:6,曇,5.0,4.0,,東,-0.1,1:-0.05 / 2:0.17 / 3:0.08 / 4:0.01 / 5:0.05 / 6:-0.31,1:A2 / A2 / A1 / A2 / 2:B1 / B1 / B1 / B1 / 3:B1 / A2 / B1 / A1 / 4:B1 / B1 / B1 / B1 / 5:B1 / B1 / A2 / B1 / 6:B1 / B2 / B2 / B2,1:向後龍一 / 2:岡部貴司 / 3:藤生雄人 / 4:土井歩夢 / 5:山崎昂介 / 6:石村日奈,1:-勝率|+当地|-モータ|-コース|+級別 / 2:-勝率|+当地|-モータ|-コース / 3:-勝率|+当地|-モータ|-コース|-近況|+級別 / 4:-勝率|-モータ|-ST|-コース|-近況 / 5:+当地|-モータ|-コース|-近況 / 6:+当地|-モータ|-コース|-級別,1:-勝率|+当地|-モータ|-コース|+級別 / 2:-勝率|+当地|-モータ|-コース / 3:-勝率|+当地|-モータ|-コース|-近況|+級別 / 4:-勝率|-モータ|-ST|-コース|-近況 / 5:+当地|-モータ|-コース|-近況 / 6:+当地|-モータ|-コース|-級別,,,,,,,,,,2026-04-24 23:48:26 JST,,,100,,,,3連単,4,,0.06,base素材危険,base素材危険 / 当地巧者 / 級別傾向強い / 1号艇有利,2026-04-24 23:28:20 JST,,0
2026-04-24,17:37,若松,6R,6,official_all,★★★★★,6-2-4 / 6-4-2 / 6-2-5 / 6-4-5 / 6-5-2 / 6-5-4,6.83,AI★★★★★,6-4-2 / 6-4-5 / 6-4-1 / 6-4-3 / 6-2-4 / 6-2-5,base土台○ / 地力上位 / 当地巧者 / ST良好 / 級別傾向強い / 差しやや警戒,6.83,AI★★★★★,1-4-6 / 4-5-6 / 4-6-5 / 2-4-6 / 6-4-5 / 6-4-2,様子見,"朝:base土台○ / 地力上位 / 当地巧者 / ST良好 / 級別傾向強い / 差しやや警戒 / base土台をやや保持 / 直前:展示差ややあり / 展示タイム差を確認 / 気象荒れ気味 / 波高6cm / 足:足差ややあり / 足:ST気配あり / 安定板使用 / 部品交換:5,6 / 足:4号艇足色良さげ / 整備:安定板使用 / チルト:1:0,2:-0.5,3:0,4:0,5:0,6:0 / 部品交換:5:ピストン,リング,ピストンリング,6:ピストン,リング,ピストンリング,シリンダ,ギヤケース,電気,電気一式,キャブ,キャブレタ,シャフト,クランク / 直前差中で少し動かす / 隊形:4攻め注意",2026-04-24 23:48:26 JST,"[""7.01"", ""7.08"", ""7.09"", ""7.04"", ""6.97"", ""6.97""]",1:3 / 2:5 / 3:6 / 4:4 / 5:1 / 6:1,晴,6.0,6.0,,,-0.2,1:-0.09 / 2:-0.13 / 3:-0.21 / 4:0.25 / 5:-0.01 / 6:0.09,1:B1 / B1 / B1 / B1 / 2:A2 / A1 / A1 / B1 / 3:B1 / B2 / B1 / B1 / 4:A2 / A1 / A2 / A2 / 5:B1 / B1 / B1 / B1 / 6:A1 / A1 / A2 / A1,1:中里優子 / 2:土屋千明 / 3:田村美和 / 4:今井裕梨 / 5:間庭菜摘 / 6:小野生奈,1:-勝率|+当地|-モータ / 2:-勝率|+当地|-モータ|+級別 / 3:-勝率|+当地|-モータ|-近況|-級別 / 4:-勝率|+当地|-モータ|-近況|+級別 / 5:-モータ|-近況 / 6:+勝率|+当地|-モータ|+ST|-コース|+級別,1:-勝率|+当地|-モータ / 2:-勝率|+当地|-モータ|+級別 / 3:-勝率|+当地|-モータ|-近況|-級別 / 4:-勝率|+当地|-モータ|-近況|+級別 / 5:-モータ|-近況 / 6:+勝率|+当地|-モータ|+ST|-コース|+級別,,,,,,,,,,2026-04-24 23:48:26 JST,,,100,,,,3連単,3,,4.94,base素材◎,base素材◎ / 地力上位 / 当地巧者 / ST良好 / 級別傾向強い,2026-04-24 23:28:20 JST,,0
2026-04-24,17:44,蒲郡,6R,6,official_all,★★★★☆,6-4-1 / 6-1-4 / 6-4-5 / 6-1-5 / 6-5-4 / 6-5-1,9.44,AI★★★★★,6-4-1 / 6-4-5 / 6-4-2 / 6-4-3 / 6-1-4 / 6-1-5,base土台○ / 地力上位 / 当地巧者 / ST良好 / 級別傾向強い / インやや強め,9.54,AI★★★★★,1-2-4 / 4-2-1 / 4-2-5 / 2-1-4 / 6-4-5 / 6-4-1,見送り寄り,"朝:base土台○ / 地力上位 / 当地巧者 / ST良好 / 級別傾向強い / インやや強め / base土台をやや保持 / 直前:気象安定 / 風向西 / 足:ST気配あり / 部品交換:5,6 / 足:4号艇足色良さげ / 整備:チルト:1:-0.5,2:-0.5,3:-0.5,4:-0.5,5:-0.5,6:-0.5 / 部品交換:5:ピストン,リング,ピストンリング,6:ピストン,リング,ピストンリング,シリンダ,ギヤケース,電気,電気一式,キャブ,キャブレタ,シャフト,クランク / 直前差中で少し動かす / 隊形:4攻め注意 / 1逃げ本線",2026-04-24 23:48:26 JST,"[""6.71"", ""6.70"", ""6.69"", ""6.73"", ""6.72"", ""6.77""]",1:3 / 2:2 / 3:1 / 4:5 / 5:4 / 6:6,曇,2.0,1.0,,西,0.09,1:0.12 / 2:0.04 / 3:-0.04 / 4:0.23 / 5:-0.02 / 6:-0.06,1:A2 / B1 / B1 / A2 / 2:B1 / B1 / B2 / B2 / 3:B2 / B1 / B1 / B1 / 4:A1 / A2 / A2 / B1 / 5:B1 / B1 / B1 / B1 / 6:A1 / A1 / A1 / A1,1:平川香織 / 2:佐藤世那 / 3:眞崎武蔵 / 4:西野雄貴 / 5:天野 誠 / 6:前田将太,1:-勝率|+当地|-モータ|-コース|+級別 / 2:-勝率|+当地|-モータ|-コース|-級別 / 3:-勝率|+当地|-モータ|-ST|-コース|-近況 / 4:-勝率|-モータ|-コース|-近況|+級別 / 5:-モータ|-コース|-近況 / 6:+勝率|+当地|-モータ|+ST|-コース|+級別,1:-勝率|+当地|-モータ|-コース|+級別 / 2:-勝率|+当地|-モータ|-コース|-級別 / 3:-勝率|+当地|-モータ|-ST|-コース|-近況 / 4:-勝率|-モータ|-コース|-近況|+級別 / 5:-モータ|-コース|-近況 / 6:+勝率|+当地|-モータ|+ST|-コース|+級別,,,,,,,,,,2026-04-24 23:48:26 JST,,,100,,,,3連単,4,,5.63,base素材◎,base素材◎ / 地力上位 / 当地巧者 / ST良好 / 級別傾向強い,2026-04-24 23:28:20 JST,,0
2026-04-24,17:51,住之江,6R,6,official_all,★☆☆☆☆,3-6-1 / 3-1-6 / 3-6-5 / 3-1-5 / 3-5-6 / 3-5-1,2.97,AI★★★★★,6-3-5 / 6-3-2 / 6-3-4 / 6-3-1 / 6-5-3 / 6-5-2,base土台○ / 選手力上位 / 当地巧者 / 級別傾向強い / 攻めやや注意,3.08,AI★★★★☆,1-6-3 / 6-3-2 / 6-3-1 / 3-6-1 / 1-2-6 / 1-6-2,買い,"公式低評価AI検証 / 朝:base土台○ / 選手力上位 / 当地巧者 / 級別傾向強い / 攻めやや注意 / base土台をやや保持 / 直前:気象安定 / 足:ST気配あり / 部品交換:5,6 / 足:6号艇足色良さげ / 整備:チルト:1:0,2:-0.5,3:-0.5,4:-0.5,5:-0.5,6:-0.5 / 部品交換:5:ピストン,リング,ピストンリング,6:ピストン,リング,ピストンリング,シリンダ,ギヤケース,電気,電気一式,キャブ,キャブレタ,シャフト,クランク / 直前差中で少し動かす / 隊形:1逃げ本線 / 6一撃注意 / 開催:2日目でやや本命寄り",2026-04-24 23:48:26 JST,"[""6.88"", ""6.93"", ""6.93"", ""6.94"", ""6.97"", ""6.91""]",1:1 / 2:3 / 3:3 / 4:5 / 5:6 / 6:2,曇,4.0,2.0,,,0.04,1:0.19 / 2:0.01 / 3:0.05 / 4:-0.17 / 5:-0.15 / 6:0.23,1:B1 / B1 / B1 / B1 / 2:B1 / B1 / B1 / B1 / 3:A2 / B1 / A2 / A2 / 4:B1 / B2 / B1 / B1 / 5:B1 / B1 / A2 / B1 / 6:A2 / A2 / A2 / B1,1:宮村勇哉 / 2:島田一生 / 3:三好勇人 / 4:越智照浩 / 5:米田隆弘 / 6:山口真喜,1:-勝率|+当地|-モータ|-コース / 2:-勝率|+当地|-モータ|-コース / 3:-勝率|+当地|-モータ|-コース|-近況|+級別 / 4:-勝率|+当地|-モータ|-コース|-近況|-級別 / 5:+当地|-モータ|-コース|-近況 / 6:+当地|-モータ|-コース|+級別,1:-勝率|+当地|-モータ|-コース / 2:-勝率|+当地|-モータ|-コース / 3:-勝率|+当地|-モータ|-コース|-近況|+級別 / 4:-勝率|+当地|-モータ|-コース|-近況|-級別 / 5:+当地|-モータ|-コース|-近況 / 6:+当地|-モータ|-コース|+級別,,,,,,,,,,2026-04-24 23:48:26 JST,,,100,,,,3連単,2,,1.24,base素材保留,base素材保留 / 選手力上位 / 当地巧者 / 級別傾向強い,2026-04-24 23:28:20 JST,,0
2026-04-24,17:57,桐生,7R,7,official_all,★★★★★,1-3-4 / 1-4-3 / 1-3-2 / 1-4-2 / 1-2-3 / 1-2-4,-0.07,AI★☆☆☆☆,1-6-3 / 1-6-5 / 1-6-4 / 1-6-2 / 1-3-6 / 1-3-5,base土台○ / 当地巧者 / 級別傾向強い / 1号艇有利 / インやや強め,0.05,AI★☆☆☆☆,1-6-5 / 4-1-2 / 1-6-4 / 2-1-4 / 4-1-5 / 1-4-2,見送り寄り,"朝:base土台○ / 当地巧者 / 級別傾向強い / 1号艇有利 / インやや強め / base土台をやや保持 / 直前:展示差あり / 展示タイム差を確認 / 気象荒れ気味 / 風向東 / 足:足差あり / 展示F:1注意 / 足:ST気配あり / 部品交換:3 / 足:4号艇足色良さげ / 整備:チルト:1:-0.5,2:-0.5,3:-0.5,4:-0.5,5:-0.5,6:-0.5 / 部品交換:3:リング / 直前差大で直前重視 / 隊形:1逃げ本線 / 4攻め注意",2026-04-24 23:48:26 JST,"[""6.63"", ""6.77"", ""6.84"", ""6.82"", ""6.71"", ""6.76""]",1:1 / 2:4 / 3:6 / 4:5 / 5:2 / 6:3,曇,5.0,4.0,,東,-0.1,1:0.27 / 2:-0.06 / 3:-0.38 / 4:0.08 / 5:-0.11 / 6:-0.14,1:A2 / B1 / A2 / A2 / 2:B1 / B1 / B1 / B1 / 3:A2 / B1 / B1 / B1 / 4:B1 / B1 / B1 / B1 / 5:B1 / B1 / B1 / B1 / 6:B1 / B1 / B1 / B1,1:渡邉睦広 / 2:上村慎太 / 3:大橋栄里 / 4:井上尚悟 / 5:増田 進 / 6:佐藤駿介,1:-勝率|+当地|-モータ|-コース|+級別 / 2:-勝率|+当地|-モータ|-コース / 3:-勝率|+当地|-モータ|-コース|-近況|+級別 / 4:-勝率|+当地|-モータ|-コース|-近況 / 5:+当地|-モータ|-コース|-近況 / 6:+当地|-モータ|-コース|-近況,1:-勝率|+当地|-モータ|-コース|+級別 / 2:-勝率|+当地|-モータ|-コース / 3:-勝率|+当地|-モータ|-コース|-近況|+級別 / 4:-勝率|+当地|-モータ|-コース|-近況 / 5:+当地|-モータ|-コース|-近況 / 6:+当地|-モータ|-コース|-近況,,,,,,,,,,2026-04-24 23:48:26 JST,,,100,,,,3連単,4,,-0.89,base素材危険,base素材危険 / 当地巧者 / 級別傾向強い / 1号艇有利,2026-04-24 23:28:20 JST,,0
2026-04-24,18:00,福岡,12R,12,official_all,★★☆☆☆,1-4-5 / 1-5-4 / 1-4-3 / 1-5-3 / 1-3-4 / 1-3-5,4.93,AI★★★★★,4-1-3 / 4-1-6 / 4-1-5 / 4-1-2 / 4-3-1 / 4-3-6,base土台○ / 地力上位 / 級別傾向強い / 中枠攻め候補,4.92,AI★★★★★,1-2-5 / 2-1-5 / 1-2-4 / 4-1-2 / 3-2-1 / 4-1-3,買い,"公式低評価AI検証 / 朝:base土台○ / 地力上位 / 級別傾向強い / 中枠攻め候補 / base土台をやや保持 / 直前:気象荒れ気味 / 風向北 / 波高5cm / 部品交換:1,6 / 足:2号艇足色良さげ / 整備:チルト:1:0,2:0,3:-0.5,4:0,5:-0.5,6:0 / 部品交換:1:ピストン,リング,ピストンリング,6:ピストン,リング,ピストンリング,シリンダ,電気,電気一式,キャブ,キャブレタ / 直前差小で朝寄り / 朝評価をやや優先 / 隊形:2差し注意 / 1逃げ本線",2026-04-24 23:48:26 JST,"[""6.75"", ""6.77"", ""6.83"", ""6.82"", ""6.81"", ""6.85""]",1:1 / 2:2 / 3:5 / 4:4 / 5:3 / 6:6,晴,5.0,5.0,,北,-0.2,1:0.05 / 2:0.25 / 3:-0.05 / 4:0.00 / 5:-0.04 / 6:-0.12,1:A1 / A1 / A1 / A1 / 2:B1 / A2 / B1 / B1 / 3:A1 / A1 / A1 / A2 / 4:A1 / A1 / A1 / A1 / 5:A2 / A2 / A2 / B1 / 6:A2 / A2 / A2 / A2,1:篠崎元志 / 2:大賀龍之 / 3:堀本和也 / 4:北山康介 / 5:百武 翔 / 6:藤田浩人,1:+別格|-勝率|+当地|-モータ|-コース|+級別 / 2:-勝率|+当地|-モータ|-コース / 3:-勝率|-当地|-モータ|-コース|-近況|+級別 / 4:+勝率|-モータ|-コース|-近況|+級別 / 5:-当地|-モータ|-コース|-近況|+級別 / 6:-当地|-モータ|-コース|+級別,1:+別格|-勝率|+当地|-モータ|-コース|+級別 / 2:-勝率|+当地|-モータ|-コース / 3:-勝率|-当地|-モータ|-コース|-近況|+級別 / 4:+勝率|-モータ|-コース|-近況|+級別 / 5:-当地|-モータ|-コース|-近況|+級別 / 6:-当地|-モータ|-コース|+級別,,,,,,,,,,2026-04-24 23:48:26 JST,,,100,,,,3連単,5,,5.97,base素材○,base素材○ / 地力上位 / 級別傾向強い / 中枠攻め候補,2026-04-24 23:28:20 JST,,0
2026-04-24,18:04,若松,7R,7,official_all,★★★★★,5-1-2 / 5-2-1 / 5-1-4 / 5-2-4 / 5-4-1 / 5-4-2,9.47,AI★★★★★,5-6-2 / 5-6-1 / 5-6-4 / 5-6-3 / 5-2-6 / 5-2-1,base土台○ / 地力上位 / 当地巧者 / 級別傾向強い / 差しやや警戒,9.49,AI★★★★★,1-2-4 / 4-2-3 / 2-4-3 / 3-2-4 / 5-2-1 / 5-6-2,様子見,"朝:base土台○ / 地力上位 / 当地巧者 / 級別傾向強い / 差しやや警戒 / base土台をやや保持 / 直前:展示差あり / 展示タイム差を確認 / 進入:1-4-2-3-5-6 / 気象荒れ気味 / 波高6cm / 足:足差ややあり / 展示F:1,3,5注意 / 足:進入変化 / 安定板使用 / 部品交換:5,6 / 整備:安定板使用 / チルト:1:0,2:-0.5,3:0,4:0,5:0,6:0 / 部品交換:5:ピストン,リング,ピストンリング,6:ピストン,リング,ピストンリング,シリンダ,ギヤケース,電気,電気一式,キャブ,キャブレタ,シャフト,クランク / 進入変化ありで少し動かす / 隊形:4攻め注意 / 2差し注意 / 進入:1-4-2-3-5-6",2026-04-24 23:48:26 JST,"[""7.03"", ""7.01"", ""6.96"", ""7.04"", ""7.00"", ""7.14""]",1:4 / 2:3 / 3:1 / 4:5 / 5:2 / 6:6,晴,6.0,6.0,,,-0.2,1:-0.15 / 2:0.15 / 3:0.08 / 4:0.21 / 5:0.02 / 6:-0.42,1:A2 / B1 / B1 / B1 / 2:A2 / B1 / B1 / B1 / 3:B2 / B2 / B2 / B1 / 4:B1 / B1 / B1 / B1 / 5:A1 / A1 / A1 / A1 / 6:B1 / B1 / B1 / B1,1:湯淺紀香 / 2:柴田百恵 / 3:深見亜由 / 4:池田奈津 / 5:渡邉優美 / 6:加藤奈月,1:-勝率|+当地|-モータ|-コース|+級別 / 2:-勝率|+当地|-モータ|-コース|+級別 / 3:-勝率|+当地|-モータ|-ST|-コース|-近況 / 4:-勝率|+当地|-モータ|-コース / 5:+勝率|+当地|-モータ|-コース|+級別 / 6:+当地|-モータ|-コース,1:-勝率|+当地|-モータ|-コース|+級別 / 2:-勝率|+当地|-モータ|-コース|+級別 / 3:-勝率|+当地|-モータ|-ST|-コース|-近況 / 4:-勝率|+当地|-モータ|-コース / 5:+勝率|+当地|-モータ|-コース|+級別 / 6:+当地|-モータ|-コース,,,,,,,,,,2026-04-24 23:48:26 JST,,,100,,,,3連単,3,,4.66,base素材○,base素材○ / 地力上位 / 当地巧者 / 級別傾向強い,2026-04-24 23:28:20 JST,,0
2026-04-24,18:11,蒲郡,7R,7,official_all,★★★★☆,1-3-4 / 1-4-3 / 1-3-6 / 1-4-6 / 1-6-3 / 1-6-4,6.87,AI★★★★★,1-3-4 / 1-3-6 / 1-3-5 / 1-3-2 / 1-4-3 / 1-4-6,base土台◎ / 当地巧者 / 級別傾向強い / 1号艇有利 / インやや強め,6.94,AI★★★★★,1-3-5 / 3-1-5 / 1-3-4 / 5-1-3 / 2-3-5 / 1-3-6,買い,"朝:base土台◎ / 当地巧者 / 級別傾向強い / 1号艇有利 / インやや強め / base土台を強めに保持 / 直前:展示差あり / 展示タイム差を確認 / 気象安定 / 風向東 / 足:足差あり / 展示F:3,6注意 / 部品交換:2,3,4,6 / 足:1号艇足色良さげ / 整備:チルト:1:-0.5,2:-0.5,3:-0.5,4:-0.5,5:0,6:0 / 部品交換:2:ピストン,リング,ピストンリング,シリンダ,キャリア,キャリアボデー,ギヤケース,電気,電気一式,キャブ,キャブレタ,シャフト,クランク,3:ピストン,4:ピストン,リング,ピストンリング,6:ピストン,リング,ピストンリング,シリンダ,電気,電気一式,キャブ,キャブレタ / 直前差中で少し動かす / 隊形:3攻め注意 / 1逃げ本線",2026-04-24 23:48:26 JST,"[""6.85"", ""6.74"", ""6.66"", ""6.73"", ""6.66"", ""6.74""]",1:6 / 2:4 / 3:1 / 4:3 / 5:1 / 6:4,曇,2.0,1.0,,東,0.09,1:0.09 / 2:-0.06 / 3:0.20 / 4:-0.14 / 5:0.10 / 6:-0.13,1:A1 / A1 / A1 / A1 / 2:B1 / B1 / B1 / B1 / 3:A2 / A1 / A2 / B1 / 4:A2 / A2 / A2 / B1 / 5:B1 / B1 / B1 / B1 / 6:B1 / B1 / B1 / B1,1:秋元 哲 / 2:東口 晃 / 3:田路朋史 / 4:戸敷晃美 / 5:豊田祥生 / 6:山口 亮,1:-勝率|+当地|-モータ|-コース|+級別 / 2:-勝率|+当地|-モータ|-コース / 3:-勝率|+当地|-モータ|-コース|-近況|+級別 / 4:-勝率|+当地|-モータ|-コース|-近況|+級別 / 5:+当地|-モータ|-コース / 6:+当地|-モータ|-コース,1:-勝率|+当地|-モータ|-コース|+級別 / 2:-勝率|+当地|-モータ|-コース / 3:-勝率|+当地|-モータ|-コース|-近況|+級別 / 4:-勝率|+当地|-モータ|-コース|-近況|+級別 / 5:+当地|-モータ|-コース / 6:+当地|-モータ|-コース,,,,,,,,,,2026-04-24 23:48:26 JST,,,100,,,,3連単,4,,4.21,base素材○,base素材○ / 当地巧者 / 級別傾向強い / 1号艇有利,2026-04-24 23:28:20 JST,,0
2026-04-24,18:18,住之江,7R,7,official_all,★★★★☆,3-5-2 / 3-2-5 / 3-5-1 / 3-2-1 / 3-1-5 / 3-1-2,2.31,AI★★★★☆,2-5-3 / 2-5-6 / 2-5-4 / 2-5-1 / 2-3-5 / 2-3-6,base土台○ / 当地巧者 / 級別傾向強い,2.44,AI★★★☆☆,1-2-3 / 2-5-3 / 2-3-5 / 3-2-4 / 4-2-3 / 1-2-4,様子見,"朝:base土台○ / 当地巧者 / 級別傾向強い / base土台をやや保持 / 直前:気象安定 / 風向北 / 展示F:3注意 / 足:ST気配あり / 部品交換:1,3,6 / 足:2号艇足色良さげ / 整備:チルト:1:-0.5,2:-0.5,3:0,4:-0.5,5:-0.5,6:-0.5 / 部品交換:1:ピストン,リング,ピストンリング,シリンダ,キャリア,キャリアボデー,ギヤケース,電気,電気一式,キャブ,キャブレタ,シャフト,クランク,3:ピストン,リング,ピストンリング,シリンダ,キャリア,キャリアボデー,ギヤケース,電気,電気一式,キャブ,キャブレタ,シャフト,クランク,プロペラ,ペラ,6:ピストン,リング,ピストンリング,シリンダ,電気,電気一式,キャブ,キャブレタ / 直前差中で少し動かす / 朝評価をやや優先 / 隊形:2差し注意 / 1逃げ本線 / 開催:2日目でやや本命寄り",2026-04-24 23:48:26 JST,"[""6.93"", ""6.96"", ""6.91"", ""6.97"", ""6.97"", ""6.92""]",1:3 / 2:4 / 3:1 / 4:5 / 5:5 / 6:2,曇,2.0,1.0,,北,0.09,1:0.10 / 2:0.26 / 3:0.04 / 4:0.02 / 5:-0.02 / 6:-0.13,1:B1 / B1 / B1 / B1 / 2:A2 / A1 / A1 / A2 / 3:A2 / A2 / A2 / A1 / 4:B1 / B1 / B1 / B1 / 5:A2 / A1 / B1 / A2 / 6:B1 / B1 / B1 / B1,1:杢野誓良 / 2:北川潤二 / 3:村松修二 / 4:田添康介 / 5:興津 藍 / 6:上之晃弘,1:-勝率|+当地|-モータ / 2:-勝率|+当地|-モータ|+級別 / 3:-勝率|-当地|-モータ|-ST|-近況|+級別 / 4:-勝率|+当地|-モータ|-近況 / 5:+当地|-モータ|-近況|+級別 / 6:+当地|-モータ|-近況,1:-勝率|+当地|-モータ / 2:-勝率|+当地|-モータ|+級別 / 3:-勝率|-当地|-モータ|-ST|-近況|+級別 / 4:-勝率|+当地|-モータ|-近況 / 5:+当地|-モータ|-近況|+級別 / 6:+当地|-モータ|-近況,,,,,,,,,,2026-04-24 23:48:26 JST,,,100,,,,3連単,2,,2.23,base素材○,base素材○ / 当地巧者 / 級別傾向強い,2026-04-24 23:28:20 JST,,0
2026-04-24,18:25,桐生,8R,8,official_all,★★★★★,5-1-6 / 5-6-1 / 5-1-4 / 5-6-4 / 5-4-1 / 5-4-6,9.05,AI★★★★★,5-6-1 / 5-6-4 / 5-6-3 / 5-6-2 / 5-1-6 / 5-1-4,base土台○ / 地力上位 / 当地巧者 / 級別傾向強い / インやや強め,9.1,AI★★★★★,1-3-4 / 4-1-3 / 1-4-3 / 3-1-4 / 5-6-4 / 5-6-1,買い強め,"朝:base土台○ / 地力上位 / 当地巧者 / 級別傾向強い / インやや強め / base土台をやや保持 / 直前:展示差あり / 展示タイム差を確認 / 気象荒れ気味 / 風向東 / 足:足差あり / 足:ST気配あり / 部品交換:1,5 / 足:1号艇足色良さげ / 整備:チルト:1:-0.5,2:-0.5,3:-0.5,4:0,5:-0.5,6:0 / 部品交換:1:キャブ,5:ピストン,リング,シリンダ / 直前差中で少し動かす / 隊形:1逃げ本線 / 4攻め注意",2026-04-24 23:48:26 JST,"[""6.69"", ""6.80"", ""6.60"", ""6.57"", ""6.70"", ""6.60""]",1:4 / 2:6 / 3:2 / 4:1 / 5:5 / 6:2,曇,5.0,4.0,,東,-0.1,1:0.13 / 2:-0.35 / 3:0.17 / 4:0.26 / 5:-0.27 / 6:0.05,1:A2 / B1 / A2 / A2 / 2:B1 / B1 / B1 / B1 / 3:B1 / B1 / B1 / B1 / 4:B1 / B1 / B1 / B1 / 5:A1 / A1 / A1 / A1 / 6:B1 / A2 / B1 / B1,1:柏野幸二 / 2:本岡勝利 / 3:福島陽子 / 4:佐竹太一 / 5:畑田汰一 / 6:川原 涼,1:-勝率|+当地|-モータ|-コース|+級別 / 2:-勝率|+当地|-モータ|-コース / 3:-勝率|+当地|-モータ|-コース|-近況 / 4:-勝率|+当地|-モータ|-コース|-近況 / 5:+勝率|+当地|-モータ|-コース|-近況|+級別 / 6:+当地|-モータ|-コース,1:-勝率|+当地|-モータ|-コース|+級別 / 2:-勝率|+当地|-モータ|-コース / 3:-勝率|+当地|-モータ|-コース|-近況 / 4:-勝率|+当地|-モータ|-コース|-近況 / 5:+勝率|+当地|-モータ|-コース|-近況|+級別 / 6:+当地|-モータ|-コース,,,,,,,,,,2026-04-24 23:48:26 JST,,,100,,,,3連単,4,,4.66,base素材○,base素材○ / 地力上位 / 当地巧者 / 級別傾向強い,2026-04-24 23:28:20 JST,,0
2026-04-24,18:32,若松,8R,8,official_all,★★★★★,3-1-2 / 3-2-1 / 3-1-5 / 3-2-5 / 3-5-1 / 3-5-2,7.3,AI★★★★★,3-1-2 / 3-1-5 / 3-1-6 / 3-1-4 / 3-2-1 / 3-2-5,base土台○ / 当地巧者 / 級別傾向強い / 中枠攻め候補 / 差しやや警戒,7.32,AI★★★★★,1-3-5 / 1-3-4 / 1-5-3 / 3-1-5 / 3-1-4 / 3-1-2,買い,"朝:base土台○ / 当地巧者 / 級別傾向強い / 中枠攻め候補 / 差しやや警戒 / base土台をやや保持 / 直前:展示差ややあり / 展示タイム差を確認 / 気象荒れ気味 / 風向西 / 波高6cm / 足:足差ややあり / 展示F:2,3,4注意 / 足:ST気配あり / 安定板使用 / 部品交換:2,4,5,6 / 整備:安定板使用 / チルト:1:0,2:0,3:0,4:0,5:-0.5,6:-0.5 / 部品交換:2:ピストン,4:ピストン,リング,ピストンリング,5:ピストン,リング,ピストンリング,シリンダ,キャリア,キャリアボデー,ギヤケース,電気,電気一式,キャブ,キャブレタ,シャフト,クランク,プロペラ,ペラ,6:ピストン,リング,ピストンリング,シリンダ,電気,電気一式,キャブ,キャブレタ / 直前差小で朝寄り / 朝評価をやや優先 / 隊形:1逃げ本線",2026-04-24 23:48:26 JST,"[""6.93"", ""6.97"", ""6.93"", ""6.94"", ""6.97"", ""7.06""]",1:1 / 2:4 / 3:1 / 4:3 / 5:4 / 6:6,晴,6.0,6.0,,西,-0.2,1:0.37 / 2:-0.03 / 3:0.10 / 4:0.05 / 5:0.04 / 6:-0.42,1:A2 / A2 / A2 / A1 / 2:A2 / A2 / B1 / A2 / 3:A1 / A1 / A1 / A1 / 4:B2 / B2 / B2 / B2 / 5:B1 / B1 / B1 / A2 / 6:B2 / B2 / B2,1:魚谷香織 / 2:西村 歩 / 3:平山智加 / 4:赤井星璃 / 5:犬童千秋 / 6:久保田凪,1:-勝率|+当地|-モータ|-コース|+級別 / 2:-勝率|+当地|-モータ|-コース|+級別 / 3:-勝率|+当地|-モータ|-コース|-近況|+級別 / 4:-勝率|+当地|-モータ|-ST|-コース|-近況 / 5:-当地|-モータ|-ST|-コース|+近況 / 6:+当地|-モータ|-コース|-近況|-級別,1:-勝率|+当地|-モータ|-コース|+級別 / 2:-勝率|+当地|-モータ|-コース|+級別 / 3:-勝率|+当地|-モータ|-コース|-近況|+級別 / 4:-勝率|+当地|-モータ|-ST|-コース|-近況 / 5:-当地|-モータ|-ST|-コース|+近況 / 6:+当地|-モータ|-コース|-近況|-級別,,,,,,,,,,2026-04-24 23:48:26 JST,,,100,,,,3連単,3,,3.91,base素材○,base素材○ / 当地巧者 / 級別傾向強い / 中枠攻め候補,2026-04-24 23:28:20 JST,,0
2026-04-24,18:39,蒲郡,8R,8,official_all,★★★★★,2-3-1 / 2-1-3 / 2-3-6 / 2-1-6 / 2-6-3 / 2-6-1,6.6,AI★★★★★,2-6-1 / 2-6-4 / 2-6-3 / 2-6-5 / 2-1-6 / 2-1-4,base土台◎ / 当地巧者 / 級別傾向強い / インやや強め,6.68,AI★★★★★,1-2-3 / 3-2-1 / 3-1-2 / 2-6-3 / 2-6-1 / 2-1-6,買い,"朝:base土台◎ / 当地巧者 / 級別傾向強い / インやや強め / base土台を強めに保持 / 直前:気象安定 / 展示F:2注意 / 足:ST気配あり / 部品交換:1 / 足:3号艇足色良さげ / 整備:チルト:1:-0.5,2:-0.5,3:-0.5,4:-0.5,5:-0.5,6:-0.5 / 部品交換:1:リング / 直前差中で少し動かす / 隊形:3攻め注意 / 1逃げ本線",2026-04-24 23:48:26 JST,"[""6.81"", ""6.74"", ""6.78"", ""6.79"", ""6.79"", ""6.79""]",1:6 / 2:1 / 3:2 / 4:3 / 5:3 / 6:3,曇,2.0,1.0,,,0.09,1:0.09 / 2:0.06 / 3:0.25 / 4:-0.02 / 5:-0.13 / 6:-0.02,1:A2 / B1 / A2 / A2 / 2:A1 / A1 / A1 / A1 / 3:B1 / B1 / B1 / A2 / 4:B1 / B1 / B1 / B1 / 5:B2 / B1 / B2 / B2 / 6:A2 / A2 / A2 / A2,1:高橋英之 / 2:久田敏之 / 3:大谷直弘 / 4:宮野 仁 / 5:宮崎心之 / 6:津久井拓,1:-勝率|+当地|-モータ|-コース|+級別 / 2:-勝率|+当地|-モータ|-コース|+級別 / 3:-勝率|+当地|-モータ|-コース|-近況 / 4:-勝率|+当地|-モータ|-コース|-近況 / 5:+当地|-モータ|-コース|-近況|-級別 / 6:+当地|-モータ|-コース|-近況|+級別,1:-勝率|+当地|-モータ|-コース|+級別 / 2:-勝率|+当地|-モータ|-コース|+級別 / 3:-勝率|+当地|-モータ|-コース|-近況 / 4:-勝率|+当地|-モータ|-コース|-近況 / 5:+当地|-モータ|-コース|-近況|-級別 / 6:+当地|-モータ|-コース|-近況|+級別,,,,,,,,,,2026-04-24 23:48:26 JST,,,100,,,,3連単,4,,4.38,base素材○,base素材○ / 当地巧者 / 級別傾向強い,2026-04-24 23:28:20 JST,,0
2026-04-24,18:46,住之江,8R,8,official_all,★☆☆☆☆,3-4-6 / 3-6-4 / 3-4-1 / 3-6-1 / 3-1-4 / 3-1-6,4.98,AI★★★★★,4-6-3 / 4-6-5 / 4-6-1 / 4-6-2 / 4-3-6 / 4-3-5,base土台○ / 当地巧者 / 級別傾向強い / 中枠攻め候補 / 攻めやや注意,5.13,AI★★★★★,1-3-6 / 3-4-6 / 4-6-3 / 5-3-6 / 4-3-6 / 3-6-4,買い,"公式低評価AI検証 / 朝:base土台○ / 当地巧者 / 級別傾向強い / 中枠攻め候補 / 攻めやや注意 / base土台をやや保持 / 直前:展示差あり / 展示タイム差を確認 / 気象安定 / 足:足差ややあり / 展示F:6注意 / 足:ST気配あり / 部品交換:1,3,6 / 足:3号艇足色良さげ / 整備:チルト:1:-0.5,2:0,3:-0.5,4:-0.5,5:-0.5,6:-0.5 / 部品交換:1:ピストン,リング,ピストンリング,電気,電気一式,キャブ,キャブレタ,3:ピストン,リング,ピストンリング,電気,電気一式,6:ピストン,リング,ピストンリング,シリンダ,ギヤケース,電気,電気一式,キャブ,キャブレタ,シャフト,クランク / 直前差中で少し動かす / 隊形:3攻め注意 / 開催:2日目でやや本命寄り",2026-04-24 23:48:26 JST,"[""6.95"", ""7.06"", ""6.97"", ""6.94"", ""6.95"", ""6.91""]",1:3 / 2:6 / 3:5 / 4:2 / 5:3 / 6:1,曇,4.0,2.0,,,0.04,1:-0.08 / 2:-0.31 / 3:0.24 / 4:0.08 / 5:-0.01 / 6:0.06,1:B1 / B1 / A2 / B1 / 2:B1 / B1 / B1 / B1 / 3:B1 / A2 / A2 / A2 / 4:A1 / A2 / A1 / A1 / 5:B1 / B1 / B1 / B1 / 6:A2 / A1 / A1 / A2,1:岡部大輝 / 2:宇土泰就 / 3:岡田憲行 / 4:河村 了 / 5:谷 勝幸 / 6:篠田優也,1:-勝率|+当地|-モータ|-コース / 2:-勝率|+当地|-モータ|-コース / 3:-勝率|+当地|-モータ|-コース|-近況|+級別 / 4:-勝率|+当地|-モータ|-コース|-近況|+級別 / 5:-モータ|-コース / 6:-モータ|-コース|+級別,1:-勝率|+当地|-モータ|-コース / 2:-勝率|+当地|-モータ|-コース / 3:-勝率|+当地|-モータ|-コース|-近況|+級別 / 4:-勝率|+当地|-モータ|-コース|-近況|+級別 / 5:-モータ|-コース / 6:-モータ|-コース|+級別,,,,,,,,,,2026-04-24 23:48:26 JST,,,100,,,,3連単,2,,4.02,base素材○,base素材○ / 当地巧者 / 級別傾向強い / 中枠攻め候補,2026-04-24 23:28:20 JST,,0
2026-04-24,18:54,桐生,9R,9,official_all,★★★★☆,4-1-2 / 4-2-1 / 4-1-6 / 4-2-6 / 4-6-1 / 4-6-2,5.4,AI★★★★★,4-1-6 / 4-1-3 / 4-1-5 / 4-1-2 / 4-6-1 / 4-6-3,base土台○ / 地力上位 / 級別傾向強い / 中枠攻め候補,5.44,AI★★★★★,1-5-6 / 5-2-6 / 5-6-2 / 4-1-5 / 4-6-1 / 4-1-6,見送り寄り,"朝:base土台○ / 地力上位 / 級別傾向強い / 中枠攻め候補 / base土台をやや保持 / 直前:展示差あり / 展示タイム差を確認 / 風向北 / 足:足差ややあり / 展示F:2,3,4注意 / チルト高:6:1 / 部品交換:1,4,5,6 / 足:5号艇足色良さげ / 整備:チルト:1:-0.5,2:0,3:-0.5,4:-0.5,5:0,6:1 / 部品交換:1:ピストン,リング,ピストンリング,4:ピストン,5:ピストン,リング,ピストンリング,シリンダ,キャリア,キャリアボデー,ギヤケース,電気,電気一式,キャブ,キャブレタ,シャフト,クランク,6:ピストン,リング,ピストンリング,シリンダ,電気,電気一式,キャブ,キャブレタ / 直前差小で朝寄り / 朝評価をやや優先 / 隊形:5一撃注意 / 2差し注意",2026-04-24 23:48:26 JST,"[""6.57"", ""6.50"", ""6.65"", ""6.60"", ""6.55"", ""6.49""]",1:4 / 2:2 / 3:6 / 4:5 / 5:3 / 6:1,曇,4.0,3.0,,北,0.0,1:-0.03 / 2:0.09 / 3:-0.33 / 4:-0.14 / 5:0.15 / 6:0.11,1:A1 / A1 / A1 / A1 / 2:B1 / B1 / B2 / B2 / 3:B1 / A2 / A2 / A2 / 4:A1 / A1 / A1 / A1 / 5:B1 / B1 / B1 / B1 / 6:A2 / B1 / B1 / B1,1:塩田北斗 / 2:濱崎 誠 / 3:黄金井力 / 4:豊田健士 / 5:梶山涼斗 / 6:都築正治,1:-勝率|+当地|-モータ|-コース|+級別 / 2:-勝率|+当地|-モータ|-コース|-級別 / 3:-勝率|+当地|-モータ|-ST|-コース|-近況 / 4:+勝率|-モータ|-コース|-近況|+級別 / 5:-モータ|-コース|+近況 / 6:-モータ|-コース|+級別,1:-勝率|+当地|-モータ|-コース|+級別 / 2:-勝率|+当地|-モータ|-コース|-級別 / 3:-勝率|+当地|-モータ|-ST|-コース|-近況 / 4:+勝率|-モータ|-コース|-近況|+級別 / 5:-モータ|-コース|+近況 / 6:-モータ|-コース|+級別,,,,,,,,,,2026-04-24 23:48:26 JST,,,100,,,,3連単,4,,5.43,base素材○,base素材○ / 地力上位 / 級別傾向強い / 中枠攻め候補,2026-04-24 23:28:20 JST,,0
2026-04-24,19:02,若松,9R,9,official_all,★★★☆☆,1-3-6 / 1-6-3 / 1-3-2 / 1-6-2 / 1-2-3 / 1-2-6,3.8,AI★★★★★,1-6-3 / 1-6-4 / 1-6-2 / 1-6-5 / 1-3-6 / 1-3-4,base土台◎ / 当地巧者 / 級別傾向強い / 1号艇有利 / 差しやや警戒,3.75,AI★★★★☆,1-6-3 / 3-2-6 / 2-6-3 / 6-2-3 / 4-6-3 / 1-6-2,買い,"公式低評価AI検証 / 朝:base土台◎ / 当地巧者 / 級別傾向強い / 1号艇有利 / 差しやや警戒 / base土台を強めに保持 / 直前:進入:1-3-6-2-4-5 / 前づけで波乱含み / 気象荒れ気味 / 波高6cm / 展示F:1注意 / 足:ST気配あり / 足:進入変化 / 安定板使用 / 部品交換:1,3,6 / 整備:安定板使用 / チルト:1:0.5,2:-0.5,3:0,4:0,5:0,6:0 / 部品交換:1:ピストン,リング,ピストンリング,電気,電気一式,キャブ,キャブレタ,3:ピストン,リング,ピストンリング,電気,電気一式,6:ピストン,リング,ピストンリング,シリンダ,ギヤケース,電気,電気一式,キャブ,キャブレタ,シャフト,クランク / 進入変化ありで直前重視 / 隊形:3攻め注意 / 2差し注意 / 進入:1-3-6-2-4-5",2026-04-24 23:48:26 JST,"[""6.99"", ""6.95"", ""6.93"", ""7.01"", ""7.01"", ""6.95""]",1:4 / 2:2 / 3:1 / 4:5 / 5:5 / 6:2,晴,6.0,6.0,,,-0.2,1:-0.16 / 2:0.19 / 3:0.21 / 4:-0.04 / 5:-0.20 / 6:0.14,1:A1 / A2 / A1 / A2 / 2:B1 / B1 / B1 / B1 / 3:A1 / A2 / B1 / A2 / 4:B1 / B1 / B1 / B1 / 5:B1 / B1 / B1 / B1 / 6:B1 / A2 / A1 / A2,1:前田紗希 / 2:神里琴音 / 3:山本梨菜 / 4:池 千夏 / 5:木村紗友 / 6:中谷朋子,1:-勝率|+当地|-モータ|-コース|+級別 / 2:-勝率|+当地|-モータ|-コース|-近況 / 3:-勝率|-当地|-モータ|-コース|+級別 / 4:-勝率|+当地|-モータ|-コース / 5:-当地|-モータ|-ST|-コース|-近況 / 6:-モータ|-コース|-近況|+級別,1:-勝率|+当地|-モータ|-コース|+級別 / 2:-勝率|+当地|-モータ|-コース|-近況 / 3:-勝率|-当地|-モータ|-コース|+級別 / 4:-勝率|+当地|-モータ|-コース / 5:-当地|-モータ|-ST|-コース|-近況 / 6:-モータ|-コース|-近況|+級別,,,,,,,,,,2026-04-24 23:48:26 JST,,,100,,,,3連単,3,,2.28,base素材○,base素材○ / 当地巧者 / 級別傾向強い / 1号艇有利,2026-04-24 23:28:20 JST,,0
2026-04-24,19:09,蒲郡,9R,9,official_all,★★☆☆☆,5-1-4 / 5-4-1 / 5-1-2 / 5-4-2 / 5-2-1 / 5-2-4,5.64,AI★★★★★,5-4-1 / 5-4-6 / 5-4-3 / 5-4-2 / 5-1-4 / 5-1-6,base保留 / 級別傾向強い / インやや強め,5.89,AI★★★★★,1-2-6 / 2-1-6 / 1-2-4 / 6-1-2 / 5-1-4 / 5-4-1,買い,"公式低評価AI検証 / 朝:base保留 / 級別傾向強い / インやや強め / base保留で買い上げ慎重 / 直前:展示差あり / 展示タイム差を確認 / 気象安定 / 足:足差ややあり / 足:ST気配あり / 部品交換:1 / 足:1号艇足色良さげ / 整備:チルト:1:-0.5,2:-0.5,3:-0.5,4:-0.5,5:-0.5,6:0 / 部品交換:1:リング / 直前差中で少し動かす / 隊形:1逃げ本線",2026-04-24 23:48:26 JST,"[""6.66"", ""6.75"", ""6.79"", ""6.79"", ""6.84"", ""6.76""]",1:1 / 2:2 / 3:4 / 4:4 / 5:6 / 6:3,曇,2.0,1.0,,,0.09,1:0.60 / 2:0.00 / 3:-0.22 / 4:-0.09 / 5:-0.37 / 6:-0.09,1:A1 / A2 / A2 / A2 / 2:B1 / B1 / B1 / B1 / 3:B1 / B1 / B1 / B1 / 4:A2 / A2 / A1 / A1 / 5:A1 / A1 / A1 / A1 / 6:B1 / A2 / B1 / B1,1:宮下元胤 / 2:後藤 浩 / 3:福田 理 / 4:石田章央 / 5:黒井達矢 / 6:上野俊樹,1:-勝率|+当地|-モータ|+級別 / 2:-勝率|+当地|-モータ / 3:-勝率|+当地|-モータ|-近況 / 4:-勝率|+当地|-モータ|-コース|-近況|+級別 / 5:-当地|-モータ|-コース|-近況|+級別 / 6:-モータ|-コース,1:-勝率|+当地|-モータ|+級別 / 2:-勝率|+当地|-モータ / 3:-勝率|+当地|-モータ|-近況 / 4:-勝率|+当地|-モータ|-コース|-近況|+級別 / 5:-当地|-モータ|-コース|-近況|+級別 / 6:-モータ|-コース,,,,,,,,,,2026-04-24 23:48:26 JST,,,100,,,,3連単,4,,4.37,base素材○,base素材○ / 級別傾向強い,2026-04-24 23:28:20 JST,,0
2026-04-24,19:16,住之江,9R,9,official_all,★☆☆☆☆,1-3-5 / 1-5-3 / 1-3-4 / 1-5-4 / 1-4-3 / 1-4-5,7.97,AI★★★★★,3-5-1 / 3-5-6 / 3-5-4 / 3-5-2 / 3-1-5 / 3-1-6,base土台○ / 当地巧者 / 級別傾向強い / 中枠攻め候補 / 攻めやや注意,8.02,AI★★★★★,1-6-5 / 6-4-5 / 3-5-6 / 4-6-5 / 3-5-1 / 3-5-4,様子見,"公式低評価AI検証 / 朝:base土台○ / 当地巧者 / 級別傾向強い / 中枠攻め候補 / 攻めやや注意 / base土台をやや保持 / 直前:気象荒れ気味 / 風向西 / 展示F:3,4,5注意 / 部品交換:1,2,6 / 足:6号艇足色良さげ / 整備:チルト:1:-0.5,2:-0.5,3:-0.5,4:0,5:-0.5,6:-0.5 / 部品交換:1:ピストン,リング,ピストンリング,シリンダ,キャリア,キャリアボデー,ギヤケース,電気,電気一式,キャブ,キャブレタ,シャフト,クランク,2:ピストン,リング,ピストンリング,シリンダ,キャリア,キャリアボデー,ギヤケース,電気,電気一式,キャブ,キャブレタ,シャフト,クランク,プロペラ,ペラ,6:ピストン,リング,ピストンリング,シリンダ,電気,電気一式,キャブ,キャブレタ / 直前差小で朝寄り / 朝評価をやや優先 / 隊形:1逃げ本線 / 6一撃注意 / 開催:2日目でやや本命寄り",2026-04-24 23:48:26 JST,"[""6.91"", ""6.94"", ""6.95"", ""6.90"", ""6.90"", ""6.97""]",1:3 / 2:4 / 3:5 / 4:1 / 5:1 / 6:6,曇,5.0,2.0,,西,-0.06,1:-0.06 / 2:-0.01 / 3:-0.02 / 4:0.07 / 5:0.03 / 6:0.14,1:A2 / A2 / A2 / A1 / 2:B1 / B1 / B2 / B2 / 3:A1 / A1 / A1 / A1 / 4:B1 / B1 / B1 / B1 / 5:A2 / A2 / A2 / A2 / 6:B1 / B1 / B2 / B2,1:照屋厚仁 / 2:西岡蒼志 / 3:永井 源 / 4:庄司孝輔 / 5:中山 将 / 6:横田海人,1:-勝率|+当地|-モータ|-コース|+級別 / 2:-勝率|+当地|-モータ|-ST|-コース|-級別 / 3:-勝率|+当地|-モータ|-コース|-近況|+級別 / 4:-勝率|-モータ|-ST|-コース|-近況 / 5:-モータ|-コース|-近況|+級別 / 6:+当地|-モータ|-コース|-級別,1:-勝率|+当地|-モータ|-コース|+級別 / 2:-勝率|+当地|-モータ|-ST|-コース|-級別 / 3:-勝率|+当地|-モータ|-コース|-近況|+級別 / 4:-勝率|-モータ|-ST|-コース|-近況 / 5:-モータ|-コース|-近況|+級別 / 6:+当地|-モータ|-コース|-級別,,,,,,,,,,2026-04-24 23:48:26 JST,,,100,,,,3連単,2,,4.52,base素材○,base素材○ / 当地巧者 / 級別傾向強い / 中枠攻め候補,2026-04-24 23:28:20 JST,,0
2026-04-24,19:24,桐生,10R,10,official_all,★★☆☆☆,2-1-3 / 2-3-1 / 2-1-5 / 2-3-5 / 2-5-1 / 2-5-3,3.92,AI★★★★★,3-2-1 / 3-2-5 / 3-2-4 / 3-2-6 / 3-1-2 / 3-1-5,base土台○ / 当地巧者 / 級別傾向強い / 中枠攻め候補,4.03,AI★★★★☆,1-3-5 / 3-1-5 / 1-5-3 / 5-3-1 / 2-1-5 / 3-2-1,買い強め,"公式低評価AI検証 / 朝:base土台○ / 当地巧者 / 級別傾向強い / 中枠攻め候補 / base土台をやや保持 / 直前:展示差あり / 展示タイム差を確認 / 風向東 / 足:足差あり / 展示F:4,5注意 / 足:ST気配あり / 部品交換:2,3,5,6 / 足:3号艇足色良さげ / 整備:チルト:1:-0.5,2:0,3:0,4:0,5:0,6:-0.5 / 部品交換:2:ピストン,リング,ピストンリング,3:ピストン,5:ピストン,リング,ピストンリング,シリンダ,キャリア,キャリアボデー,ギヤケース,電気,電気一式,キャブ,キャブレタ,シャフト,クランク,6:ピストン,リング,ピストンリング,シリンダ,電気,電気一式,キャブ,キャブレタ / 直前差中で少し動かす / 隊形:1逃げ本線 / 3攻め注意",2026-04-24 23:48:26 JST,"[""6.56"", ""6.59"", ""6.69"", ""6.72"", ""6.48"", ""6.65""]",1:2 / 2:3 / 3:5 / 4:6 / 5:1 / 6:4,曇,4.0,3.0,,東,0.0,1:0.13 / 2:-0.13 / 3:0.04 / 4:-0.38 / 5:0.12 / 6:-0.32,1:A1 / A1 / A1 / A1 / 2:A1 / A1 / A1 / A1 / 3:A1 / A1 / A1 / A1 / 4:A1 / A1 / A2 / A2 / 5:A1 / A1 / A1 / A1 / 6:B1 / B1 / B1 / B1,1:松本純平 / 2:常住 蓮 / 3:東本勝利 / 4:鶴本崇文 / 5:重木輝彦 / 6:小森信雄,1:-勝率|+当地|-モータ|-コース|+級別 / 2:-勝率|+当地|-モータ|-コース|+級別 / 3:-勝率|+当地|-モータ|-コース|-近況|+級別 / 4:-勝率|+当地|-モータ|-コース|-近況|+級別 / 5:+勝率|-当地|-モータ|-コース|+近況|+級別 / 6:-モータ|-コース|-近況,1:-勝率|+当地|-モータ|-コース|+級別 / 2:-勝率|+当地|-モータ|-コース|+級別 / 3:-勝率|+当地|-モータ|-コース|-近況|+級別 / 4:-勝率|+当地|-モータ|-コース|-近況|+級別 / 5:+勝率|-当地|-モータ|-コース|+近況|+級別 / 6:-モータ|-コース|-近況,,,,,,,,,,2026-04-24 23:48:26 JST,,,100,,,,3連単,4,,6.11,base素材○,base素材○ / 当地巧者 / 級別傾向強い / 中枠攻め候補,2026-04-24 23:28:20 JST,,0
2026-04-24,19:32,若松,10R,10,official_all,★★★★☆,1-4-5 / 1-5-4 / 1-4-2 / 1-5-2 / 1-2-4 / 1-2-5,7.25,AI★★★★★,1-2-4 / 1-2-5 / 1-2-3 / 1-2-6 / 1-4-2 / 1-4-5,base土台◎ / 当地巧者 / 級別傾向強い / 1号艇有利 / 差しやや警戒,7.24,AI★★★★★,1-2-4 / 4-3-6 / 1-4-2 / 3-4-6 / 2-3-6 / 1-2-3,見送り寄り,"朝:base土台◎ / 当地巧者 / 級別傾向強い / 1号艇有利 / 差しやや警戒 / base土台を強めに保持 / 直前:展示差あり / 展示タイム差を確認 / 気象荒れ気味 / 波高6cm / 足:足差ややあり / 展示F:2注意 / 足:ST気配あり / 安定板使用 / 部品交換:2,3,6 / 整備:安定板使用 / チルト:1:-0.5,2:0,3:0,4:0,5:-0.5,6:0.5 / 部品交換:2:ピストン,リング,ピストンリング,シリンダ,キャリア,キャリアボデー,ギヤケース,電気,電気一式,キャブ,キャブレタ,シャフト,クランク,3:ピストン,6:ピストン,リング,ピストンリング,シリンダ,電気,電気一式,キャブ,キャブレタ / 直前差中で少し動かす / 隊形:4攻め注意 / 1逃げ本線",2026-04-24 23:48:26 JST,"[""6.93"", ""6.97"", ""6.89"", ""6.88"", ""7.03"", ""6.88""]",1:4 / 2:5 / 3:3 / 4:1 / 5:6 / 6:1,晴,6.0,6.0,,,-0.2,1:0.00 / 2:-0.08 / 3:0.06 / 4:0.20 / 5:-0.45 / 6:0.07,1:A1 / A1 / A1 / A1 / 2:A2 / A1 / A2 / A2 / 3:B1 / B1 / B1 / B1 / 4:A1 / A2 / B1 / B2 / 5:A2 / B1 / A2 / A2 / 6:B2 / B1 / B1 / B1,1:三浦永理 / 2:今井裕梨 / 3:藤田美代 / 4:小芦るり / 5:落合直子 / 6:五反田忍,1:-勝率|+当地|-モータ|+級別 / 2:-勝率|-モータ|+級別 / 3:-勝率|+当地|-モータ|-近況 / 4:-勝率|-当地|-モータ|-近況|+級別 / 5:-当地|-モータ|-近況|+級別 / 6:-当地|-モータ|-ST|-コース|-近況|-級別,1:-勝率|+当地|-モータ|+級別 / 2:-勝率|-モータ|+級別 / 3:-勝率|+当地|-モータ|-近況 / 4:-勝率|-当地|-モータ|-近況|+級別 / 5:-当地|-モータ|-近況|+級別 / 6:-当地|-モータ|-ST|-コース|-近況|-級別,,,,,,,,,,2026-04-24 23:48:26 JST,,,100,,,,3連単,3,,4.03,base素材○,base素材○ / 当地巧者 / 級別傾向強い / 1号艇有利,2026-04-24 23:28:20 JST,,0
2026-04-24,19:40,蒲郡,10R,10,official_all,★★☆☆☆,1-3-6 / 1-6-3 / 1-3-4 / 1-6-4 / 1-4-3 / 1-4-6,3.24,AI★★★★★,6-1-3 / 6-1-4 / 6-1-5 / 6-1-2 / 6-3-1 / 6-3-4,base土台○ / 選手力上位 / 級別傾向強い / インやや強め,3.33,AI★★★★☆,1-2-3 / 2-3-5 / 5-2-3 / 3-2-5 / 6-1-5 / 6-1-3,買い,"公式低評価AI検証 / 朝:base土台○ / 選手力上位 / 級別傾向強い / インやや強め / base土台をやや保持 / 直前:気象安定 / 風向西 / 展示F:6注意 / 足:ST気配あり / 部品交換:1,2,3,6 / 足:5号艇足色良さげ / 整備:チルト:1:-0.5,2:0,3:-0.5,4:-0.5,5:-0.5,6:-0.5 / 部品交換:1:ピストン,リング,ピストンリング,シリンダ,キャリア,キャリアボデー,ギヤケース,電気,電気一式,キャブ,キャブレタ,シャフト,クランク,2:ピストン,リング,ピストンリング,3:ピストン,6:ピストン,リング,ピストンリング,シリンダ,電気,電気一式,キャブ,キャブレタ / 直前差中で少し動かす / 隊形:1逃げ本線 / 2差し注意",2026-04-24 23:48:26 JST,"[""6.80"", ""6.78"", ""6.80"", ""6.81"", ""6.87"", ""6.79""]",1:3 / 2:1 / 3:3 / 4:5 / 5:6 / 6:2,曇,2.0,1.0,,西,0.09,1:0.10 / 2:0.10 / 3:0.06 / 4:-0.10 / 5:0.07 / 6:-0.04,1:A1 / A2 / A2 / B1 / 2:B1 / B1 / B1 / B1 / 3:A1 / A2 / A1 / A1 / 4:A2 / A1 / A1 / A2 / 5:B1 / A2 / B1 / B1 / 6:A2 / A1 / A1 / A1,1:西野雄貴 / 2:岩下巧斗 / 3:横澤剛治 / 4:金子和之 / 5:齊藤 優 / 6:島田賢人,1:-勝率|+当地|-モータ|+級別 / 2:-勝率|+当地|-モータ / 3:-勝率|-当地|-モータ|-近況|+級別 / 4:-勝率|-当地|-モータ|-ST|-近況|+級別 / 5:-当地|-モータ|-ST|-コース|-近況 / 6:-当地|-モータ|-コース|-近況|+級別,1:-勝率|+当地|-モータ|+級別 / 2:-勝率|+当地|-モータ / 3:-勝率|-当地|-モータ|-近況|+級別 / 4:-勝率|-当地|-モータ|-ST|-近況|+級別 / 5:-当地|-モータ|-ST|-コース|-近況 / 6:-当地|-モータ|-コース|-近況|+級別,,,,,,,,,,2026-04-24 23:48:26 JST,,,100,,,,3連単,4,,2.88,base素材○,base素材○ / 選手力上位 / 級別傾向強い,2026-04-24 23:28:20 JST,,0
2026-04-24,19:48,住之江,10R,10,official_all,★★★★★,3-1-6 / 3-6-1 / 3-1-2 / 3-6-2 / 3-2-1 / 3-2-6,7.17,AI★★★★★,3-6-1 / 3-6-5 / 3-6-4 / 3-6-2 / 3-1-6 / 3-1-5,base土台○ / 当地巧者 / 級別傾向強い / 中枠攻め候補 / 攻めやや注意,7.37,AI★★★★★,1-3-5 / 3-1-5 / 3-1-6 / 4-3-5 / 6-3-5 / 3-6-1,買い,"朝:base土台○ / 当地巧者 / 級別傾向強い / 中枠攻め候補 / 攻めやや注意 / base土台をやや保持 / 直前:展示差ややあり / 展示タイム差を確認 / 進入:1-3-2-4-5-6 / 気象安定 / 風向西 / 展示F:5注意 / 足:ST気配あり / 足:進入変化 / 部品交換:1,4,6 / 整備:チルト:1:-0.5,2:-0.5,3:-0.5,4:0,5:0,6:-0.5 / 部品交換:1:ピストン,リング,ピストンリング,4:ピストン,リング,ピストンリング,シリンダ,キャリア,キャリアボデー,ギヤケース,電気,電気一式,キャブ,キャブレタ,シャフト,クランク,プロペラ,ペラ,6:ピストン / 進入変化ありで少し動かす / 隊形:3攻め注意 / 1逃げ本線 / 進入:1-3-2-4-5-6 / 開催:2日目でやや本命寄り",2026-04-24 23:48:26 JST,"[""6.89"", ""6.93"", ""6.98"", ""6.92"", ""6.88"", ""6.94""]",1:2 / 2:4 / 3:6 / 4:3 / 5:1 / 6:5,曇,3.0,1.0,,西,0.05,1:0.12 / 2:-0.18 / 3:0.17 / 4:-0.03 / 5:0.03 / 6:-0.10,1:A2 / A2 / A2 / A2 / 2:B1 / B1 / B1 / B1 / 3:A1 / A1 / A1 / A1 / 4:B1 / B1 / B1 / B1 / 5:B1 / B1 / B1 / B1 / 6:A2 / A1 / A1 / A2,1:小坂宗司 / 2:西村豪洋 / 3:藤岡俊介 / 4:山戸信二 / 5:宮村勇哉 / 6:中野仁照,1:-勝率|+当地|-モータ|-コース|+級別 / 2:-勝率|+当地|-モータ|-コース|-近況 / 3:-勝率|+当地|-モータ|-コース|+級別 / 4:-勝率|+当地|-モータ|-コース|-近況 / 5:+当地|-モータ|-コース|-近況 / 6:-モータ|-コース|-近況|+級別,1:-勝率|+当地|-モータ|-コース|+級別 / 2:-勝率|+当地|-モータ|-コース|-近況 / 3:-勝率|+当地|-モータ|-コース|+級別 / 4:-勝率|+当地|-モータ|-コース|-近況 / 5:+当地|-モータ|-コース|-近況 / 6:-モータ|-コース|-近況|+級別,,,,,,,,,,2026-04-24 23:48:26 JST,,,100,,,,3連単,2,,5.28,base素材○,base素材○ / 当地巧者 / 級別傾向強い / 中枠攻め候補,2026-04-24 23:28:20 JST,,0
2026-04-24,19:57,桐生,11R,11,official_all,★★★★★,1-6-3 / 1-3-6 / 1-6-2 / 1-3-2 / 1-2-6 / 1-2-3,6.51,AI★★★★★,1-6-5 / 1-6-4 / 1-6-3 / 1-6-2 / 1-5-6 / 1-5-4,base土台◎ / 当地巧者 / 級別傾向強い / 1号艇有利 / インやや強め,6.58,AI★★★★★,1-6-5 / 1-5-6 / 1-6-4 / 5-1-6 / 2-1-5 / 5-1-2,買い,"朝:base土台◎ / 当地巧者 / 級別傾向強い / 1号艇有利 / インやや強め / base土台を強めに保持 / 直前:気象安定 / 風向東 / 展示F:6注意 / 足:ST気配あり / 部品交換:1,2,6 / 足:1号艇足色良さげ / 整備:チルト:1:-0.5,2:-0.5,3:0,4:-0.5,5:-0.5,6:-0.5 / 部品交換:1:ピストン,リング,ピストンリング,シリンダ,キャリア,キャリアボデー,ギヤケース,電気,電気一式,キャブ,キャブレタ,シャフト,クランク,プロペラ,ペラ,2:ピストン,6:ピストン,リング,ピストンリング,シリンダ,電気,電気一式,キャブ,キャブレタ / 直前差小で朝寄り / 朝評価をやや優先 / 隊形:1逃げ本線 / 2差し注意",2026-04-24 23:48:26 JST,"[""6.68"", ""6.75"", ""6.73"", ""6.73"", ""6.66"", ""6.70""]",1:2 / 2:6 / 3:4 / 4:4 / 5:1 / 6:3,曇,3.0,2.0,,東,0.04,1:0.32 / 2:-0.07 / 3:-0.16 / 4:-0.06 / 5:0.05 / 6:-0.04,1:A1 / A1 / A1 / A1 / 2:B1 / B1 / B1 / B2 / 3:B1 / B1 / B1 / A2 / 4:B1 / B1 / B1 / B1 / 5:A2 / A1 / A1 / B2 / 6:A2 / A2 / A1 / A2,1:丸野一樹 / 2:一色凌雅 / 3:木場悠介 / 4:品川賢次 / 5:山田晃大 / 6:向後龍一,1:-勝率|+当地|-モータ|-コース|+級別 / 2:-勝率|+当地|-モータ|-コース|-級別 / 3:-勝率|+当地|-モータ|-コース|-近況 / 4:-勝率|+当地|-モータ|-コース|-近況 / 5:+当地|-モータ|-コース|+級別 / 6:+勝率|-モータ|-コース|+近況|+級別,1:-勝率|+当地|-モータ|-コース|+級別 / 2:-勝率|+当地|-モータ|-コース|-級別 / 3:-勝率|+当地|-モータ|-コース|-近況 / 4:-勝率|+当地|-モータ|-コース|-近況 / 5:+当地|-モータ|-コース|+級別 / 6:+勝率|-モータ|-コース|+近況|+級別,,,,,,,,,,2026-04-24 23:48:26 JST,,,100,,,,3連単,4,,4.82,base素材○,base素材○ / 当地巧者 / 級別傾向強い / 1号艇有利,2026-04-24 23:28:20 JST,,0
2026-04-24,20:04,若松,11R,11,official_all,★★★★☆,2-1-5 / 2-5-1 / 2-1-3 / 2-5-3 / 2-3-1 / 2-3-5,6.0,AI★★★★★,1-2-5 / 1-2-3 / 1-2-6 / 1-2-4 / 1-5-2 / 1-5-3,base土台◎ / 当地巧者 / 級別傾向強い / 1号艇有利 / 差しやや警戒,5.97,AI★★★★★,1-2-5 / 2-3-5 / 3-2-5 / 5-2-3 / 1-2-6 / 1-2-3,見送り寄り,"朝:base土台◎ / 当地巧者 / 級別傾向強い / 1号艇有利 / 差しやや警戒 / base土台を強めに保持 / 直前:展示差ややあり / 展示タイム差を確認 / 気象荒れ気味 / 波高5cm / 展示F:1注意 / 安定板使用 / 部品交換:2,4,5,6 / 足:6号艇足色良さげ / 整備:安定板使用 / チルト:1:0,2:0,3:0.5,4:-0.5,5:0,6:-0.5 / 部品交換:2:ピストン,リング,ピストンリング,シリンダ,キャリア,キャリアボデー,ギヤケース,電気,電気一式,キャブ,キャブレタ,シャフト,クランク,4:ピストン,リング,ピストンリング,5:ピストン,6:ピストン,リング,ピストンリング,シリンダ,電気,電気一式,キャブ,キャブレタ / 直前差小で朝寄り / 朝評価をやや優先 / 隊形:2差し注意",2026-04-24 23:48:26 JST,"[""6.95"", ""6.91"", ""6.94"", ""6.99"", ""6.94"", ""7.02""]",1:4 / 2:1 / 3:2 / 4:5 / 5:2 / 6:6,晴,5.0,5.0,,,-0.2,1:-0.13 / 2:0.10 / 3:0.00 / 4:-0.02 / 5:-0.01 / 6:-0.10,1:A1 / A1 / A1 / A1 / 2:A1 / A1 / A2 / A1 / 3:A2 / B1 / A2 / B1 / 4:B1 / B1 / A2 / B1 / 5:A2 / A2 / A1 / A1 / 6:B1 / B1 / A2 / B1,1:渡邉優美 / 2:小野生奈 / 3:津田裕絵 / 4:松瀬弘美 / 5:喜井つか / 6:小野 桜,1:-勝率|+当地|-モータ|-コース|+級別 / 2:-勝率|+当地|-モータ|-コース|+級別 / 3:-勝率|+当地|-モータ|-コース|-近況|+級別 / 4:-勝率|+当地|-モータ|-コース|-近況 / 5:-モータ|-コース|+近況|+級別 / 6:-モータ|-コース,1:-勝率|+当地|-モータ|-コース|+級別 / 2:-勝率|+当地|-モータ|-コース|+級別 / 3:-勝率|+当地|-モータ|-コース|-近況|+級別 / 4:-勝率|+当地|-モータ|-コース|-近況 / 5:-モータ|-コース|+近況|+級別 / 6:-モータ|-コース,,,,,,,,,,2026-04-24 23:48:26 JST,,,100,,,,3連単,3,,5.2,base素材○,base素材○ / 当地巧者 / 級別傾向強い / 1号艇有利,2026-04-24 23:28:20 JST,,0
2026-04-24,20:10,蒲郡,11R,11,official_all,★★★☆☆,1-2-5 / 1-5-2 / 1-2-3 / 1-5-3 / 1-3-2 / 1-3-5,2.56,AI★★★★☆,5-1-3 / 5-1-2 / 5-1-4 / 5-1-6 / 5-3-1 / 5-3-2,base保留 / 当地巧者 / 級別傾向強い / インやや強め,2.68,AI★★★☆☆,1-2-5 / 2-1-5 / 1-2-4 / 4-2-1 / 5-1-2 / 5-1-3,買い,"公式低評価AI検証 / 朝:base保留 / 当地巧者 / 級別傾向強い / インやや強め / base保留で買い上げ慎重 / 直前:展示差ややあり / 展示タイム差を確認 / 気象安定 / 足:足差ややあり / 足:ST気配あり / 部品交換:2,3,6 / 足:2号艇足色良さげ / 整備:チルト:1:-0.5,2:-0.5,3:-0.5,4:-0.5,5:-0.5,6:-0.5 / 部品交換:2:ピストン,3:ピストン,リング,ピストンリング,シリンダ,キャリア,キャリアボデー,ギヤケース,電気,電気一式,キャブ,キャブレタ,シャフト,クランク,6:ピストン,リング,ピストンリング,シリンダ,電気,電気一式,キャブ,キャブレタ / 直前差小で朝寄り / 朝評価をやや優先 / 隊形:1逃げ本線 / 2差し注意",2026-04-24 23:48:26 JST,"[""6.76"", ""6.79"", ""6.82"", ""6.79"", ""6.82"", ""6.88""]",1:1 / 2:2 / 3:4 / 4:2 / 5:4 / 6:6,雨,2.0,1.0,,,0.09,1:0.33 / 2:0.29 / 3:-0.17 / 4:-0.02 / 5:-0.09 / 6:-0.34,1:A2 / A2 / A2 / B1 / 2:B1 / A2 / A2 / A2 / 3:A2 / B1 / B1 / A2 / 4:B1 / B1 / B1 / B1 / 5:A2 / A2 / A2 / A2 / 6:B2 / B2,1:戸敷晃美 / 2:金田幸子 / 3:平川香織 / 4:長尾萌加 / 5:清埜翔子,1:-勝率|+当地|-モータ|-コース|+級別 / 2:-勝率|+当地|-モータ|-コース|+級別 / 3:-勝率|+当地|-モータ|-コース|-近況|+級別 / 4:-勝率|-モータ|-ST|-コース|-近況 / 5:+当地|-モータ|-コース|+級別 / 6:-当地|-モータ|-ST|-コース|-級別,1:-勝率|+当地|-モータ|-コース|+級別 / 2:-勝率|+当地|-モータ|-コース|+級別 / 3:-勝率|+当地|-モータ|-コース|-近況|+級別 / 4:-勝率|-モータ|-ST|-コース|-近況 / 5:+当地|-モータ|-コース|+級別 / 6:-当地|-モータ|-ST|-コース|-級別,,,,,,,,,,2026-04-24 23:48:26 JST,,,100,,,,3連単,4,,1.04,base素材危険,base素材危険 / 当地巧者 / 級別傾向強い,2026-04-24 23:28:20 JST,,0
2026-04-24,20:16,住之江,11R,11,official_all,★☆☆☆☆,4-1-2 / 4-2-1 / 4-1-3 / 4-2-3 / 4-3-1 / 4-3-2,3.04,AI★★★★★,1-4-6 / 1-4-3 / 1-4-2 / 1-4-5 / 1-6-4 / 1-6-3,base土台◎ / 当地巧者 / 級別傾向強い / 1号艇有利 / 攻めやや注意,3.15,AI★★★★☆,1-6-4 / 6-2-5 / 1-6-3 / 2-6-5 / 4-6-5 / 1-4-6,様子見,"公式低評価AI検証 / 朝:base土台◎ / 当地巧者 / 級別傾向強い / 1号艇有利 / 攻めやや注意 / base土台を強めに保持 / 直前:進入:1-2-3-4-6 / 前づけで波乱含み / 気象安定 / 展示F:1,2,4注意 / 足:ST気配あり / 足:進入変化 / 部品交換:1 / 6前づけ / 足:6号艇足色良さげ / 整備:チルト:1:-0.5,2:-0.5,3:-0.5,4:-0.5,6:-0.5 / 部品交換:1:ピストン / 直前差小で朝寄り / 朝評価をやや優先 / 隊形:6一撃注意 / 1逃げ本線 / 進入:1-2-3-4-6 / 開催:2日目でやや本命寄り",2026-04-24 23:48:26 JST,"[""6.93"", ""6.90"", ""6.92"", ""6.92"", ""6.92"", ""6.92""]",1:6 / 2:1 / 3:2 / 4:2 / 5:2 / 6:2,曇,3.0,1.0,,,0.05,1:0.04 / 2:0.06 / 3:-0.03 / 4:-0.00 / 5:0.01 / 6:0.38,1:A1 / A2 / A2 / A2 / 2:B1 / B1 / B1 / B1 / 3:B1 / A2 / B1 / B2 / 4:A2 / A2 / A2 / B1 / 5:B2 / B2 / B2 / B2 / 6:B1 / B1 / B1 / B1,1:深川麻奈 / 2:福岡泉水 / 3:小池礼乃 / 4:山口真喜 / 5:大橋由珠 / 6:来田衣織,1:-勝率|+当地|-モータ|+級別 / 2:-勝率|+当地|-モータ / 3:-勝率|+当地|-モータ|-近況 / 4:-勝率|+当地|-モータ|-コース|-近況|+級別 / 5:-モータ|-ST|-近況|-級別 / 6:-モータ|-コース|-近況,1:-勝率|+当地|-モータ|+級別 / 2:-勝率|+当地|-モータ / 3:-勝率|+当地|-モータ|-近況 / 4:-勝率|+当地|-モータ|-コース|-近況|+級別 / 5:-モータ|-ST|-近況|-級別 / 6:-モータ|-コース|-近況,,,,,,,,,,2026-04-24 23:48:26 JST,,,100,,,,3連単,2,,1.56,base素材保留,base素材保留 / 当地巧者 / 級別傾向強い / 1号艇有利,2026-04-24 23:28:20 JST,,0
2026-04-24,20:30,桐生,12R,12,official_all,★★★★★,2-3-4 / 2-4-3 / 2-3-1 / 2-4-1 / 2-1-3 / 2-1-4,7.98,AI★★★★★,2-6-5 / 2-6-4 / 2-6-3 / 2-6-1 / 2-5-6 / 2-5-4,base土台◎ / 当地巧者 / 級別傾向強い / インやや強め,8.18,AI★★★★★,1-2-3 / 2-1-3 / 1-2-4 / 3-1-2 / 2-6-1 / 2-6-5,買い強め,"朝:base土台◎ / 当地巧者 / 級別傾向強い / インやや強め / base土台を強めに保持 / 直前:展示差あり / 展示タイム差を確認 / 気象安定 / 風向東 / 足:足差あり / 展示F:2,3注意 / 足:ST気配あり / 部品交換:2,4,6 / 足:1号艇足色良さげ / 整備:チルト:1:-0.5,2:0,3:-0.5,4:-0.5,5:-0.5,6:0 / 部品交換:2:ピストン,リング,ピストンリング,4:ピストン,リング,ピストンリング,シリンダ,キャリア,キャリアボデー,ギヤケース,電気,電気一式,キャブ,キャブレタ,シャフト,クランク,プロペラ,ペラ,6:ピストン,リング,ピストンリング,シリンダ,電気,電気一式,キャブ,キャブレタ / 直前差中で少し動かす / 隊形:1逃げ本線",2026-04-24 23:48:26 JST,"[""6.60"", ""6.63"", ""6.66"", ""6.69"", ""6.82"", ""6.72""]",1:1 / 2:2 / 3:3 / 4:4 / 5:6 / 6:5,曇,2.0,1.0,,東,0.09,1:0.65 / 2:0.06 / 3:-0.07 / 4:-0.20 / 5:-0.38 / 6:-0.19,1:B1 / B1 / B1 / B1 / 2:A1 / A1 / A1 / A1 / 3:B1 / B1 / B1 / B1 / 4:B1 / B1 / A2 / B1 / 5:B1 / B1 / B1 / B1 / 6:B1 / B1 / B1 / B1,1:井上尚悟 / 2:畑田汰一 / 3:山地正樹 / 4:山崎昂介 / 5:上村慎太 / 6:佐竹太一,1:-勝率|+当地|-モータ|-コース / 2:-勝率|+当地|-モータ|-コース|+級別 / 3:-勝率|+当地|-モータ|-コース|-近況 / 4:-勝率|-モータ|-ST|-コース|-近況 / 5:-モータ|-コース|-近況 / 6:-当地|-モータ|-コース,1:-勝率|+当地|-モータ|-コース / 2:-勝率|+当地|-モータ|-コース|+級別 / 3:-勝率|+当地|-モータ|-コース|-近況 / 4:-勝率|-モータ|-ST|-コース|-近況 / 5:-モータ|-コース|-近況 / 6:-当地|-モータ|-コース,,,,,,,,,,2026-04-24 23:48:26 JST,,,100,,,,3連単,4,,2.99,base素材○,base素材○ / 当地巧者 / 級別傾向強い,2026-04-24 23:28:20 JST,,0
2026-04-24,20:35,若松,12R,12,official_all,★★☆☆☆,1-5-3 / 1-3-5 / 1-5-4 / 1-3-4 / 1-4-5 / 1-4-3,6.88,AI★★★★★,1-5-3 / 1-5-6 / 1-5-4 / 1-5-2 / 1-3-5 / 1-3-6,base土台◎ / 当地巧者 / 級別傾向強い / 1号艇有利 / 差しやや警戒,6.94,AI★★★★★,1-5-3 / 2-1-3 / 1-3-5 / 3-2-1 / 6-1-3 / 1-5-6,買い,"公式低評価AI検証 / 朝:base土台◎ / 当地巧者 / 級別傾向強い / 1号艇有利 / 差しやや警戒 / base土台を強めに保持 / 直前:展示差ややあり / 展示タイム差を確認 / 風向西 / 足:ST気配あり / 安定板使用 / 部品交換:1,3,5,6 / 足:6号艇足色良さげ / 整備:安定板使用 / チルト:1:0,2:0,3:0,4:0,5:0,6:0 / 部品交換:1:ピストン,リング,ピストンリング,3:ピストン,リング,ピストンリング,シリンダ,キャリア,キャリアボデー,ギヤケース,電気,電気一式,キャブ,キャブレタ,シャフト,クランク,プロペラ,ペラ,5:ピストン,6:ピストン,リング,ピストンリング,シリンダ,電気,電気一式,キャブ,キャブレタ / 直前差中で少し動かす / 隊形:1逃げ本線",2026-04-24 23:48:26 JST,"[""6.88"", ""6.90"", ""6.92"", ""6.92"", ""6.90"", ""6.98""]",1:1 / 2:2 / 3:4 / 4:4 / 5:2 / 6:6,晴,3.0,3.0,,西,0.0,1:0.16 / 2:0.04 / 3:0.03 / 4:-0.11 / 5:-0.01 / 6:-0.03,1:A1 / A1 / A1 / A1 / 2:B1 / B1 / B1 / B1 / 3:A2 / A2 / B1 / A2 / 4:A2 / B1 / B1 / B1 / 5:A1 / A2 / B1 / A2 / 6:B1 / B1 / B1 / B1,1:西橋奈未 / 2:間庭菜摘 / 3:西村 歩 / 4:湯淺紀香 / 5:米丸乃絵 / 6:西澤日花,1:-勝率|+当地|-モータ|+級別 / 2:-勝率|-モータ|-ST / 3:-勝率|+当地|-モータ|-近況|+級別 / 4:-勝率|-当地|-モータ|-ST|-近況|+級別 / 5:-モータ|-コース|+級別 / 6:-当地|-モータ|-コース,1:-勝率|+当地|-モータ|+級別 / 2:-勝率|-モータ|-ST / 3:-勝率|+当地|-モータ|-近況|+級別 / 4:-勝率|-当地|-モータ|-ST|-近況|+級別 / 5:-モータ|-コース|+級別 / 6:-当地|-モータ|-コース,,,,,,,,,,2026-04-24 23:48:26 JST,,,100,,,,3連単,3,,4.6,base素材○,base素材○ / 当地巧者 / 級別傾向強い / 1号艇有利,2026-04-24 23:28:20 JST,,0
2026-04-24,20:40,蒲郡,12R,12,official_all,★☆☆☆☆,1-2-3 / 1-3-2 / 1-2-6 / 1-3-6 / 1-6-2 / 1-6-3,5.51,AI★★★★★,6-4-5 / 6-4-1 / 6-4-3 / 6-4-2 / 6-5-4 / 6-5-1,base土台○ / 地力上位 / 当地相性良好 / ST良好 / 級別傾向強い,5.67,AI★★★★★,1-2-5 / 2-1-5 / 1-5-2 / 5-2-1 / 6-5-1 / 6-4-5,買い強め,"公式低評価AI検証 / 朝:base土台○ / 地力上位 / 当地相性良好 / ST良好 / 級別傾向強い / base土台をやや保持 / 直前:展示差あり / 展示タイム差を確認 / 進入:1-2-5-3-4-6 / 前づけで波乱含み / 気象安定 / 足:足差ややあり / 展示F:6注意 / 足:進入変化 / 部品交換:6 / 整備:チルト:1:-0.5,2:-0.5,3:-0.5,4:-0.5,5:-0.5,6:0 / 部品交換:6:リング / 進入変化ありで少し動かす / 隊形:1逃げ本線 / 2差し注意 / 進入:1-2-5-3-4-6",2026-04-24 23:48:26 JST,"[""6.73"", ""6.74"", ""6.82"", ""6.89"", ""6.86"", ""6.83""]",1:1 / 2:2 / 3:3 / 4:6 / 5:5 / 6:4,雨,2.0,1.0,,,0.09,1:0.48 / 2:0.11 / 3:-0.13 / 4:-0.41 / 5:0.03 / 6:-0.13,1:A1 / A1 / A1 / A1 / 2:A1 / A1 / A1 / A1 / 3:A1 / A1 / A1 / A1 / 4:A1 / A1 / A1 / A1 / 5:A1 / A1 / A1 / A1 / 6:A1 / A1 / A1 / A1,1:久田敏之 / 2:吉田拡郎 / 3:前田将太 / 4:稲田浩二 / 5:秋元 哲 / 6:金子拓矢,1:-勝率|+当地|-モータ|-コース|+級別 / 2:-勝率|-モータ|-コース|+級別 / 3:-勝率|+当地|-モータ|-コース|-近況|+級別 / 4:+勝率|+当地|-モータ|-コース|+級別 / 5:+勝率|-モータ|-コース|-近況|+級別 / 6:+勝率|-モータ|+ST|-コース|+級別,1:-勝率|+当地|-モータ|-コース|+級別 / 2:-勝率|-モータ|-コース|+級別 / 3:-勝率|+当地|-モータ|-コース|-近況|+級別 / 4:+勝率|+当地|-モータ|-コース|+級別 / 5:+勝率|-モータ|-コース|-近況|+級別 / 6:+勝率|-モータ|+ST|-コース|+級別,,,,,,,,,,2026-04-24 23:48:26 JST,,,100,,,,3連単,4,,7.75,base素材○,base素材○ / 地力上位 / 当地相性良好 / ST良好 / 級別傾向強い,2026-04-24 23:28:20 JST,,0
2026-04-24,20:45,住之江,12R,12,official_all,★★★☆☆,5-3-2 / 5-2-3 / 5-3-4 / 5-2-4 / 5-4-3 / 5-4-2,3.11,AI★★★★★,1-6-2 / 1-6-5 / 1-6-4 / 1-6-3 / 1-2-6 / 1-2-5,base土台◎ / 当地巧者 / 級別傾向強い / 1号艇有利,3.17,AI★★★★☆,1-6-2 / 1-6-5 / 1-6-4 / 4-1-6 / 3-1-4 / 1-2-6,様子見,"公式低評価AI検証 / 朝:base土台◎ / 当地巧者 / 級別傾向強い / 1号艇有利 / base土台を強めに保持 / 直前:気象安定 / 風向西 / 展示F:4,5注意 / 部品交換:3,4,6 / 足:1号艇足色良さげ / 整備:チルト:1:-0.5,2:0,3:-0.5,4:-0.5,5:0,6:-0.5 / 部品交換:3:ピストン,リング,ピストンリング,4:ピストン,リング,ピストンリング,シリンダ,キャリア,キャリアボデー,ギヤケース,電気,電気一式,キャブ,キャブレタ,シャフト,クランク,6:ピストン,リング,ピストンリング,シリンダ,電気,電気一式,キャブ,キャブレタ / 直前差小で朝寄り / 朝評価をやや優先 / 隊形:1逃げ本線 / 2差し注意 / 開催:2日目でやや本命寄り",2026-04-24 23:48:26 JST,"[""6.92"", ""6.96"", ""6.96"", ""6.92"", ""6.95"", ""6.93""]",1:1 / 2:5 / 3:5 / 4:1 / 5:4 / 6:3,曇,3.0,1.0,,西,0.05,1:0.31 / 2:0.00 / 3:-0.02 / 4:0.02 / 5:-0.03 / 6:-0.01,1:A1 / A2 / A1 / A1 / 2:A2 / A1 / B1 / B1 / 3:A2 / A2 / A2 / B1 / 4:A2 / B1 / A2 / A2 / 5:A2 / A2 / A2 / A1 / 6:A1 / A2 / A2 / A1,1:河村 了 / 2:庄司樹良 / 3:西舘 健 / 4:三好勇人 / 5:村松修二 / 6:高橋正男,1:-勝率|+当地|-モータ|-コース|+級別 / 2:-勝率|+当地|-モータ|-コース|+級別 / 3:-勝率|+当地|-モータ|-ST|-コース|-近況 / 4:-勝率|-モータ|-コース|-近況|+級別 / 5:-当地|-モータ|-コース|-近況|+級別 / 6:-当地|-モータ|-コース|-近況|+級別,1:-勝率|+当地|-モータ|-コース|+級別 / 2:-勝率|+当地|-モータ|-コース|+級別 / 3:-勝率|+当地|-モータ|-ST|-コース|-近況 / 4:-勝率|-モータ|-コース|-近況|+級別 / 5:-当地|-モータ|-コース|-近況|+級別 / 6:-当地|-モータ|-コース|-近況|+級別,,,,,,,,,,2026-04-24 23:48:26 JST,,,100,,,,3連単,2,,3.2,base素材○,base素材○ / 当地巧者 / 級別傾向強い / 1号艇有利,2026-04-24 23:28:20 JST,,0
