race_date,time,venue,race_no,race_no_num,candidate_source,rating,selection,base_ai_score,base_ai_rating,base_ai_selection,base_reason_text,final_ai_score,final_ai_rating,final_ai_selection,final_rank,latest_reason_text,latest_updated_at,exhibition,exhibition_rank,weather,wind_speed,wave_height,wind_type,wind_dir,water_state_score,ai_lane_score_text,class_history_text,player_names_text,player_stat_text,player_reason_text,result_trifecta_text,result_trifecta_payout,result_exacta_text,result_exacta_payout,result_trio_text,result_trio_payout,settled_flag,settled_at,result_source_url,imported_at,purchased,purchased_selection_text,amount,hit,payout,memo,bet_type,series_day,race_phase,base_raw_score,base_raw_label,base_raw_reason_text,base_updated_at,day_trend_text,day_trend_sample
2026-04-25,08:32,唐津,1R,1,official_all,★★☆☆☆,1-4-6 / 1-6-4 / 1-4-3 / 1-6-3 / 1-3-4 / 1-3-6,0.34,AI★★☆☆☆,1-6-4 / 1-6-5 / 1-6-3 / 1-6-2 / 1-4-6 / 1-4-5,base土台○ / 当地巧者 / 級別傾向強い / 1号艇有利 / 攻めやや注意,0.41,AI★☆☆☆☆,1-6-5 / 1-6-3 / 1-6-2 / 3-1-5 / 2-1-5 / 3-1-2,見送り寄り,"公式低評価AI検証 / 朝:base土台○ / 当地巧者 / 級別傾向強い / 1号艇有利 / 攻めやや注意 / base土台をやや保持 / 直前:展示差あり / 展示タイム差を確認 / 足:足差ややあり / 足:ST気配あり / 部品交換:5,6 / 整備:チルト:1:-0.5,2:-0.5,3:-0.5,4:0,5:-0.5,6:-0.5 / 部品交換:5:ピストン,リング,ピストンリング,6:ピストン,リング,ピストンリング,シリンダ,ギヤケース,電気,電気一式,キャブ,キャブレタ,シャフト,クランク / 直前差中で少し動かす / 隊形:1逃げ本線",2026-04-25 16:16:30 JST,"[""6.64"", ""6.68"", ""6.70"", ""6.78"", ""6.72"", ""6.70""]",1:1 / 2:2 / 3:3 / 4:6 / 5:5 / 6:3,晴,4.0,4.0,,,0.0,1:0.27 / 2:-0.06 / 3:-0.05 / 4:-0.31 / 5:0.03 / 6:-0.09,1:A2 / A1 / A2 / A2 / 2:B1 / B1 / B1 / B1 / 3:B1 / B1 / B1 / B1 / 4:B1 / B1 / A2 / A2 / 5:B1 / B2 / B1 / B1 / 6:B1 / B1 / B1 / B1,1:丹下 将 / 2:佐竹友樹 / 3:酒井陽祐 / 4:牧山敦也 / 5:高木圭大 / 6:大澤大夢,1:-勝率|+当地|-モータ|-ST|+級別 / 2:-勝率|+当地|-モータ|-ST / 3:-勝率|+当地|-モータ|-ST|-近況 / 4:-勝率|+当地|-モータ|-ST|-近況 / 5:+当地|-モータ|-級別 / 6:-モータ,1:-勝率|+当地|-モータ|-ST|+級別 / 2:-勝率|+当地|-モータ|-ST / 3:-勝率|+当地|-モータ|-ST|-近況 / 4:-勝率|+当地|-モータ|-ST|-近況 / 5:+当地|-モータ|-級別 / 6:-モータ,1-2-3,960,,,,,,,https://boatrace.jp/owpc/pc/race/resultlist?hd=20260425&jcd=23,2026-04-25 16:16:31 JST,,,100,,,,3連単,3,,-0.72,base素材危険,base素材危険 / 当地巧者 / 級別傾向強い / 1号艇有利,2026-04-25 03:59:01 JST,,0
2026-04-25,08:40,鳴門,1R,1,official_all,★★☆☆☆,3-4-2 / 3-2-4 / 3-4-5 / 3-2-5 / 3-5-4 / 3-5-2,0.44,AI★★☆☆☆,3-6-5 / 3-6-4 / 3-6-2 / 3-6-1 / 3-5-6 / 3-5-4,base保留 / 当地巧者 / 級別傾向強い / 中枠攻め候補 / インやや強め,0.53,AI★☆☆☆☆,1-2-3 / 3-2-1 / 2-3-1 / 3-6-4 / 3-6-2 / 3-6-5,見送り寄り,"公式低評価AI検証 / 朝:base保留 / 当地巧者 / 級別傾向強い / 中枠攻め候補 / インやや強め / base保留で買い上げ慎重 / 直前:展示差あり / 展示タイム差を確認 / 気象安定 / 足:足差ややあり / 展示F:1,3注意 / チルト高:3:1 / 部品交換:5,6 / 足:5号艇足色良さげ / 整備:チルト:1:0,2:-0.5,3:1,4:0,5:-0.5,6:-0.5 / 部品交換:5:ピストン,リング,ピストンリング,6:ピストン,リング,ピストンリング,シリンダ,ギヤケース,電気,電気一式,キャブ,キャブレタ,シャフト,クランク / 直前差小で朝寄り / 隊形:3攻め注意 / 2差し注意 / 開催:2日目でやや本命寄り",2026-04-25 16:16:30 JST,"[""6.79"", ""6.73"", ""6.73"", ""6.77"", ""6.90"", ""6.87""]",1:4 / 2:1 / 3:1 / 4:3 / 5:6 / 6:5,晴,2.0,2.0,,,0.08,1:0.03 / 2:0.19 / 3:0.13 / 4:-0.02 / 5:-0.29 / 6:-0.23,1:B1 / B2 / B2 / B2 / 2:B1 / B1 / B1 / B1 / 3:A2 / A2 / A2 / A2 / 4:B1 / B1 / A2 / A2 / 5:B1 / B1 / B1 / B1 / 6:B1 / B1 / B1 / B1,1:草川壮良 / 2:近藤稔也 / 3:酒見峻介 / 4:一柳和孝 / 5:中里昌志 / 6:森下 勇,1:-勝率|+当地|-モータ|-ST|-級別 / 2:-勝率|+当地|-モータ|-ST / 3:-勝率|+当地|-モータ|-ST|-近況|+級別 / 4:-勝率|+当地|-モータ|-ST|-近況 / 5:+当地|-モータ / 6:-モータ,1:-勝率|+当地|-モータ|-ST|-級別 / 2:-勝率|+当地|-モータ|-ST / 3:-勝率|+当地|-モータ|-ST|-近況|+級別 / 4:-勝率|+当地|-モータ|-ST|-近況 / 5:+当地|-モータ / 6:-モータ,3-2-5,1790,,,,,,,https://boatrace.jp/owpc/pc/race/resultlist?hd=20260425&jcd=14,2026-04-25 16:16:31 JST,,,100,,,,3連単,2,,-0.6,base素材危険,base素材危険 / 当地巧者 / 級別傾向強い / 中枠攻め候補,2026-04-25 03:59:01 JST,,0
2026-04-25,08:48,芦屋,1R,1,official_all,★★★☆☆,1-2-3 / 1-3-2 / 1-2-6 / 1-3-6 / 1-6-2 / 1-6-3,1.21,AI★★★☆☆,6-5-1 / 6-5-3 / 6-5-2 / 6-5-4 / 6-1-5 / 6-1-3,base危険 / 選手力上位 / インやや強め,1.2,AI★★☆☆☆,1-2-3 / 3-2-6 / 2-6-3 / 6-2-3 / 4-2-3 / 6-5-1,様子見,"公式低評価AI検証 / 朝:base危険 / 選手力上位 / インやや強め / base危険で買い上げ抑制 / 直前:進入:1-2-3-4-6-5 / 前づけで波乱含み / 気象荒れ気味 / 波高6cm / 足:ST気配あり / 足:進入変化 / 部品交換:5,6 / 6前づけ / 足:3号艇足色良さげ / 整備:チルト:1:0,2:-0.5,3:0,4:0,5:0,6:0 / 部品交換:5:ピストン,リング,ピストンリング,6:ピストン,リング,ピストンリング,シリンダ,ギヤケース,電気,電気一式,キャブ,キャブレタ,シャフト,クランク / 進入変化ありで少し動かす / 隊形:3攻め注意 / 2差し注意 / 進入:1-2-3-4-6-5 / 開催:2日目でやや本命寄り",2026-04-25 16:16:30 JST,"[""6.73"", ""6.75"", ""6.76"", ""6.78"", ""6.81"", ""6.77""]",1:1 / 2:2 / 3:3 / 4:5 / 5:6 / 6:4,晴,6.0,6.0,,,-0.2,1:-0.12 / 2:0.06 / 3:0.18 / 4:0.05 / 5:-0.15 / 6:0.12,1:A2 / A2 / A2 / B1 / 2:B1 / B1 / B1 / B1 / 3:B1 / B1 / B1 / B1 / 4:B2 / B2 / B1 / B1 / 5:B1 / B1 / B1 / B1 / 6:B1 / B1 / A2 / A2,1:岡村将也 / 2:川添英正 / 3:上野秀和 / 4:小野京平 / 5:小川晃司 / 6:待鳥雄紀,1:-勝率|+当地|-モータ|-ST|+級別 / 2:-勝率|+当地|-モータ|-ST / 3:-勝率|+当地|-モータ|-ST|-近況 / 4:-勝率|+当地|-モータ|-ST|-近況|-級別 / 5:+当地|-モータ / 6:-モータ,1:-勝率|+当地|-モータ|-ST|+級別 / 2:-勝率|+当地|-モータ|-ST / 3:-勝率|+当地|-モータ|-ST|-近況 / 4:-勝率|+当地|-モータ|-ST|-近況|-級別 / 5:+当地|-モータ / 6:-モータ,1-2-6,1610,,,,,,,https://boatrace.jp/owpc/pc/race/resultlist?hd=20260425&jcd=21,2026-04-25 16:16:31 JST,,,100,,,,3連単,2,,-0.55,base素材危険,base素材危険 / 選手力上位,2026-04-25 03:59:01 JST,,0
2026-04-25,08:58,唐津,2R,2,official_all,★★★★★,2-1-3 / 2-3-1 / 2-1-5 / 2-3-5 / 2-5-1 / 2-5-3,4.84,AI★★★★★,2-1-6 / 2-1-5 / 2-1-4 / 2-1-3 / 2-6-1 / 2-6-5,base土台○ / 当地巧者 / 級別傾向強い / 攻めやや注意,5.03,AI★★★★★,1-4-3 / 4-1-3 / 3-4-1 / 2-1-4 / 5-4-3 / 2-1-3,様子見,"朝:base土台○ / 当地巧者 / 級別傾向強い / 攻めやや注意 / base土台をやや保持 / 直前:展示差あり / 展示タイム差を確認 / 進入:1-2-4-5-6-3 / 前づけで波乱含み / 気象安定 / 足:足差あり / 展示F:2,3,6注意 / 足:ST気配あり / 足:進入変化 / チルト高:3:3 / 整備:チルト:1:-0.5,2:-0.5,3:3,4:0,5:-0.5,6:0 / 部品交換:6:リング / 進入変化ありで少し動かす / 隊形:4攻め注意 / 進入:1-2-4-5-6-3",2026-04-25 16:16:30 JST,"[""6.74"", ""6.71"", ""6.55"", ""6.65"", ""6.72"", ""6.75""]",1:5 / 2:3 / 3:1 / 4:2 / 5:4 / 6:6,晴,2.0,2.0,,,0.08,1:-0.02 / 2:-0.17 / 3:0.13 / 4:0.25 / 5:-0.21 / 6:-0.34,1:A1 / A1 / A1 / A2 / 2:A1 / A1 / A1 / A1 / 3:B1 / B1 / B1 / B1 / 4:B1 / B1 / B1 / B1 / 5:B1 / B1 / B1 / B1 / 6:B1 / B1 / B1 / B1,1:葛原大陽 / 2:渡邉和将 / 3:眞鳥康太 / 4:村上彰一 / 5:早川尚人 / 6:田中宏典,1:-勝率|+当地|-モータ|+級別 / 2:-勝率|+当地|-モータ|+級別 / 3:-勝率|+当地|-モータ|-ST|-近況 / 4:-勝率|+当地|-モータ|-ST|-近況 / 5:+当地|-モータ / 6:-モータ,1:-勝率|+当地|-モータ|+級別 / 2:-勝率|+当地|-モータ|+級別 / 3:-勝率|+当地|-モータ|-ST|-近況 / 4:-勝率|+当地|-モータ|-ST|-近況 / 5:+当地|-モータ / 6:-モータ,1-2-6,880,,,,,,,https://boatrace.jp/owpc/pc/race/resultlist?hd=20260425&jcd=23,2026-04-25 16:16:31 JST,,,100,,,,3連単,3,,4.05,base素材○,base素材○ / 当地巧者 / 級別傾向強い,2026-04-25 03:59:01 JST,,0
2026-04-25,09:06,鳴門,2R,2,official_all,★★★★★,6-5-1 / 6-1-5 / 6-5-4 / 6-1-4 / 6-4-5 / 6-4-1,10.26,AI★★★★★,6-5-4 / 6-5-2 / 6-5-3 / 6-5-1 / 6-4-5 / 6-4-2,base土台○ / 地力上位 / 級別傾向強い / インやや強め,10.36,AI★★★★★,1-3-5 / 1-2-5 / 1-3-2 / 3-1-5 / 6-5-1 / 6-5-4,買い,"朝:base土台○ / 地力上位 / 級別傾向強い / インやや強め / base土台をやや保持 / 直前:気象安定 / 展示F:2注意 / 足:ST気配あり / 部品交換:5,6 / 足:1号艇足色良さげ / 整備:チルト:1:0,2:0,3:-0.5,4:0,5:0,6:0 / 部品交換:5:ピストン,リング,ピストンリング,6:ピストン,リング,ピストンリング,シリンダ,ギヤケース,電気,電気一式,キャブ,キャブレタ,シャフト,クランク / 直前差小で朝寄り / 朝評価をやや優先 / 隊形:1逃げ本線 / 開催:2日目でやや本命寄り",2026-04-25 16:16:30 JST,"[""6.73"", ""6.82"", ""6.83"", ""6.80"", ""6.74"", ""6.81""]",1:1 / 2:5 / 3:6 / 4:3 / 5:2 / 6:4,曇,2.0,2.0,,,0.08,1:0.40 / 2:-0.07 / 3:-0.08 / 4:-0.07 / 5:-0.02 / 6:-0.21,1:B2 / B1 / B1 / B1 / 2:B1 / B1 / B1 / B1 / 3:B2 / B1 / B1 / B1 / 4:B1 / B1 / B1 / B1 / 5:A2 / B1 / B1 / B1 / 6:A1 / A1 / A1 / A1,1:大谷健太 / 2:吉岡 誠 / 3:上瀧絢也 / 4:貫地谷直 / 5:廣瀬 凜 / 6:渡辺浩司,1:-勝率|+当地|-モータ|-ST|-級別 / 2:-勝率|+当地|-モータ|-ST / 3:-勝率|+当地|-モータ|-ST|-近況|-級別 / 4:-勝率|+当地|-モータ|-ST|-近況 / 5:+当地|-モータ|+級別 / 6:+勝率|-モータ|+級別,1:-勝率|+当地|-モータ|-ST|-級別 / 2:-勝率|+当地|-モータ|-ST / 3:-勝率|+当地|-モータ|-ST|-近況|-級別 / 4:-勝率|+当地|-モータ|-ST|-近況 / 5:+当地|-モータ|+級別 / 6:+勝率|-モータ|+級別,3-1-5,11790,,,,,,,https://boatrace.jp/owpc/pc/race/resultlist?hd=20260425&jcd=14,2026-04-25 16:16:31 JST,,,100,,,,3連単,2,,4.95,base素材○,base素材○ / 地力上位 / 級別傾向強い,2026-04-25 03:59:01 JST,,0
2026-04-25,09:14,芦屋,2R,2,official_all,★☆☆☆☆,1-4-6 / 1-6-4 / 1-4-5 / 1-6-5 / 1-5-4 / 1-5-6,7.91,AI★★★★★,4-6-5 / 4-6-1 / 4-6-3 / 4-6-2 / 4-5-6 / 4-5-1,base土台◎ / 地力上位 / 当地巧者 / 級別傾向強い / 中枠攻め候補 / インやや強め,8.02,AI★★★★★,1-6-5 / 6-1-5 / 4-6-5 / 3-6-5 / 4-6-1 / 4-6-3,様子見,"公式低評価AI検証 / 朝:base土台◎ / 地力上位 / 当地巧者 / 級別傾向強い / 中枠攻め候補 / インやや強め / base土台を強めに保持 / 直前:展示差ややあり / 展示タイム差を確認 / 気象安定 / 足:足差ややあり / 足:ST気配あり / 部品交換:5,6 / 足:6号艇足色良さげ / 整備:チルト:1:0,2:-0.5,3:-0.5,4:0,5:0,6:0 / 部品交換:5:ピストン,リング,ピストンリング,6:ピストン,リング,ピストンリング,シリンダ,ギヤケース,電気,電気一式,キャブ,キャブレタ,シャフト,クランク / 直前差小で朝寄り / 朝評価をやや優先 / 隊形:6一撃注意 / 1逃げ本線 / 開催:2日目でやや本命寄り",2026-04-25 16:16:30 JST,"[""6.71"", ""6.82"", ""6.79"", ""6.71"", ""6.71"", ""6.69""]",1:2 / 2:6 / 3:5 / 4:2 / 5:2 / 6:1,晴,1.0,1.0,,,0.1,1:0.06 / 2:-0.22 / 3:-0.09 / 4:0.00 / 5:-0.02 / 6:0.20,1:A2 / B2 / A1 / A1 / 2:B2 / B1 / B1 / B1 / 3:B1 / B1 / B1 / B1 / 4:A1 / A1 / A1 / A1 / 5:B1 / B1 / B1 / B1 / 6:B1 / A2 / A2 / A2,1:枝尾 賢 / 2:桂林 寛 / 3:林 恵祐 / 4:原田才一 / 5:田中宏樹 / 6:三苫晃幸,1:-勝率|+当地|-モータ|-ST|+級別 / 2:-勝率|+当地|-モータ|-ST|-級別 / 3:-勝率|+当地|-モータ|-ST|-近況 / 4:+勝率|+当地|-モータ|-近況|+級別 / 5:+当地|-モータ / 6:-モータ|+級別,1:-勝率|+当地|-モータ|-ST|+級別 / 2:-勝率|+当地|-モータ|-ST|-級別 / 3:-勝率|+当地|-モータ|-ST|-近況 / 4:+勝率|+当地|-モータ|-近況|+級別 / 5:+当地|-モータ / 6:-モータ|+級別,1-3-6,4480,,,,,,,https://boatrace.jp/owpc/pc/race/resultlist?hd=20260425&jcd=21,2026-04-25 16:16:31 JST,,,100,,,,3連単,2,,4.47,base素材○,base素材○ / 地力上位 / 当地巧者 / 級別傾向強い / 中枠攻め候補,2026-04-25 03:59:01 JST,,0
2026-04-25,09:24,唐津,3R,3,official_all,★★★★☆,4-1-2 / 4-2-1 / 4-1-3 / 4-2-3 / 4-3-1 / 4-3-2,8.34,AI★★★★★,4-1-6 / 4-1-5 / 4-1-3 / 4-1-2 / 4-6-1 / 4-6-5,base土台○ / 地力上位 / 当地巧者 / 級別傾向強い / 中枠攻め候補 / 攻めやや注意,8.43,AI★★★★★,1-2-4 / 4-1-6 / 4-1-2 / 2-4-1 / 6-2-4 / 1-4-2,見送り寄り,"朝:base土台○ / 地力上位 / 当地巧者 / 級別傾向強い / 中枠攻め候補 / 攻めやや注意 / base土台をやや保持 / 直前:展示差あり / 展示タイム差を確認 / 気象安定 / 足:足差ややあり / 展示F:1注意 / 部品交換:5,6 / 足:4号艇足色良さげ / 整備:チルト:1:-0.5,2:-0.5,3:0,4:-0.5,5:-0.5,6:-0.5 / 部品交換:5:ピストン,リング,ピストンリング,6:ピストン,リング,ピストンリング,シリンダ,ギヤケース,電気,電気一式,キャブ,キャブレタ,シャフト,クランク / 直前差小で朝寄り / 朝評価をやや優先 / 隊形:4攻め注意 / 1逃げ本線",2026-04-25 16:16:30 JST,"[""6.76"", ""6.75"", ""6.80"", ""6.69"", ""6.84"", ""6.75""]",1:4 / 2:2 / 3:5 / 4:1 / 5:6 / 6:2,晴,2.0,2.0,,,0.08,1:0.02 / 2:0.05 / 3:-0.16 / 4:0.33 / 5:-0.38 / 6:-0.04,1:A2 / A1 / A2 / A2 / 2:B2 / A2 / B1 / A2 / 3:B1 / B1 / B1 / B1 / 4:A1 / A1 / A1 / A1 / 5:B1 / B1 / B1 / B1 / 6:B1 / B1 / B1 / B1,1:榎 幸司 / 2:峰重侑治 / 3:片岡秀樹 / 4:小野達哉 / 5:前田健太 / 6:水原 慎,1:-勝率|+当地|-モータ|-ST|+級別 / 2:-勝率|+当地|-モータ|-ST|-級別 / 3:-勝率|+当地|-モータ|-ST|-近況 / 4:+勝率|+当地|-モータ|-近況|+級別 / 5:+当地|-モータ / 6:-モータ,1:-勝率|+当地|-モータ|-ST|+級別 / 2:-勝率|+当地|-モータ|-ST|-級別 / 3:-勝率|+当地|-モータ|-ST|-近況 / 4:+勝率|+当地|-モータ|-近況|+級別 / 5:+当地|-モータ / 6:-モータ,1-4-2,660,,,,,,,https://boatrace.jp/owpc/pc/race/resultlist?hd=20260425&jcd=23,2026-04-25 16:16:31 JST,,,100,,,,3連単,3,,4.12,base素材○,base素材○ / 地力上位 / 当地巧者 / 級別傾向強い / 中枠攻め候補,2026-04-25 03:59:01 JST,,0
2026-04-25,09:32,鳴門,3R,3,official_all,★☆☆☆☆,5-2-3 / 5-3-2 / 5-2-4 / 5-3-4 / 5-4-2 / 5-4-3,4.08,AI★★★★★,5-6-4 / 5-6-3 / 5-6-2 / 5-6-1 / 5-4-6 / 5-4-3,base土台○ / 当地巧者 / 級別傾向強い / インやや強め,4.17,AI★★★★☆,1-2-5 / 5-2-1 / 1-5-2 / 5-6-4 / 5-6-1 / 5-6-2,買い,"公式低評価AI検証 / 朝:base土台○ / 当地巧者 / 級別傾向強い / インやや強め / base土台をやや保持 / 直前:展示差あり / 展示タイム差を確認 / 気象安定 / 足:足差ややあり / 展示F:2,4,6注意 / 足:ST気配あり / 部品交換:5,6 / 足:5号艇足色良さげ / 整備:チルト:1:0,2:0.5,3:0,4:0,5:0,6:-0.5 / 部品交換:5:ピストン,リング,ピストンリング,6:ピストン,リング,ピストンリング,シリンダ,ギヤケース,電気,電気一式,キャブ,キャブレタ,シャフト,クランク / 直前差小で朝寄り / 朝評価をやや優先 / 隊形:1逃げ本線 / 5一撃注意 / 開催:2日目でやや本命寄り",2026-04-25 16:16:30 JST,"[""6.68"", ""6.65"", ""6.81"", ""6.80"", ""6.69"", ""6.79""]",1:2 / 2:1 / 3:6 / 4:5 / 5:3 / 6:4,晴,2.0,2.0,,,0.08,1:0.07 / 2:0.17 / 3:-0.28 / 4:-0.24 / 5:0.12 / 6:-0.24,1:B1 / B1 / B1 / B1 / 2:B1 / B1 / B1 / B1 / 3:B1 / B1 / B1 / A2 / 4:B1 / B1 / B1 / B1 / 5:A2 / A2 / A1 / A2 / 6:B1 / B1 / B1 / B1,1:大井清貴 / 2:垂水 悠 / 3:寳田亮治 / 4:中村裕将 / 5:黒柳浩孝 / 6:松井貫太,1:-勝率|+当地|-モータ|-ST / 2:-勝率|+当地|-モータ|-ST / 3:-勝率|+当地|-モータ|-ST|-近況 / 4:-勝率|+当地|-モータ|-ST|-近況 / 5:+当地|-モータ|+級別 / 6:-モータ,1:-勝率|+当地|-モータ|-ST / 2:-勝率|+当地|-モータ|-ST / 3:-勝率|+当地|-モータ|-ST|-近況 / 4:-勝率|+当地|-モータ|-ST|-近況 / 5:+当地|-モータ|+級別 / 6:-モータ,2-4-3,6590,,,,,,,https://boatrace.jp/owpc/pc/race/resultlist?hd=20260425&jcd=14,2026-04-25 16:16:31 JST,,,100,,,,3連単,2,,1.17,base素材保留,base素材保留 / 当地巧者 / 級別傾向強い,2026-04-25 03:59:01 JST,,0
2026-04-25,09:40,芦屋,3R,3,official_all,★★★☆☆,3-1-5 / 3-5-1 / 3-1-2 / 3-5-2 / 3-2-1 / 3-2-5,6.62,AI★★★★★,3-5-6 / 3-5-4 / 3-5-1 / 3-5-2 / 3-6-5 / 3-6-4,base土台◎ / 当地巧者 / 級別傾向強い / 中枠攻め候補 / インやや強め,6.68,AI★★★★★,1-4-5 / 4-6-5 / 3-5-6 / 2-4-5 / 3-5-4 / 3-5-1,様子見,"公式低評価AI検証 / 朝:base土台◎ / 当地巧者 / 級別傾向強い / 中枠攻め候補 / インやや強め / base土台を強めに保持 / 直前:気象安定 / 展示F:1,2,3注意 / 部品交換:5,6 / 足:4号艇足色良さげ / 整備:チルト:1:-0.5,2:-0.5,3:0,4:0,5:0,6:0 / 部品交換:5:ピストン,リング,ピストンリング,6:ピストン,リング,ピストンリング,シリンダ,ギヤケース,電気,電気一式,キャブ,キャブレタ,シャフト,クランク / 直前差小で朝寄り / 朝評価をやや優先 / 隊形:1逃げ本線 / 開催:2日目でやや本命寄り",2026-04-25 16:16:30 JST,"[""6.76"", ""6.74"", ""6.73"", ""6.75"", ""6.67"", ""6.69""]",1:6 / 2:4 / 3:3 / 4:5 / 5:1 / 6:2,晴,1.0,1.0,,,0.1,1:0.00 / 2:-0.06 / 3:-0.07 / 4:0.02 / 5:0.04 / 6:-0.02,1:A2 / B2 / A2 / A2 / 2:B1 / B1 / B2 / B1 / 3:A1 / A1 / A1 / A1 / 4:B1 / B1 / B1 / B1 / 5:A2 / A2 / A2 / A2 / 6:B1 / B1 / B1 / B1,1:山一鉄也 / 2:松本真広 / 3:羽野直也 / 4:橋本英一 / 5:三川昂暁 / 6:小林遼太,1:-勝率|+当地|-モータ|-ST|+級別 / 2:-勝率|+当地|-モータ|-ST|-級別 / 3:-勝率|+当地|-モータ|-近況|+級別 / 4:-勝率|+当地|-モータ|-ST|-近況 / 5:+当地|-モータ|+級別 / 6:-モータ,1:-勝率|+当地|-モータ|-ST|+級別 / 2:-勝率|+当地|-モータ|-ST|-級別 / 3:-勝率|+当地|-モータ|-近況|+級別 / 4:-勝率|+当地|-モータ|-ST|-近況 / 5:+当地|-モータ|+級別 / 6:-モータ,1-3-5,440,,,,,,,https://boatrace.jp/owpc/pc/race/resultlist?hd=20260425&jcd=21,2026-04-25 16:16:31 JST,,,100,,,,3連単,2,,4.12,base素材○,base素材○ / 当地巧者 / 級別傾向強い / 中枠攻め候補,2026-04-25 03:59:01 JST,,0
2026-04-25,09:50,唐津,4R,4,official_all,★☆☆☆☆,2-4-1 / 2-1-4 / 2-4-3 / 2-1-3 / 2-3-4 / 2-3-1,1.98,AI★★★★☆,4-6-5 / 4-6-2 / 4-6-3 / 4-6-1 / 4-5-6 / 4-5-2,base保留 / 当地巧者 / 級別傾向強い / 中枠攻め候補 / 攻めやや注意,2.03,AI★★★☆☆,1-3-6 / 3-6-2 / 3-6-1 / 2-3-6 / 4-6-3 / 3-6-5,様子見,"公式低評価AI検証 / 朝:base保留 / 当地巧者 / 級別傾向強い / 中枠攻め候補 / 攻めやや注意 / base保留で買い上げ慎重 / 直前:展示差あり / 展示タイム差を確認 / 足:足差あり / 展示F:1注意 / チルト高:6:1.5 / 部品交換:5,6 / 足:4号艇足色良さげ / 整備:チルト:1:0,2:-0.5,3:0,4:-0.5,5:0,6:1.5 / 部品交換:5:ピストン,リング,ピストンリング,6:ピストン,リング,ピストンリング,シリンダ,ギヤケース,電気,電気一式,キャブ,キャブレタ,シャフト,クランク / 直前差中で少し動かす / 隊形:6一撃注意(相手寄り)",2026-04-25 16:16:30 JST,"[""6.77"", ""6.75"", ""6.68"", ""6.83"", ""6.76"", ""6.62""]",1:5 / 2:3 / 3:2 / 4:6 / 5:4 / 6:1,晴,3.0,3.0,,,0.0,1:-0.14 / 2:-0.10 / 3:0.04 / 4:-0.23 / 5:-0.17 / 6:0.17,1:B1 / B1 / B2 / A2 / 2:A2 / B1 / B1 / A2 / 3:B1 / B1 / B1 / B1 / 4:A2 / A2 / A2 / A2 / 5:B1 / B1 / B1 / B1 / 6:B1 / B1 / B1 / B1,1:大久保信 / 2:木下大將 / 3:富田恕生 / 4:田川大貴 / 5:塩崎優司 / 6:重富伸也,1:-勝率|+当地|-モータ|-ST|-級別 / 2:-勝率|+当地|-モータ|-ST|+級別 / 3:-勝率|+当地|-モータ|-ST|-近況 / 4:-勝率|+当地|-モータ|-近況|+級別 / 5:+当地|-モータ / 6:-モータ,1:-勝率|+当地|-モータ|-ST|-級別 / 2:-勝率|+当地|-モータ|-ST|+級別 / 3:-勝率|+当地|-モータ|-ST|-近況 / 4:-勝率|+当地|-モータ|-近況|+級別 / 5:+当地|-モータ / 6:-モータ,1-6-2,8680,,,,,,,https://boatrace.jp/owpc/pc/race/resultlist?hd=20260425&jcd=23,2026-04-25 16:16:31 JST,,,100,,,,3連単,3,,0.17,base素材危険,base素材危険 / 当地巧者 / 級別傾向強い / 中枠攻め候補,2026-04-25 03:59:01 JST,,0
2026-04-25,09:58,鳴門,4R,4,official_all,★★★★★,1-4-5 / 1-5-4 / 1-4-2 / 1-5-2 / 1-2-4 / 1-2-5,5.73,AI★★★★★,1-4-6 / 1-4-5 / 1-4-2 / 1-4-3 / 1-6-4 / 1-6-5,base土台◎ / 当地巧者 / 級別傾向強い / 1号艇有利 / インやや強め,5.88,AI★★★★★,1-4-2 / 3-2-1 / 1-4-3 / 2-1-3 / 4-1-3 / 1-4-5,買い強め,"朝:base土台◎ / 当地巧者 / 級別傾向強い / 1号艇有利 / インやや強め / base土台を強めに保持 / 直前:展示差あり / 展示タイム差を確認 / 気象安定 / 足:足差あり / 展示F:4注意 / 足:ST気配あり / 部品交換:5,6 / 足:3号艇足色良さげ / 整備:チルト:1:0,2:0,3:-0.5,4:-0.5,5:0,6:-0.5 / 部品交換:5:ピストン,リング,ピストンリング,6:ピストン,リング,ピストンリング,シリンダ,ギヤケース,電気,電気一式,キャブ,キャブレタ,シャフト,クランク / 直前差中で少し動かす / 隊形:1逃げ本線 / 3攻め注意 / 開催:2日目でやや本命寄り",2026-04-25 16:16:30 JST,"[""6.65"", ""6.72"", ""6.76"", ""6.78"", ""6.77"", ""6.84""]",1:1 / 2:2 / 3:3 / 4:5 / 5:4 / 6:6,晴,2.0,2.0,,,0.08,1:0.45 / 2:0.01 / 3:0.04 / 4:-0.15 / 5:-0.29 / 6:-0.44,1:A1 / A1 / A1 / A1 / 2:B1 / A2 / A2 / B1 / 3:B2 / B1 / B1 / B1 / 4:A2 / A2 / A2 / A2 / 5:B1 / B1 / B2 / B1 / 6:B1 / B1 / B1 / B1,1:土屋智則 / 2:富澤祐作 / 3:星野政彦 / 4:岡瀬正人 / 5:安藤裕貴 / 6:池上隆行,1:-勝率|+当地|-モータ|+級別 / 2:-勝率|+当地|-モータ|-ST|+級別 / 3:-勝率|+当地|-モータ|-ST|-近況|-級別 / 4:-勝率|+当地|-モータ|-近況|+級別 / 5:+当地|-モータ|-級別 / 6:-モータ,1:-勝率|+当地|-モータ|+級別 / 2:-勝率|+当地|-モータ|-ST|+級別 / 3:-勝率|+当地|-モータ|-ST|-近況|-級別 / 4:-勝率|+当地|-モータ|-近況|+級別 / 5:+当地|-モータ|-級別 / 6:-モータ,1-2-4,300,,,,,,,https://boatrace.jp/owpc/pc/race/resultlist?hd=20260425&jcd=14,2026-04-25 16:16:31 JST,,,100,,,,3連単,2,,3.12,base素材○,base素材○ / 当地巧者 / 級別傾向強い / 1号艇有利,2026-04-25 03:59:01 JST,,0
2026-04-25,10:06,芦屋,4R,4,official_all,★★★★☆,1-3-4 / 1-4-3 / 1-3-5 / 1-4-5 / 1-5-3 / 1-5-4,5.06,AI★★★★★,1-3-4 / 1-3-6 / 1-3-2 / 1-3-5 / 1-4-3 / 1-4-6,base土台◎ / 当地巧者 / 級別傾向強い / 1号艇有利 / インやや強め,5.17,AI★★★★★,1-3-4 / 1-3-5 / 1-3-6 / 4-1-3 / 3-1-5 / 3-1-4,様子見,"朝:base土台◎ / 当地巧者 / 級別傾向強い / 1号艇有利 / インやや強め / base土台を強めに保持 / 直前:展示差ややあり / 展示タイム差を確認 / 気象安定 / 足:足差ややあり / 足:ST気配あり / 部品交換:5,6 / 足:4号艇足色良さげ / 整備:チルト:1:0,2:-0.5,3:-0.5,4:0,5:-0.5,6:0 / 部品交換:5:ピストン,リング,ピストンリング,6:ピストン,リング,ピストンリング,シリンダ,ギヤケース,電気,電気一式,キャブ,キャブレタ,シャフト,クランク / 直前差小で朝寄り / 朝評価をやや優先 / 隊形:1逃げ本線 / 2差し注意 / 開催:2日目でやや本命寄り",2026-04-25 16:16:30 JST,"[""6.64"", ""6.77"", ""6.69"", ""6.75"", ""6.72"", ""6.71""]",1:1 / 2:6 / 3:2 / 4:5 / 5:4 / 6:3,晴,1.0,1.0,,,0.1,1:0.37 / 2:-0.25 / 3:0.05 / 4:0.02 / 5:-0.08 / 6:-0.22,1:A1 / A1 / A1 / A1 / 2:B1 / B1 / B1 / B1 / 3:A1 / A2 / A1 / A1 / 4:A2 / A2 / B1 / A2 / 5:B2 / B2 / B1 / B1 / 6:B1 / B1 / B2 / B2,1:松田大志 / 2:田中孝明 / 3:長野壮志 / 4:池田剛規 / 5:森口和紀 / 6:出畑孝成,1:-勝率|+当地|-モータ|+級別 / 2:-勝率|+当地|-モータ|-ST / 3:-勝率|+当地|-モータ|-近況|+級別 / 4:-勝率|+当地|-モータ|-近況|+級別 / 5:+当地|-モータ|-級別 / 6:-モータ|-級別,1:-勝率|+当地|-モータ|+級別 / 2:-勝率|+当地|-モータ|-ST / 3:-勝率|+当地|-モータ|-近況|+級別 / 4:-勝率|+当地|-モータ|-近況|+級別 / 5:+当地|-モータ|-級別 / 6:-モータ|-級別,1-3-2,590,,,,,,,https://boatrace.jp/owpc/pc/race/resultlist?hd=20260425&jcd=21,2026-04-25 16:16:31 JST,,,100,,,,3連単,2,,3.89,base素材○,base素材○ / 当地巧者 / 級別傾向強い / 1号艇有利,2026-04-25 03:59:01 JST,,0
2026-04-25,10:18,唐津,5R,5,official_all,★★★★★,2-3-4 / 2-4-3 / 2-3-6 / 2-4-6 / 2-6-3 / 2-6-4,6.22,AI★★★★★,2-5-6 / 2-5-3 / 2-5-4 / 2-5-1 / 2-6-5 / 2-6-3,base土台○ / 当地巧者 / 級別傾向強い / 攻めやや注意,6.26,AI★★★★★,1-2-3 / 3-2-6 / 2-5-3 / 4-2-3 / 2-6-3 / 2-5-6,買い,"朝:base土台○ / 当地巧者 / 級別傾向強い / 攻めやや注意 / base土台をやや保持 / 直前:展示差ややあり / 展示タイム差を確認 / 気象安定 / 風向東 / 展示F:1,5,6注意 / 足:ST気配あり / 部品交換:1,5 / 足:3号艇足色良さげ / 整備:チルト:1:-0.5,2:-0.5,3:0,4:-0.5,5:-0.5,6:0 / 部品交換:1:シリンダ,5:リング / 直前差小で朝寄り / 朝評価をやや優先 / 隊形:3攻め注意 / 2差し注意",2026-04-25 16:16:30 JST,"[""6.78"", ""6.67"", ""6.69"", ""6.72"", ""6.76"", ""6.68""]",1:6 / 2:1 / 3:3 / 4:4 / 5:5 / 6:2,晴,1.0,1.0,,東,0.1,1:-0.07 / 2:0.15 / 3:0.18 / 4:-0.13 / 5:-0.13 / 6:-0.02,1:B1 / B1 / B1 / B1 / 2:A1 / A1 / A1 / A1 / 3:B1 / B1 / A2 / A2 / 4:B1 / B1 / B1 / B1 / 5:A2 / B1 / B1 / B1 / 6:B1 / B1 / B1 / B1,1:藤井 徹 / 2:井上忠政 / 3:山崎義明 / 4:東 潤樹 / 5:竹腰正樹,1:-勝率|+当地|-モータ|-ST / 2:-勝率|+当地|-モータ|+級別 / 3:-勝率|+当地|-モータ|-ST|-近況 / 4:-勝率|+当地|-モータ|-ST|-近況 / 5:+当地|-モータ|+級別 / 6:-モータ,1:-勝率|+当地|-モータ|-ST / 2:-勝率|+当地|-モータ|+級別 / 3:-勝率|+当地|-モータ|-ST|-近況 / 4:-勝率|+当地|-モータ|-ST|-近況 / 5:+当地|-モータ|+級別 / 6:-モータ,2-3-5,1470,,,,,,,https://boatrace.jp/owpc/pc/race/resultlist?hd=20260425&jcd=23,2026-04-25 16:16:31 JST,,,100,,,,3連単,3,,3.09,base素材○,base素材○ / 当地巧者 / 級別傾向強い,2026-04-25 03:59:01 JST,,0
2026-04-25,10:21,常滑,1R,1,official_all,★★★☆☆,3-5-1 / 3-1-5 / 3-5-2 / 3-1-2 / 3-2-5 / 3-2-1,5.59,AI★★★★★,1-5-3 / 1-5-2 / 1-5-4 / 1-5-6 / 1-3-5 / 1-3-2,base土台◎ / 当地巧者 / 級別傾向強い / 1号艇有利 / 差しやや警戒,5.71,AI★★★★★,1-3-2 / 3-1-2 / 1-5-3 / 2-3-1 / 3-1-5 / 1-3-5,買い強め,"公式低評価AI検証 / 朝:base土台◎ / 当地巧者 / 級別傾向強い / 1号艇有利 / 差しやや警戒 / base土台を強めに保持 / 直前:展示差ややあり / 展示タイム差を確認 / 気象安定 / 足:足差ややあり / 展示F:2注意 / 足:ST気配あり / 部品交換:4,6 / 足:3号艇足色良さげ / 整備:チルト:1:0,2:0,3:0,4:-0.5,5:-0.5,6:0 / 部品交換:4:リング,6:リング / 直前差中で少し動かす / 隊形:1逃げ本線 / 3攻め注意 / 開催:2日目でやや本命寄り",2026-04-25 16:16:30 JST,"[""6.64"", ""6.75"", ""6.72"", ""6.76"", ""6.76"", ""6.74""]",1:1 / 2:4 / 3:2 / 4:5 / 5:5 / 6:3,晴,2.0,1.0,,,0.09,1:0.36 / 2:-0.13 / 3:0.15 / 4:-0.26 / 5:-0.25 / 6:-0.19,1:A1 / A1 / A1 / A2 / 2:B1 / B1 / B1 / B1 / 3:B1 / A2 / B1 / B1 / 4:B1 / B2 / B2 / B2 / 5:B1 / B1 / B1 / B1 / 6:B2 / B2 / B2 / B2,1:大瀧明日 / 2:吉川勇作 / 3:杉山勝匡 / 4:川辺郭人 / 5:佐口達也 / 6:中嶋世奈,1:-勝率|+当地|-モータ|+級別 / 2:-勝率|+当地|-モータ|-ST / 3:-勝率|+当地|-モータ|-ST|-近況 / 4:-勝率|+当地|-モータ|-ST|-近況|-級別 / 5:+当地|-モータ / 6:-モータ|-級別,1:-勝率|+当地|-モータ|+級別 / 2:-勝率|+当地|-モータ|-ST / 3:-勝率|+当地|-モータ|-ST|-近況 / 4:-勝率|+当地|-モータ|-ST|-近況|-級別 / 5:+当地|-モータ / 6:-モータ|-級別,1-3-4,1400,,,,,,,https://boatrace.jp/owpc/pc/race/resultlist?hd=20260425&jcd=08,2026-04-25 16:16:31 JST,,,100,,,,3連単,2,,1.6,base素材保留,base素材保留 / 当地巧者 / 級別傾向強い / 1号艇有利,2026-04-25 03:59:01 JST,,0
2026-04-25,10:24,鳴門,5R,5,official_all,★★★★★,5-4-2 / 5-2-4 / 5-4-3 / 5-2-3 / 5-3-4 / 5-3-2,4.63,AI★★★★★,5-4-2 / 5-4-6 / 5-4-3 / 5-4-1 / 5-2-4 / 5-2-6,base土台○ / 当地巧者 / 級別傾向強い / インやや強め,4.73,AI★★★★★,1-3-4 / 1-4-3 / 1-4-5 / 3-1-4 / 5-4-1 / 5-4-2,買い,"朝:base土台○ / 当地巧者 / 級別傾向強い / インやや強め / base土台をやや保持 / 直前:気象安定 / 展示F:5注意 / 足:ST気配あり / 部品交換:1,6 / 足:1号艇足色良さげ / 整備:チルト:1:-0.5,2:0,3:-0.5,4:-0.5,5:0,6:0 / 部品交換:1:ピストン,リング,ピストンリング,シリンダ,キャリア,キャリアボデー,ギヤケース,電気,電気一式,キャブ,キャブレタ,シャフト,クランク,6:ピストン,リング,ピストンリング,シリンダ,電気,電気一式,キャブ,キャブレタ / 直前差小で朝寄り / 朝評価をやや優先 / 隊形:1逃げ本線 / 開催:2日目でやや本命寄り",2026-04-25 16:16:30 JST,"[""6.69"", ""6.79"", ""6.75"", ""6.73"", ""6.74"", ""6.76""]",1:1 / 2:6 / 3:4 / 4:2 / 5:3 / 6:5,晴,2.0,2.0,,,0.08,1:0.39 / 2:-0.10 / 3:0.00 / 4:0.01 / 5:-0.04 / 6:-0.21,1:B2 / B2 / B1 / B2 / 2:A2 / B1 / B1 / B1 / 3:B2 / B1 / B1 / B1 / 4:B1 / B1 / B1 / B1 / 5:A1 / A2 / B1 / B1 / 6:B1 / B2 / B2 / B2,1:滝沢 崚 / 2:金子猛志 / 3:向井田直 / 4:岡谷健吾 / 5:田中駿兵 / 6:草川壮良,1:-勝率|+当地|-モータ|-ST|-級別 / 2:-勝率|+当地|-モータ|-ST|+級別 / 3:-勝率|+当地|-モータ|-ST|-近況|-級別 / 4:-勝率|+当地|-モータ|-ST|-近況 / 5:+当地|-モータ|+級別 / 6:-モータ|-級別,1:-勝率|+当地|-モータ|-ST|-級別 / 2:-勝率|+当地|-モータ|-ST|+級別 / 3:-勝率|+当地|-モータ|-ST|-近況|-級別 / 4:-勝率|+当地|-モータ|-ST|-近況 / 5:+当地|-モータ|+級別 / 6:-モータ|-級別,3-4-5,6770,,,,,,,https://boatrace.jp/owpc/pc/race/resultlist?hd=20260425&jcd=14,2026-04-25 16:16:31 JST,,,100,,,,3連単,2,,0.59,base素材危険,base素材危険 / 当地巧者 / 級別傾向強い,2026-04-25 03:59:01 JST,,0
2026-04-25,10:29,津,1R,1,official_all,★★★★☆,1-2-4 / 1-4-2 / 1-2-3 / 1-4-3 / 1-3-2 / 1-3-4,-0.31,AI★☆☆☆☆,4-1-6 / 4-1-3 / 4-1-2 / 4-1-5 / 4-6-1 / 4-6-3,base危険 / 当地巧者 / 中枠攻め候補,-0.18,AI★☆☆☆☆,1-2-5 / 6-2-5 / 2-6-5 / 4-1-6 / 4-1-5 / 1-2-6,見送り寄り,"朝:base危険 / 当地巧者 / 中枠攻め候補 / base危険で買い上げ抑制 / 直前:展示差あり / 展示タイム差を確認 / 進入:1-2-3-4-6-5 / 前づけで波乱含み / 気象安定 / 足:足差あり / 足:進入変化 / 部品交換:5,6 / 6前づけ / 整備:チルト:1:0,2:-0.5,3:-0.5,4:0,5:0,6:-0.5 / 部品交換:5:ピストン,リング,ピストンリング,6:ピストン,リング,ピストンリング,シリンダ,ギヤケース,電気,電気一式,キャブ,キャブレタ,シャフト,クランク / 進入変化ありで少し動かす / 隊形:1逃げ本線 / 6一撃注意 / 進入:1-2-3-4-6-5 / 開催:2日目でやや本命寄り",2026-04-25 16:16:30 JST,"[""6.75"", ""6.80"", ""6.88"", ""6.78"", ""6.69"", ""6.79""]",1:2 / 2:5 / 3:6 / 4:3 / 5:1 / 6:4,晴,4.0,2.0,,,0.04,1:0.10 / 2:0.03 / 3:-0.36 / 4:-0.06 / 5:-0.01 / 6:0.02,1:A2 / A2 / A2 / A2 / 2:B1 / B1 / B2 / B1 / 3:B1 / B1 / B1 / B1 / 4:B1 / A2 / A2 / B1 / 5:B2 / B2 / 6:B1 / B1 / B1 / B2,1:鶴田勇雄 / 2:野田なづ / 3:谷口健一 / 4:関口智久 / 5:鈴木雄登 / 6:河内悠利,1:-勝率|+当地|-モータ|-ST|+級別 / 2:-勝率|+当地|-モータ|-ST|-級別 / 3:-勝率|+当地|-モータ|-ST|-近況 / 4:-勝率|+当地|-モータ|-ST|-近況|+級別 / 5:+当地|-モータ|-級別 / 6:-モータ|-級別,1:-勝率|+当地|-モータ|-ST|+級別 / 2:-勝率|+当地|-モータ|-ST|-級別 / 3:-勝率|+当地|-モータ|-ST|-近況 / 4:-勝率|+当地|-モータ|-ST|-近況|+級別 / 5:+当地|-モータ|-級別 / 6:-モータ|-級別,1-5-4,1790,,,,,,,https://boatrace.jp/owpc/pc/race/resultlist?hd=20260425&jcd=09,2026-04-25 16:16:31 JST,,,100,,,,3連単,2,,-1.38,base素材危険,base素材危険 / 当地巧者 / 中枠攻め候補,2026-04-25 03:59:01 JST,,0
2026-04-25,10:33,芦屋,5R,5,official_all,★★☆☆☆,1-5-3 / 1-3-5 / 1-5-6 / 1-3-6 / 1-6-5 / 1-6-3,4.75,AI★★★★★,5-6-1 / 5-6-3 / 5-6-2 / 5-6-4 / 5-1-6 / 5-1-3,base土台○ / 地力上位 / 当地巧者 / 級別傾向強い / インやや強め,4.8,AI★★★★★,1-4-6 / 1-4-5 / 1-5-6 / 4-1-6 / 5-1-6 / 5-6-1,買い,"公式低評価AI検証 / 朝:base土台○ / 地力上位 / 当地巧者 / 級別傾向強い / インやや強め / base土台をやや保持 / 直前:展示差ややあり / 展示タイム差を確認 / 気象荒れ気味 / 波高5cm / 足:足差ややあり / 足:ST気配あり / 部品交換:5,6 / 足:1号艇足色良さげ / 整備:チルト:1:0,2:-0.5,3:0,4:-0.5,5:0,6:0 / 部品交換:5:ピストン,リング,ピストンリング,6:ピストン,リング,ピストンリング,シリンダ,ギヤケース,電気,電気一式,キャブ,キャブレタ,シャフト,クランク / 直前差小で朝寄り / 朝評価をやや優先 / 隊形:1逃げ本線 / 開催:2日目でやや本命寄り",2026-04-25 16:16:30 JST,"[""6.60"", ""6.72"", ""6.72"", ""6.64"", ""6.66"", ""6.62""]",1:1 / 2:5 / 3:5 / 4:3 / 5:4 / 6:2,晴,5.0,5.0,,,-0.2,1:0.28 / 2:-0.14 / 3:-0.26 / 4:0.05 / 5:-0.04 / 6:-0.04,1:A1 / A2 / A1 / A1 / 2:B1 / B1 / A2 / A2 / 3:A2 / A2 / A2 / B2 / 4:B1 / B1 / B2 / B2 / 5:A1 / A2 / A2 / A1 / 6:A2 / A2 / A2 / A1,1:高倉和士 / 2:待鳥雄紀 / 3:山田 丈 / 4:井上慧人 / 5:郷原章平 / 6:中 亮太,1:-勝率|+当地|-モータ|+級別 / 2:-勝率|+当地|-モータ|-ST / 3:-勝率|+当地|-モータ|-ST|-近況|+級別 / 4:-勝率|+当地|-モータ|-ST|-近況|-級別 / 5:+勝率|+当地|-モータ|+級別 / 6:-モータ|+級別,1:-勝率|+当地|-モータ|+級別 / 2:-勝率|+当地|-モータ|-ST / 3:-勝率|+当地|-モータ|-ST|-近況|+級別 / 4:-勝率|+当地|-モータ|-ST|-近況|-級別 / 5:+勝率|+当地|-モータ|+級別 / 6:-モータ|+級別,1-6-2,3670,,,,,,,https://boatrace.jp/owpc/pc/race/resultlist?hd=20260425&jcd=21,2026-04-25 16:16:31 JST,,,100,,,,3連単,2,,4.08,base素材○,base素材○ / 地力上位 / 当地巧者 / 級別傾向強い,2026-04-25 03:59:01 JST,,0
2026-04-25,10:37,尼崎,1R,1,official_all,★★★★☆,3-1-2 / 3-2-1 / 3-1-5 / 3-2-5 / 3-5-1 / 3-5-2,1.24,AI★★★☆☆,3-5-4 / 3-5-2 / 3-5-1 / 3-5-6 / 3-4-5 / 3-4-2,base保留 / 当地巧者 / 級別傾向強い / 中枠攻め候補 / 差しやや警戒,1.32,AI★★☆☆☆,1-2-6 / 2-1-6 / 1-2-4 / 4-2-1 / 3-5-2 / 3-5-4,見送り寄り,"朝:base保留 / 当地巧者 / 級別傾向強い / 中枠攻め候補 / 差しやや警戒 / base保留で買い上げ慎重 / 直前:気象安定 / 足:ST気配あり / 部品交換:5,6 / 足:2号艇足色良さげ / 整備:チルト:1:-0.5,2:-0.5,3:0,4:0,5:0,6:-0.5 / 部品交換:5:ピストン,リング,ピストンリング,6:ピストン,リング,ピストンリング,シリンダ,ギヤケース,電気,電気一式,キャブ,キャブレタ,シャフト,クランク / 直前差小で朝寄り / 隊形:2差し注意 / 1逃げ本線 / 開催:2日目でやや本命寄り",2026-04-25 16:16:30 JST,"[""6.92"", ""6.84"", ""6.93"", ""6.88"", ""6.90"", ""6.89""]",1:5 / 2:1 / 3:6 / 4:2 / 5:4 / 6:3,晴,3.0,0.0,,,0.05,1:0.05 / 2:0.30 / 3:-0.21 / 4:-0.01 / 5:-0.10 / 6:-0.03,1:B1 / B1 / B1 / B1 / 2:B1 / B2 / A2 / B1 / 3:A2 / A2 / A2 / A2 / 4:B1 / B1 / B1 / B1 / 5:B1 / B1 / B1 / B1 / 6:B2 / B2 / B2 / B2,1:川島拓郎 / 2:河野主樹 / 3:佐藤大佑 / 4:常盤海心 / 5:畑 和宏 / 6:井澤聖奈,1:-勝率|+当地|-モータ|-ST / 2:-勝率|+当地|-モータ|-ST|-級別 / 3:-勝率|+当地|-モータ|-ST|-近況|+級別 / 4:-勝率|+当地|-モータ|-ST|-近況 / 5:+当地|-モータ / 6:-モータ|-級別,1:-勝率|+当地|-モータ|-ST / 2:-勝率|+当地|-モータ|-ST|-級別 / 3:-勝率|+当地|-モータ|-ST|-近況|+級別 / 4:-勝率|+当地|-モータ|-ST|-近況 / 5:+当地|-モータ / 6:-モータ|-級別,1-5-2,5100,,,,,,,https://boatrace.jp/owpc/pc/race/resultlist?hd=20260425&jcd=13,2026-04-25 16:16:31 JST,,,100,,,,3連単,2,,-0.84,base素材危険,base素材危険 / 当地巧者 / 級別傾向強い / 中枠攻め候補,2026-04-25 03:59:01 JST,,0
2026-04-25,10:40,宮島,1R,1,official_all,★☆☆☆☆,4-1-3 / 4-3-1 / 4-1-2 / 4-3-2 / 4-2-1 / 4-2-3,6.54,AI★★★★★,6-3-4 / 6-3-5 / 6-3-2 / 6-3-1 / 6-4-3 / 6-4-5,base保留 / 地力上位 / 級別傾向強い / 差しやや警戒,6.59,AI★★★★★,1-2-6 / 2-1-6 / 1-2-4 / 4-2-1 / 6-3-2 / 6-3-4,買い,"公式低評価AI検証 / 朝:base保留 / 地力上位 / 級別傾向強い / 差しやや警戒 / base保留で買い上げ慎重 / 直前:展示差あり / 展示タイム差を確認 / 足:足差ややあり / 展示F:1注意 / 足:ST気配あり / 部品交換:6 / ピット:2:+出足 / 4:伸び / 6:伸び / 足:3号艇足色良さげ / 整備:チルト:1:-0.5,2:-0.5,3:-0.5,4:0,5:0,6:-0.5 / 部品交換:6:リング / ピット:2:+出足 / 4:伸び / 6:伸び / 直前差中で少し動かす / 朝評価をやや優先 / 隊形:2差し注意",2026-04-25 16:16:30 JST,"[""6.65"", ""6.59"", ""6.74"", ""6.62"", ""6.69"", ""6.68""]",1:3 / 2:1 / 3:6 / 4:2 / 5:5 / 6:4,晴,4.0,4.0,,,0.0,1:-0.05 / 2:0.25 / 3:-0.15 / 4:-0.06 / 5:-0.15 / 6:-0.09,1:A2 / A1 / A2 / A2 / 2:A1 / A1 / A1 / A1 / 3:A1 / A1 / A1 / A1 / 4:A1 / A1 / A1 / A2 / 5:A1 / A1 / A2 / A1 / 6:A1 / A1 / A1 / A1,1:山口裕二 / 2:湯川浩司 / 3:守田俊介 / 4:今垣光太 / 5:濱野谷憲 / 6:寺田千恵,1:-勝率|+当地|-モータ|-ST|+級別 / 2:-勝率|+当地|-モータ|+級別 / 3:-勝率|+当地|-モータ|-近況|+級別 / 4:-勝率|+当地|-モータ|-近況|+級別 / 5:+勝率|+当地|-モータ|+級別 / 6:+勝率|-モータ|+級別,1:-勝率|+当地|-モータ|-ST|+級別 / 2:-勝率|+当地|-モータ|+級別 / 3:-勝率|+当地|-モータ|-近況|+級別 / 4:-勝率|+当地|-モータ|-近況|+級別 / 5:+勝率|+当地|-モータ|+級別 / 6:+勝率|-モータ|+級別,4-1-2,6140,,,,,,,https://boatrace.jp/owpc/pc/race/resultlist?hd=20260425&jcd=17,2026-04-25 16:16:31 JST,,,100,,,,3連単,5,,7.47,base素材○,base素材○ / 地力上位 / 級別傾向強い,2026-04-25 03:59:01 JST,,0
2026-04-25,10:47,常滑,2R,2,official_all,★★★★★,3-5-2 / 3-2-5 / 3-5-1 / 3-2-1 / 3-1-5 / 3-1-2,2.41,AI★★★★☆,5-3-6 / 5-3-2 / 5-3-1 / 5-3-4 / 5-6-3 / 5-6-2,base保留 / 当地巧者 / 級別傾向強い / 差しやや警戒,2.51,AI★★★☆☆,1-3-6 / 3-1-6 / 1-6-3 / 4-3-6 / 5-3-1 / 5-3-6,買い,"朝:base保留 / 当地巧者 / 級別傾向強い / 差しやや警戒 / base保留で買い上げ慎重 / 直前:展示差ややあり / 展示タイム差を確認 / 気象安定 / 展示F:6注意 / チルト高:6:3 / 部品交換:2 / 足:3号艇足色良さげ / 整備:チルト:1:-0.5,2:0,3:0,4:-0.5,5:0,6:3 / 部品交換:2:ピストン,リング,シリンダ / 直前差小で朝寄り / 朝評価をやや優先 / 隊形:1逃げ本線 / 3攻め注意 / 開催:2日目でやや本命寄り",2026-04-25 16:16:30 JST,"[""6.74"", ""6.80"", ""6.77"", ""6.73"", ""6.80"", ""6.69""]",1:3 / 2:5 / 3:4 / 4:2 / 5:5 / 6:1,晴,2.0,1.0,,,0.09,1:0.08 / 2:-0.13 / 3:0.08 / 4:-0.02 / 5:-0.28 / 6:0.08,1:B1 / B1 / B1 / B1 / 2:B1 / B1 / B1 / B1 / 3:A2 / A2 / A2 / A1 / 4:B2 / B2 / B2 / B2 / 5:A2 / A2 / B1 / A2 / 6:B1 / B1 / B1 / B1,1:岡部 哲 / 2:片岡大地 / 3:村田修次 / 4:宮崎奏磨 / 5:杉田篤光 / 6:山本兼士,1:-勝率|+当地|-モータ|-ST / 2:-勝率|+当地|-モータ|-ST / 3:-勝率|+当地|-モータ|-ST|-近況|+級別 / 4:-勝率|+当地|-モータ|-ST|-近況|-級別 / 5:+当地|-モータ|+級別 / 6:-モータ,1:-勝率|+当地|-モータ|-ST / 2:-勝率|+当地|-モータ|-ST / 3:-勝率|+当地|-モータ|-ST|-近況|+級別 / 4:-勝率|+当地|-モータ|-ST|-近況|-級別 / 5:+当地|-モータ|+級別 / 6:-モータ,3-5-2,6350,,,,,,,https://boatrace.jp/owpc/pc/race/resultlist?hd=20260425&jcd=08,2026-04-25 16:16:31 JST,,,100,,,,3連単,2,,0.89,base素材危険,base素材危険 / 当地巧者 / 級別傾向強い,2026-04-25 03:59:01 JST,,0
2026-04-25,10:49,唐津,6R,6,official_all,★★★☆☆,5-6-3 / 5-3-6 / 5-6-4 / 5-3-4 / 5-4-6 / 5-4-3,9.85,AI★★★★★,6-4-5 / 6-4-3 / 6-4-2 / 6-4-1 / 6-5-4 / 6-5-3,base保留 / 地力上位 / 級別傾向強い / 攻めやや注意,9.93,AI★★★★★,1-2-3 / 2-1-3 / 1-2-6 / 3-2-1 / 6-4-1 / 6-4-5,買い,"公式低評価AI検証 / 朝:base保留 / 地力上位 / 級別傾向強い / 攻めやや注意 / base保留で買い上げ慎重 / 直前:展示差ややあり / 展示タイム差を確認 / 気象安定 / 展示F:6注意 / 足:ST気配あり / 部品交換:5,6 / 足:2号艇足色良さげ / 整備:チルト:1:-0.5,2:-0.5,3:-0.5,4:-0.5,5:-0.5,6:-0.5 / 部品交換:5:ピストン,リング,ピストンリング,6:ピストン,リング,ピストンリング,シリンダ,ギヤケース,電気,電気一式,キャブ,キャブレタ,シャフト,クランク / 直前差小で朝寄り / 朝評価をやや優先 / 隊形:1逃げ本線 / 2差し注意",2026-04-25 16:16:30 JST,"[""6.72"", ""6.73"", ""6.74"", ""6.83"", ""6.82"", ""6.81""]",1:1 / 2:2 / 3:3 / 4:6 / 5:5 / 6:4,晴,2.0,2.0,,,0.08,1:0.26 / 2:0.19 / 3:-0.08 / 4:-0.20 / 5:-0.19 / 6:-0.12,1:B1 / B2 / B1 / B1 / 2:B1 / B1 / B1 / B1 / 3:B1 / B1 / B1 / B1 / 4:A2 / A2 / A2 / A2 / 5:B1 / A2 / A2 / A2 / 6:A1 / A1 / A1 / A1,1:高木圭大 / 2:村岡 賢 / 3:中村栄治 / 4:三浦洋次 / 5:大庭元明 / 6:中辻博訓,1:-勝率|+当地|-モータ|-ST|-級別 / 2:-勝率|+当地|-モータ|-ST / 3:-勝率|+当地|-モータ|-ST|-近況 / 4:-勝率|+当地|-モータ|-近況|+級別 / 5:+当地|-モータ|+級別 / 6:+勝率|-モータ|+級別,1:-勝率|+当地|-モータ|-ST|-級別 / 2:-勝率|+当地|-モータ|-ST / 3:-勝率|+当地|-モータ|-ST|-近況 / 4:-勝率|+当地|-モータ|-近況|+級別 / 5:+当地|-モータ|+級別 / 6:+勝率|-モータ|+級別,3-1-2,8270,,,,,,,https://boatrace.jp/owpc/pc/race/resultlist?hd=20260425&jcd=23,2026-04-25 16:16:31 JST,,,100,,,,3連単,3,,5.59,base素材○,base素材○ / 地力上位 / 級別傾向強い,2026-04-25 03:59:01 JST,,0
2026-04-25,10:51,児島,1R,1,official_all,★★★☆☆,1-5-2 / 1-2-5 / 1-5-4 / 1-2-4 / 1-4-5 / 1-4-2,-0.24,AI★☆☆☆☆,5-6-1 / 5-6-4 / 5-6-3 / 5-6-2 / 5-1-6 / 5-1-4,base危険 / 当地巧者,-0.16,AI★☆☆☆☆,1-4-2 / 1-2-4 / 1-4-6 / 4-1-2 / 5-1-4 / 5-6-1,見送り寄り,"公式低評価AI検証 / 朝:base危険 / 当地巧者 / base危険で買い上げ抑制 / 直前:展示差ややあり / 展示タイム差を確認 / 足:足差ややあり / 展示F:5注意 / 足:ST気配あり / 部品交換:5,6 / 足:1号艇足色良さげ / 整備:チルト:1:-0.5,2:-0.5,3:-0.5,4:-0.5,5:0,6:-0.5 / 部品交換:5:ピストン,リング,ピストンリング,6:ピストン,リング,ピストンリング,シリンダ,ギヤケース,電気,電気一式,キャブ,キャブレタ,シャフト,クランク / 直前差小で朝寄り / 隊形:1逃げ本線",2026-04-25 16:16:30 JST,"[""6.72"", ""6.74"", ""6.85"", ""6.77"", ""6.82"", ""6.82""]",1:1 / 2:2 / 3:6 / 4:3 / 5:4 / 6:4,晴,3.0,3.0,,,0.0,1:0.40 / 2:-0.03 / 3:-0.26 / 4:0.03 / 5:-0.18 / 6:-0.17,1:A2 / A2 / A2 / A2 / 2:B1 / B1 / B1 / A2 / 3:B1 / B1 / B1 / B1 / 4:B1 / B1 / B1 / B1 / 5:B1 / B1 / B1 / A2 / 6:B1 / B1 / B1 / B1,1:樋口 亮 / 2:抹香雄三 / 3:向井田佑 / 4:梅木敬太 / 5:井上大輔 / 6:角山雄哉,1:-勝率|+当地|-モータ|-ST|+級別 / 2:-勝率|+当地|-モータ|-ST / 3:-勝率|+当地|-モータ|-ST|-近況 / 4:-勝率|+当地|-モータ|-ST|-近況 / 5:+当地|-モータ / 6:-モータ,1:-勝率|+当地|-モータ|-ST|+級別 / 2:-勝率|+当地|-モータ|-ST / 3:-勝率|+当地|-モータ|-ST|-近況 / 4:-勝率|+当地|-モータ|-ST|-近況 / 5:+当地|-モータ / 6:-モータ,1-5-4,3050,,,,,,,https://boatrace.jp/owpc/pc/race/resultlist?hd=20260425&jcd=16,2026-04-25 16:16:31 JST,,,100,,,,3連単,3,,-1.03,base素材危険,base素材危険 / 当地巧者,2026-04-25 03:59:01 JST,,0
2026-04-25,10:52,鳴門,6R,6,official_all,★★★☆☆,2-6-1 / 2-1-6 / 2-6-3 / 2-1-3 / 2-3-6 / 2-3-1,3.5,AI★★★★★,6-2-5 / 6-2-3 / 6-2-1 / 6-2-4 / 6-5-2 / 6-5-3,base土台○ / 選手力上位 / 級別傾向強い / インやや強め,3.62,AI★★★★☆,1-6-2 / 1-2-6 / 1-4-6 / 6-2-1 / 2-1-6 / 6-2-5,買い,"公式低評価AI検証 / 朝:base土台○ / 選手力上位 / 級別傾向強い / インやや強め / base土台をやや保持 / 直前:展示差あり / 展示タイム差を確認 / 気象安定 / 足:足差あり / 展示F:3,4,5注意 / 足:ST気配あり / チルト高:6:3 / 部品交換:2,6 / 足:1号艇足色良さげ / 整備:チルト:1:0,2:0,3:-0.5,4:-0.5,5:0,6:3 / 部品交換:2:ピストン,リング,ピストンリング,電気,電気一式,6:ピストン,リング,ピストンリング,シリンダ,ギヤケース,電気,電気一式,キャブ,キャブレタ,シャフト,クランク / 直前差小で朝寄り / 朝評価をやや優先 / 隊形:1逃げ本線 / 2差し注意 / 開催:2日目でやや本命寄り",2026-04-25 16:16:30 JST,"[""6.73"", ""6.83"", ""6.90"", ""6.74"", ""6.83"", ""6.60""]",1:2 / 2:4 / 3:6 / 4:3 / 5:4 / 6:1,晴,1.0,1.0,,,0.1,1:0.24 / 2:-0.19 / 3:-0.38 / 4:-0.20 / 5:-0.28 / 6:0.04,1:B1 / A2 / B1 / B1 / 2:A2 / A1 / A2 / A2 / 3:B1 / B1 / B1 / B1 / 4:B1 / B2 / B2 / B2 / 5:B1 / B1 / B1 / B1 / 6:A2 / A2 / A2 / A2,1:山口広樹 / 2:武重雄介 / 3:森下 勇 / 4:小林甘寧 / 5:吉岡 誠 / 6:笠置博之,1:-勝率|+当地|-モータ|-ST / 2:-勝率|+当地|-モータ|-ST|+級別 / 3:-勝率|+当地|-モータ|-ST|-近況 / 4:-勝率|+当地|-モータ|-ST|-近況|-級別 / 5:+当地|-モータ / 6:-モータ|+級別,1:-勝率|+当地|-モータ|-ST / 2:-勝率|+当地|-モータ|-ST|+級別 / 3:-勝率|+当地|-モータ|-ST|-近況 / 4:-勝率|+当地|-モータ|-ST|-近況|-級別 / 5:+当地|-モータ / 6:-モータ|+級別,6-2-1,1100,,,,,,,https://boatrace.jp/owpc/pc/race/resultlist?hd=20260425&jcd=14,2026-04-25 16:16:31 JST,,,100,,,,3連単,2,,1.41,base素材保留,base素材保留 / 選手力上位 / 級別傾向強い,2026-04-25 03:59:01 JST,,0
2026-04-25,10:55,平和島,1R,1,official_all,★★★★★,3-2-4 / 3-4-2 / 3-2-5 / 3-4-5 / 3-5-2 / 3-5-4,8.94,AI★★★★★,3-4-2 / 3-4-5 / 3-4-6 / 3-4-1 / 3-2-4 / 3-2-5,base土台○ / 当地巧者 / 級別傾向強い / 中枠攻め候補 / 攻めやや注意,8.99,AI★★★★★,1-3-6 / 1-2-6 / 1-3-2 / 3-4-2 / 3-4-6 / 3-4-1,様子見,"朝:base土台○ / 当地巧者 / 級別傾向強い / 中枠攻め候補 / 攻めやや注意 / base土台をやや保持 / 直前:気象安定 / 部品交換:5,6 / 整備:チルト:1:-0.5,2:-0.5,3:-0.5,4:-0.5,5:0,6:-0.5 / 部品交換:5:ピストン,リング,ピストンリング,6:ピストン,リング,ピストンリング,シリンダ,ギヤケース,電気,電気一式,キャブ,キャブレタ,シャフト,クランク / 直前差小で朝寄り / 朝評価をやや優先 / 隊形:1逃げ本線 / 開催:2日目でやや本命寄り",2026-04-25 16:16:30 JST,"[""6.68"", ""6.74"", ""6.77"", ""6.72"", ""6.75"", ""6.70""]",1:1 / 2:4 / 3:6 / 4:3 / 5:5 / 6:2,晴,1.0,3.0,,,0.05,1:0.20 / 2:-0.04 / 3:-0.04 / 4:-0.01 / 5:-0.10 / 6:-0.01,1:B2 / B2 / B1 / B2 / 2:B1 / B1 / B1 / B1 / 3:A1 / A1 / A1 / A1 / 4:B1 / B1 / B1 / B2 / 5:B2 / B2 / B1 / B1 / 6:B2 / B2 / B2,1:筒井美琴 / 2:石岡将太 / 3:和田拓也 / 4:鈴木唯央 / 5:豊田訓靖 / 6:宮城那菜,1:-勝率|+当地|-モータ|-ST|-級別 / 2:-勝率|+当地|-モータ|-ST / 3:-勝率|+当地|-モータ|-近況|+級別 / 4:-勝率|+当地|-モータ|-ST|-近況|-級別 / 5:+当地|-モータ|-級別 / 6:-モータ|-級別,1:-勝率|+当地|-モータ|-ST|-級別 / 2:-勝率|+当地|-モータ|-ST / 3:-勝率|+当地|-モータ|-近況|+級別 / 4:-勝率|+当地|-モータ|-ST|-近況|-級別 / 5:+当地|-モータ|-級別 / 6:-モータ|-級別,3-2-4,590,,,,,,,https://boatrace.jp/owpc/pc/race/resultlist?hd=20260425&jcd=04,2026-04-25 16:16:31 JST,,,100,,,,3連単,2,,2.35,base素材○,base素材○ / 当地巧者 / 級別傾向強い / 中枠攻め候補,2026-04-25 03:59:01 JST,,0
2026-04-25,10:57,津,2R,2,official_all,★★☆☆☆,1-2-5 / 1-5-2 / 1-2-3 / 1-5-3 / 1-3-2 / 1-3-5,0.01,AI★☆☆☆☆,6-5-4 / 6-5-3 / 6-5-2 / 6-5-1 / 6-4-5 / 6-4-3,base危険 / 選手力上位,0.13,AI★☆☆☆☆,1-3-4 / 1-4-6 / 1-4-3 / 6-4-5 / 6-5-1 / 6-5-4,見送り寄り,"公式低評価AI検証 / 朝:base危険 / 選手力上位 / base危険で買い上げ抑制 / 直前:展示差あり / 展示タイム差を確認 / 気象安定 / 足:足差ややあり / 展示F:2,4注意 / 部品交換:2,5 / 足:1号艇足色良さげ / 整備:チルト:1:0,2:0,3:-0.5,4:-0.5,5:0,6:0 / 部品交換:2:ピストン,リング,シリンダ,5:ギヤ / 直前差小で朝寄り / 隊形:1逃げ本線 / 開催:2日目でやや本命寄り",2026-04-25 16:16:30 JST,"[""6.73"", ""6.88"", ""6.81"", ""6.75"", ""6.83"", ""6.80""]",1:1 / 2:6 / 3:4 / 4:2 / 5:5 / 6:3,曇,1.0,1.0,,,0.1,1:0.42 / 2:-0.34 / 3:-0.05 / 4:0.03 / 5:-0.11 / 6:-0.10,1:B1 / B1 / B1 / B1 / 2:B1 / B1 / B1 / B2 / 3:B1 / B1 / B1 / B1 / 4:B1 / B1 / B1 / B1 / 5:B1 / B1 / B1 / B1 / 6:B1 / B1 / B1 / B1,1:松本庸平 / 2:芹澤克彦 / 3:加藤 綾 / 4:武田正紀 / 5:伊藤雄二 / 6:佐藤ほの,1:-勝率|+当地|-モータ|-ST / 2:-勝率|+当地|-モータ|-ST|-級別 / 3:-勝率|+当地|-モータ|-ST|-近況 / 4:-勝率|+当地|-モータ|-ST|-近況 / 5:+当地|-モータ / 6:-モータ,1:-勝率|+当地|-モータ|-ST / 2:-勝率|+当地|-モータ|-ST|-級別 / 3:-勝率|+当地|-モータ|-ST|-近況 / 4:-勝率|+当地|-モータ|-ST|-近況 / 5:+当地|-モータ / 6:-モータ,3-1-4,7300,,,,,,,https://boatrace.jp/owpc/pc/race/resultlist?hd=20260425&jcd=09,2026-04-25 16:16:31 JST,,,100,,,,3連単,2,,-1.32,base素材危険,base素材危険 / 選手力上位,2026-04-25 03:59:01 JST,,0
2026-04-25,11:02,尼崎,2R,2,official_all,★★★★☆,2-5-3 / 2-3-5 / 2-5-1 / 2-3-1 / 2-1-5 / 2-1-3,6.23,AI★★★★★,2-5-4 / 2-5-3 / 2-5-1 / 2-5-6 / 2-4-5 / 2-4-3,base土台◎ / 当地巧者 / 級別傾向強い / 差しやや警戒,6.31,AI★★★★★,1-2-5 / 5-2-1 / 1-5-4 / 2-5-1 / 2-5-3 / 2-5-4,様子見,"朝:base土台◎ / 当地巧者 / 級別傾向強い / 差しやや警戒 / base土台を強めに保持 / 直前:展示差ややあり / 展示タイム差を確認 / 気象安定 / 足:足差ややあり / 足:ST気配あり / 部品交換:5,6 / 足:5号艇足色良さげ / 整備:チルト:1:-0.5,2:-0.5,3:0,4:0,5:-0.5,6:-0.5 / 部品交換:5:ピストン,リング,ピストンリング,6:ピストン,リング,ピストンリング,シリンダ,ギヤケース,電気,電気一式,キャブ,キャブレタ,シャフト,クランク / 直前差小で朝寄り / 朝評価をやや優先 / 隊形:1逃げ本線 / 5一撃注意 / 開催:2日目でやや本命寄り",2026-04-25 16:16:30 JST,"[""6.82"", ""6.85"", ""6.88"", ""6.85"", ""6.83"", ""6.94""]",1:1 / 2:3 / 3:5 / 4:3 / 5:2 / 6:6,晴,3.0,0.0,,,0.05,1:0.26 / 2:0.04 / 3:0.00 / 4:0.04 / 5:0.19 / 6:-0.43,1:B1 / B1 / A2 / B1 / 2:A1 / A1 / A1 / A1 / 3:B1 / B1 / A2 / A2 / 4:B1 / B1 / A2 / A2 / 5:A2 / B1 / B1 / B1 / 6:B2 / B2 / B2 / B2,1:山下夏鈴 / 2:上條嘉嗣 / 3:明石正之 / 4:中島昂章 / 5:井上恵一 / 6:鈴木結平,1:-勝率|+当地|-モータ|-ST / 2:-勝率|+当地|-モータ|+級別 / 3:-勝率|+当地|-モータ|-ST|-近況 / 4:-勝率|+当地|-モータ|-ST|-近況 / 5:+当地|-モータ|+級別 / 6:-モータ|-級別,1:-勝率|+当地|-モータ|-ST / 2:-勝率|+当地|-モータ|+級別 / 3:-勝率|+当地|-モータ|-ST|-近況 / 4:-勝率|+当地|-モータ|-ST|-近況 / 5:+当地|-モータ|+級別 / 6:-モータ|-級別,3-1-4,17090,,,,,,,https://boatrace.jp/owpc/pc/race/resultlist?hd=20260425&jcd=13,2026-04-25 16:16:31 JST,,,100,,,,3連単,2,,3.02,base素材○,base素材○ / 当地巧者 / 級別傾向強い,2026-04-25 03:59:01 JST,,0
2026-04-25,11:04,芦屋,6R,6,official_all,★★☆☆☆,4-2-1 / 4-1-2 / 4-2-6 / 4-1-6 / 4-6-2 / 4-6-1,6.58,AI★★★★★,4-2-6 / 4-2-5 / 4-2-1 / 4-2-3 / 4-6-2 / 4-6-5,base土台◎ / 地力上位 / 当地巧者 / 級別傾向強い / 中枠攻め候補 / インやや強め,6.59,AI★★★★★,1-2-5 / 2-4-5 / 4-2-5 / 3-2-5 / 4-2-6 / 4-2-1,買い,"公式低評価AI検証 / 朝:base土台◎ / 地力上位 / 当地巧者 / 級別傾向強い / 中枠攻め候補 / インやや強め / base土台を強めに保持 / 直前:気象荒れ気味 / 風向西 / 波高5cm / 足:ST気配あり / 部品交換:5,6 / 足:2号艇足色良さげ / 整備:チルト:1:0,2:0,3:0,4:0,5:0,6:-0.5 / 部品交換:5:ピストン,リング,ピストンリング,6:ピストン,リング,ピストンリング,シリンダ,ギヤケース,電気,電気一式,キャブ,キャブレタ,シャフト,クランク / 直前差小で朝寄り / 朝評価をやや優先 / 隊形:2差し注意 / 1逃げ本線 / 開催:2日目でやや本命寄り",2026-04-25 16:16:30 JST,"[""6.65"", ""6.69"", ""6.70"", ""6.65"", ""6.64"", ""6.66""]",1:2 / 2:5 / 3:6 / 4:2 / 5:1 / 6:4,晴,5.0,5.0,,西,-0.2,1:-0.05 / 2:0.15 / 3:-0.05 / 4:0.08 / 5:0.04 / 6:-0.09,1:B1 / A2 / A2 / A2 / 2:A1 / A1 / A1 / A1 / 3:B2 / B2 / B1 / B1 / 4:A1 / A1 / A1 / A1 / 5:B1 / B1 / B1 / B1 / 6:A2 / A2 / A2 / A1,1:下河誉史 / 2:永田啓二 / 3:小野京平 / 4:西山貴浩 / 5:松田隆司 / 6:川上 剛,1:-勝率|+当地|-モータ|-ST|+級別 / 2:-勝率|+当地|-モータ|+級別 / 3:-勝率|+当地|-モータ|-ST|-近況|-級別 / 4:+勝率|+当地|-モータ|-近況|+級別 / 5:+当地|-モータ / 6:-モータ|+級別,1:-勝率|+当地|-モータ|-ST|+級別 / 2:-勝率|+当地|-モータ|+級別 / 3:-勝率|+当地|-モータ|-ST|-近況|-級別 / 4:+勝率|+当地|-モータ|-近況|+級別 / 5:+当地|-モータ / 6:-モータ|+級別,4-5-2,3670,,,,,,,https://boatrace.jp/owpc/pc/race/resultlist?hd=20260425&jcd=21,2026-04-25 16:16:31 JST,,,100,,,,3連単,2,,6.0,base素材○,base素材○ / 地力上位 / 当地巧者 / 級別傾向強い / 中枠攻め候補,2026-04-25 03:59:01 JST,,0
2026-04-25,11:11,宮島,2R,2,official_all,★☆☆☆☆,1-4-2 / 1-2-4 / 1-4-6 / 1-2-6 / 1-6-4 / 1-6-2,5.86,AI★★★★★,6-5-4 / 6-5-3 / 6-5-2 / 6-5-1 / 6-4-5 / 6-4-3,base保留 / 地力上位 / 級別傾向強い,6.02,AI★★★★★,1-3-2 / 3-1-2 / 1-2-3 / 5-1-3 / 6-5-3 / 6-5-4,買い,"公式低評価AI検証 / 朝:base保留 / 地力上位 / 級別傾向強い / base保留で買い上げ慎重 / 直前:展示差あり / 展示タイム差を確認 / 進入:1-5-2-3-4-6 / 前づけで波乱含み / 気象安定 / 足:足差ややあり / 展示F:5,6注意 / 足:ST気配あり / 足:進入変化 / 部品交換:5,6 / 整備:チルト:1:0,2:0.5,3:0,4:-0.5,5:-0.5,6:-0.5 / 部品交換:5:ピストン,リング,ピストンリング,6:ピストン,リング,ピストンリング,シリンダ,ギヤケース,電気,電気一式,キャブ,キャブレタ,シャフト,クランク / ピット:1:伸び|出足|回り足 / 3:+伸び / 4:伸び / 6:行き足 / 進入変化ありで少し動かす / 隊形:3攻め注意 / 1逃げ本線 / 進入:1-5-2-3-4-6",2026-04-25 16:16:30 JST,"[""6.58"", ""6.63"", ""6.57"", ""6.66"", ""6.74"", ""6.68""]",1:2 / 2:3 / 3:1 / 4:4 / 5:6 / 6:5,曇,0.0,1.0,,,0.1,1:0.20 / 2:-0.05 / 3:0.29 / 4:-0.26 / 5:-0.16 / 6:-0.21,1:A1 / A2 / A1 / A1 / 2:A1 / A1 / A1 / A1 / 3:A1 / A1 / A1 / A1 / 4:A1 / A1 / A1 / A1 / 5:A1 / A1 / A1 / A1 / 6:A1 / A1 / A1 / A1,1:中辻崇人 / 2:太田和美 / 3:伊藤将吉 / 4:君島秀三 / 5:江口晃生 / 6:森高一真,1:-勝率|+当地|-モータ|+級別 / 2:-勝率|+当地|-モータ|+級別 / 3:-勝率|+当地|-モータ|-近況|+級別 / 4:+勝率|+当地|-モータ|-近況|+級別 / 5:+勝率|+当地|-モータ|+級別 / 6:+勝率|-モータ|+級別,1:-勝率|+当地|-モータ|+級別 / 2:-勝率|+当地|-モータ|+級別 / 3:-勝率|+当地|-モータ|-近況|+級別 / 4:+勝率|+当地|-モータ|-近況|+級別 / 5:+勝率|+当地|-モータ|+級別 / 6:+勝率|-モータ|+級別,2-3-4,3430,,,,,,,https://boatrace.jp/owpc/pc/race/resultlist?hd=20260425&jcd=17,2026-04-25 16:16:31 JST,,,100,,,,3連単,5,,8.11,base素材○,base素材○ / 地力上位 / 級別傾向強い,2026-04-25 03:59:01 JST,,0
2026-04-25,11:16,常滑,3R,3,official_all,★★★★★,2-4-3 / 2-3-4 / 2-4-6 / 2-3-6 / 2-6-4 / 2-6-3,6.08,AI★★★★★,2-6-4 / 2-6-3 / 2-6-1 / 2-6-5 / 2-4-6 / 2-4-3,base土台◎ / 当地巧者 / 級別傾向強い / 差しやや警戒,6.19,AI★★★★★,1-6-4 / 6-2-4 / 4-6-3 / 2-6-1 / 2-6-4 / 2-6-3,様子見,"朝:base土台◎ / 当地巧者 / 級別傾向強い / 差しやや警戒 / base土台を強めに保持 / 直前:進入:1-2-3-6-4-5 / 前づけで波乱含み / 気象安定 / 足:ST気配あり / 足:進入変化 / 部品交換:5,6 / 6前づけ / 足:4号艇足色良さげ / 足:6前づけ注意 / 整備:チルト:1:-0.5,2:-0.5,3:-0.5,4:0,5:-0.5,6:-0.5 / 部品交換:5:ピストン,リング,ピストンリング,6:ピストン,リング,ピストンリング,シリンダ,ギヤケース,電気,電気一式,キャブ,キャブレタ,シャフト,クランク / 進入変化ありで少し動かす / 隊形:6一撃注意 / 4攻め注意 / 進入:1-2-3-6-4-5 / 開催:2日目でやや本命寄り",2026-04-25 16:16:30 JST,"[""6.71"", ""6.73"", ""6.71"", ""6.70"", ""6.73"", ""6.72""]",1:2 / 2:5 / 3:2 / 4:1 / 5:5 / 6:4,晴,2.0,1.0,,,0.09,1:0.01 / 2:0.01 / 3:0.03 / 4:0.12 / 5:-0.09 / 6:0.14,1:B1 / B1 / B1 / B1 / 2:A1 / A1 / A1 / A1 / 3:B1 / B1 / B1 / B1 / 4:B1 / B1 / B1 / B1 / 5:B2 / B2 / B2 / B2 / 6:A2 / A2 / B1 / B1,1:今泉 徹 / 2:飯島昌弘 / 3:長畑友輔 / 4:吉田翔悟 / 5:中村紋夕 / 6:野末智一,1:-勝率|+当地|-モータ|-ST / 2:-勝率|+当地|-モータ|+級別 / 3:-勝率|+当地|-モータ|-ST|-近況 / 4:-勝率|+当地|-モータ|-ST|-近況 / 5:+当地|-モータ|-級別 / 6:-モータ|+級別,1:-勝率|+当地|-モータ|-ST / 2:-勝率|+当地|-モータ|+級別 / 3:-勝率|+当地|-モータ|-ST|-近況 / 4:-勝率|+当地|-モータ|-ST|-近況 / 5:+当地|-モータ|-級別 / 6:-モータ|+級別,1-2-6,1550,,,,,,,https://boatrace.jp/owpc/pc/race/resultlist?hd=20260425&jcd=08,2026-04-25 16:16:31 JST,,,100,,,,3連単,2,,3.19,base素材○,base素材○ / 当地巧者 / 級別傾向強い,2026-04-25 03:59:01 JST,,0
2026-04-25,11:19,児島,2R,2,official_all,★☆☆☆☆,2-1-3 / 2-3-1 / 2-1-6 / 2-3-6 / 2-6-1 / 2-6-3,0.53,AI★★☆☆☆,6-5-4 / 6-5-3 / 6-5-1 / 6-5-2 / 6-4-5 / 6-4-3,base危険 / 選手力上位 / インやや強め,0.58,AI★☆☆☆☆,1-2-5 / 2-5-6 / 2-6-5 / 6-5-2 / 3-2-5 / 6-5-4,見送り寄り,"公式低評価AI検証 / 朝:base危険 / 選手力上位 / インやや強め / base危険で買い上げ抑制 / 直前:展示差ややあり / 展示タイム差を確認 / 足:足差ややあり / 展示F:1注意 / 足:ST気配あり / 部品交換:5,6 / 足:2号艇足色良さげ / 整備:チルト:1:-0.5,2:0,3:-0.5,4:-0.5,5:0,6:0 / 部品交換:5:ピストン,リング,ピストンリング,6:ピストン,リング,ピストンリング,シリンダ,ギヤケース,電気,電気一式,キャブ,キャブレタ,シャフト,クランク / 直前差中で少し動かす / 隊形:2差し注意",2026-04-25 16:16:30 JST,"[""6.79"", ""6.67"", ""6.73"", ""6.79"", ""6.71"", ""6.73""]",1:5 / 2:1 / 3:3 / 4:5 / 5:2 / 6:3,晴,3.0,3.0,,,0.0,1:-0.11 / 2:0.34 / 3:-0.16 / 4:-0.26 / 5:0.03 / 6:-0.06,1:B1 / A2 / B1 / B1 / 2:B1 / B1 / B1 / B1 / 3:B1 / B1 / B1 / B1 / 4:B1 / B1 / B1 / B1 / 5:B1 / B1 / B1 / B1 / 6:B1 / B1 / B1 / A2,1:松尾光広 / 2:三宅健太 / 3:山本景士 / 4:平岡重典 / 5:小松卓司 / 6:浜崎準也,1:-勝率|+当地|-モータ|-ST / 2:-勝率|+当地|-モータ|-ST / 3:-勝率|+当地|-モータ|-ST|-近況 / 4:-勝率|+当地|-モータ|-ST|-近況 / 5:+当地|-モータ / 6:-モータ,1:-勝率|+当地|-モータ|-ST / 2:-勝率|+当地|-モータ|-ST / 3:-勝率|+当地|-モータ|-ST|-近況 / 4:-勝率|+当地|-モータ|-ST|-近況 / 5:+当地|-モータ / 6:-モータ,3-2-1,7330,,,,,,,https://boatrace.jp/owpc/pc/race/resultlist?hd=20260425&jcd=16,2026-04-25 16:16:31 JST,,,100,,,,3連単,3,,-1.03,base素材危険,base素材危険 / 選手力上位,2026-04-25 03:59:01 JST,,0
2026-04-25,11:21,唐津,7R,7,official_all,★☆☆☆☆,4-5-1 / 4-1-5 / 4-5-2 / 4-1-2 / 4-2-5 / 4-2-1,7.67,AI★★★★★,4-5-6 / 4-5-3 / 4-5-1 / 4-5-2 / 4-6-5 / 4-6-3,base土台○ / 地力上位 / 当地巧者 / 級別傾向強い / 中枠攻め候補 / 攻めやや注意,7.7,AI★★★★★,1-3-6 / 3-4-6 / 3-1-6 / 4-6-3 / 6-3-4 / 4-5-6,買い,"公式低評価AI検証 / 朝:base土台○ / 地力上位 / 当地巧者 / 級別傾向強い / 中枠攻め候補 / 攻めやや注意 / base土台をやや保持 / 直前:気象安定 / 足:ST気配あり / 部品交換:1,3,6 / 足:3号艇足色良さげ / 整備:チルト:1:-0.5,2:-0.5,3:0,4:-0.5,5:-0.5,6:-0.5 / 部品交換:1:ピストン,リング,ピストンリング,電気,電気一式,キャブ,キャブレタ,3:ピストン,リング,ピストンリング,電気,電気一式,6:ピストン,リング,ピストンリング,シリンダ,ギヤケース,電気,電気一式,キャブ,キャブレタ,シャフト,クランク / 直前差小で朝寄り / 朝評価をやや優先 / 隊形:3攻め注意 / 1逃げ本線",2026-04-25 16:16:30 JST,"[""6.79"", ""6.80"", ""6.71"", ""6.74"", ""6.80"", ""6.70""]",1:4 / 2:5 / 3:2 / 4:3 / 5:5 / 6:1,晴,2.0,2.0,,,0.08,1:0.03 / 2:-0.04 / 3:0.17 / 4:0.01 / 5:-0.25 / 6:0.05,1:B1 / B1 / A2 / A2 / 2:B1 / B1 / B1 / B1 / 3:B1 / B1 / B1 / B1 / 4:A1 / A1 / A1 / A1 / 5:A2 / A1 / A2 / A2 / 6:B1 / B2 / B1 / B1,1:牧山敦也 / 2:岩川仁士 / 3:村上彰一 / 4:白神 優 / 5:榎 幸司 / 6:柴田大輔,1:-勝率|+当地|-モータ|-ST / 2:-勝率|+当地|-モータ|-ST / 3:-勝率|+当地|-モータ|-ST|-近況 / 4:+勝率|+当地|-モータ|-近況|+級別 / 5:+当地|-モータ|+級別 / 6:-モータ|-級別,1:-勝率|+当地|-モータ|-ST / 2:-勝率|+当地|-モータ|-ST / 3:-勝率|+当地|-モータ|-ST|-近況 / 4:+勝率|+当地|-モータ|-近況|+級別 / 5:+当地|-モータ|+級別 / 6:-モータ|-級別,4-2-5,5370,,,,,,,https://boatrace.jp/owpc/pc/race/resultlist?hd=20260425&jcd=23,2026-04-25 16:16:31 JST,,,100,,,,3連単,3,,4.9,base素材○,base素材○ / 地力上位 / 当地巧者 / 級別傾向強い / 中枠攻め候補,2026-04-25 03:59:01 JST,,0
2026-04-25,11:23,鳴門,7R,7,official_all,★☆☆☆☆,1-5-2 / 1-2-5 / 1-5-3 / 1-2-3 / 1-3-5 / 1-3-2,3.44,AI★★★★★,5-1-4 / 5-1-6 / 5-1-3 / 5-1-2 / 5-4-1 / 5-4-6,base土台○ / 当地巧者 / 級別傾向強い / インやや強め,3.59,AI★★★★☆,1-6-5 / 6-1-5 / 6-3-5 / 3-6-5 / 5-1-6 / 5-1-4,様子見,"公式低評価AI検証 / 朝:base土台○ / 当地巧者 / 級別傾向強い / インやや強め / base土台をやや保持 / 直前:展示差あり / 展示タイム差を確認 / 気象安定 / 足:足差あり / 展示F:1,5注意 / 足:ST気配あり / チルト高:6:1.5 / 部品交換:1,2,6 / 足:6号艇足色良さげ / 整備:チルト:1:0,2:0,3:-0.5,4:-0.5,5:-0.5,6:1.5 / 部品交換:1:ピストン,リング,ピストンリング,シリンダ,キャリア,キャリアボデー,ギヤケース,電気,電気一式,キャブ,キャブレタ,シャフト,クランク,プロペラ,ペラ,2:ピストン,リング,ピストンリング,シリンダ,キャリア,キャリアボデー,ギヤケース,電気,電気一式,キャブ,キャブレタ,シャフト,クランク,6:ピストン,リング,ピストンリング,シリンダ,電気,電気一式,キャブ,キャブレタ / 直前差中で少し動かす / 隊形:6一撃注意 / 1逃げ本線 / 開催:2日目でやや本命寄り",2026-04-25 16:16:30 JST,"[""6.73"", ""6.87"", ""6.77"", ""6.82"", ""6.67"", ""6.70""]",1:3 / 2:6 / 3:4 / 4:5 / 5:1 / 6:2,晴,1.0,1.0,,,0.1,1:0.01 / 2:-0.49 / 3:-0.05 / 4:-0.20 / 5:0.09 / 6:0.23,1:A2 / A2 / A2 / A2 / 2:B1 / B1 / B1 / B1 / 3:B1 / B1 / B1 / B1 / 4:B1 / B1 / B1 / B1 / 5:A2 / A2 / A2 / A2 / 6:B2 / B1 / B1 / B1,1:酒見峻介 / 2:中村裕将 / 3:大井清貴 / 4:中渡修作 / 5:松本博昭 / 6:大谷健太,1:-勝率|+当地|-モータ|-ST|+級別 / 2:-勝率|+当地|-モータ|-ST / 3:-勝率|+当地|-モータ|-ST|-近況 / 4:-勝率|+当地|-モータ|-ST|-近況 / 5:+当地|-モータ|+級別 / 6:-モータ|-級別,1:-勝率|+当地|-モータ|-ST|+級別 / 2:-勝率|+当地|-モータ|-ST / 3:-勝率|+当地|-モータ|-ST|-近況 / 4:-勝率|+当地|-モータ|-ST|-近況 / 5:+当地|-モータ|+級別 / 6:-モータ|-級別,1-2-5,1360,,,,,,,https://boatrace.jp/owpc/pc/race/resultlist?hd=20260425&jcd=14,2026-04-25 16:16:31 JST,,,100,,,,3連単,2,,0.62,base素材危険,base素材危険 / 当地巧者 / 級別傾向強い,2026-04-25 03:59:01 JST,,0
2026-04-25,11:24,平和島,2R,2,official_all,★☆☆☆☆,2-6-5 / 2-5-6 / 2-6-4 / 2-5-4 / 2-4-6 / 2-4-5,9.21,AI★★★★★,6-2-4 / 6-2-5 / 6-2-3 / 6-2-1 / 6-4-2 / 6-4-5,base保留 / 地力上位 / 級別傾向強い / 攻めやや注意,9.3,AI★★★★★,1-2-6 / 4-2-1 / 1-2-4 / 2-1-6 / 6-2-1 / 6-2-4,買い,"公式低評価AI検証 / 朝:base保留 / 地力上位 / 級別傾向強い / 攻めやや注意 / base保留で買い上げ慎重 / 直前:展示差ややあり / 展示タイム差を確認 / 気象安定 / 足:足差ややあり / 足:ST気配あり / 部品交換:5,6 / 整備:チルト:1:0,2:-0.5,3:-0.5,4:-0.5,5:-0.5,6:-0.5 / 部品交換:5:ピストン,リング,ピストンリング,6:ピストン,リング,ピストンリング,シリンダ,ギヤケース,電気,電気一式,キャブ,キャブレタ,シャフト,クランク / 直前差小で朝寄り / 朝評価をやや優先 / 隊形:1逃げ本線 / 4攻め注意 / 開催:2日目でやや本命寄り",2026-04-25 16:16:30 JST,"[""6.75"", ""6.77"", ""6.89"", ""6.83"", ""6.84"", ""6.80""]",1:1 / 2:2 / 3:6 / 4:4 / 5:5 / 6:3,曇,2.0,3.0,,,0.04,1:0.27 / 2:0.08 / 3:-0.23 / 4:0.06 / 5:-0.20 / 6:-0.03,1:B1 / B1 / B1 / B1 / 2:A2 / A1 / A1 / A1 / 3:B1 / B1 / B1 / B1 / 4:B1 / A2 / B1 / A2 / 5:B1 / B1 / B1 / B1 / 6:A1 / A1 / A1 / A1,1:吉田宗弘 / 2:大須賀友 / 3:冨田秀幸 / 4:前川守嗣 / 5:石原 光 / 6:木下翔太,1:-勝率|+当地|-モータ|-ST / 2:-勝率|+当地|-モータ|-ST|+級別 / 3:-勝率|+当地|-モータ|-ST|-近況 / 4:-勝率|+当地|-モータ|-ST|-近況 / 5:+当地|-モータ / 6:+勝率|-モータ|+級別,1:-勝率|+当地|-モータ|-ST / 2:-勝率|+当地|-モータ|-ST|+級別 / 3:-勝率|+当地|-モータ|-ST|-近況 / 4:-勝率|+当地|-モータ|-ST|-近況 / 5:+当地|-モータ / 6:+勝率|-モータ|+級別,2-6-5,3460,,,,,,,https://boatrace.jp/owpc/pc/race/resultlist?hd=20260425&jcd=04,2026-04-25 16:16:31 JST,,,100,,,,3連単,2,,5.53,base素材○,base素材○ / 地力上位 / 級別傾向強い,2026-04-25 03:59:01 JST,,0
2026-04-25,11:26,津,3R,3,official_all,★★★★☆,1-4-6 / 1-6-4 / 1-4-2 / 1-6-2 / 1-2-4 / 1-2-6,5.46,AI★★★★★,4-6-5 / 4-6-2 / 4-6-1 / 4-6-3 / 4-5-6 / 4-5-2,base土台○ / 当地巧者 / 級別傾向強い / 中枠攻め候補 / インやや強め,5.53,AI★★★★★,1-2-5 / 1-2-3 / 1-2-4 / 4-6-2 / 4-6-5 / 4-6-1,見送り寄り,"朝:base土台○ / 当地巧者 / 級別傾向強い / 中枠攻め候補 / インやや強め / base土台をやや保持 / 直前:気象安定 / 風向西 / 展示F:3,4,5,6注意 / 部品交換:4 / 足:1号艇足色良さげ / 整備:チルト:1:-0.5,2:-0.5,3:0,4:0,5:-0.5,6:-0.5 / 部品交換:4:キャブ / 直前差小で朝寄り / 朝評価をやや優先 / 隊形:1逃げ本線 / 2差し注意 / 開催:2日目でやや本命寄り",2026-04-25 16:16:30 JST,"[""6.84"", ""6.85"", ""6.85"", ""6.83"", ""6.83"", ""6.90""]",1:3 / 2:4 / 3:4 / 4:1 / 5:1 / 6:6,曇,1.0,1.0,,西,0.1,1:0.23 / 2:0.04 / 3:0.01 / 4:0.01 / 5:-0.00 / 6:-0.11,1:B1 / B1 / A2 / B1 / 2:A2 / B1 / B1 / A2 / 3:B2 / B2 / B2 / B2 / 4:A1 / A2 / A1 / A1 / 5:B1 / B1 / B1 / B1 / 6:A2 / B1 / B1 / B1,1:堤 昇 / 2:土屋実沙 / 3:西田和加 / 4:古賀繁輝 / 5:安田吉宏 / 6:倉田茂将,1:-勝率|+当地|-モータ|-ST / 2:-勝率|+当地|-モータ|-ST|+級別 / 3:-勝率|+当地|-モータ|-ST|-近況|-級別 / 4:-勝率|+当地|-モータ|-近況|+級別 / 5:+当地|-モータ / 6:-モータ|+級別,1:-勝率|+当地|-モータ|-ST / 2:-勝率|+当地|-モータ|-ST|+級別 / 3:-勝率|+当地|-モータ|-ST|-近況|-級別 / 4:-勝率|+当地|-モータ|-近況|+級別 / 5:+当地|-モータ / 6:-モータ|+級別,1-6-2,10280,,,,,,,https://boatrace.jp/owpc/pc/race/resultlist?hd=20260425&jcd=09,2026-04-25 16:16:31 JST,,,100,,,,3連単,2,,2.75,base素材○,base素材○ / 当地巧者 / 級別傾向強い / 中枠攻め候補,2026-04-25 03:59:01 JST,,0
2026-04-25,11:30,尼崎,3R,3,official_all,★★★★☆,5-3-4 / 5-4-3 / 5-3-2 / 5-4-2 / 5-2-3 / 5-2-4,9.09,AI★★★★★,5-4-3 / 5-4-2 / 5-4-6 / 5-4-1 / 5-3-4 / 5-3-2,base土台○ / 地力上位 / 当地巧者 / 級別傾向強い / 差しやや警戒,9.17,AI★★★★★,1-4-5 / 1-5-4 / 1-4-2 / 4-1-5 / 5-4-1 / 5-4-3,様子見,"朝:base土台○ / 地力上位 / 当地巧者 / 級別傾向強い / 差しやや警戒 / base土台をやや保持 / 直前:気象安定 / 風向西 / 足:ST気配あり / 部品交換:5,6 / 足:1号艇足色良さげ / 整備:チルト:1:0,2:-0.5,3:-0.5,4:-0.5,5:0,6:0 / 部品交換:5:ピストン,リング,ピストンリング,6:ピストン,リング,ピストンリング,シリンダ,ギヤケース,電気,電気一式,キャブ,キャブレタ,シャフト,クランク / 直前差小で朝寄り / 朝評価をやや優先 / 隊形:1逃げ本線 / 開催:2日目でやや本命寄り",2026-04-25 16:16:30 JST,"[""6.84"", ""6.91"", ""6.92"", ""6.84"", ""6.83"", ""6.90""]",1:2 / 2:5 / 3:6 / 4:2 / 5:1 / 6:4,晴,0.0,0.0,,西,0.1,1:0.27 / 2:-0.04 / 3:-0.21 / 4:0.03 / 5:0.02 / 6:-0.11,1:B1 / B1 / B1 / B1 / 2:B1 / A2 / A1 / B1 / 3:A2 / A1 / B1 / A1 / 4:B1 / A2 / A1 / A1 / 5:A1 / A1 / A1 / A1 / 6:B2 / B2,1:岩橋裕馬 / 2:牧 宏次 / 3:烏野賢太 / 4:山田雄太 / 5:桑原 悠 / 6:中西月輝,1:-勝率|+当地|-モータ|-ST / 2:-勝率|+当地|-モータ|-ST|+級別 / 3:-勝率|+当地|-モータ|-ST|-近況|+級別 / 4:-勝率|+当地|-モータ|-ST|-近況|+級別 / 5:+勝率|+当地|-モータ|+級別 / 6:-モータ|-級別,1:-勝率|+当地|-モータ|-ST / 2:-勝率|+当地|-モータ|-ST|+級別 / 3:-勝率|+当地|-モータ|-ST|-近況|+級別 / 4:-勝率|+当地|-モータ|-ST|-近況|+級別 / 5:+勝率|+当地|-モータ|+級別 / 6:-モータ|-級別,4-5-3,2610,,,,,,,https://boatrace.jp/owpc/pc/race/resultlist?hd=20260425&jcd=13,2026-04-25 16:16:31 JST,,,100,,,,3連単,2,,5.36,base素材○,base素材○ / 地力上位 / 当地巧者 / 級別傾向強い,2026-04-25 03:59:01 JST,,0
2026-04-25,11:32,浜名湖,1R,1,official_all,★★☆☆☆,1-5-2 / 1-2-5 / 1-5-3 / 1-2-3 / 1-3-5 / 1-3-2,-0.28,AI★☆☆☆☆,5-6-4 / 5-6-3 / 5-6-2 / 5-6-1 / 5-4-6 / 5-4-3,base危険 / 当地巧者 / 差しやや警戒,-0.18,AI★☆☆☆☆,1-2-5 / 2-1-5 / 1-2-3 / 5-2-1 / 5-6-2 / 5-6-4,見送り寄り,"公式低評価AI検証 / 朝:base危険 / 当地巧者 / 差しやや警戒 / base危険で買い上げ抑制 / 直前:展示差ややあり / 展示タイム差を確認 / 気象安定 / 風向東 / 展示F:1,6注意 / 足:ST気配あり / 部品交換:5,6 / 足:2号艇足色良さげ / 整備:チルト:1:0,2:-0.5,3:-0.5,4:-0.5,5:-0.5,6:0.5 / 部品交換:5:ピストン,リング,ピストンリング,6:ピストン,リング,ピストンリング,シリンダ,ギヤケース,電気,電気一式,キャブ,キャブレタ,シャフト,クランク / 直前差小で朝寄り / 隊形:1逃げ本線 / 2差し注意 / 開催:2日目でやや本命寄り",2026-04-25 16:16:30 JST,"[""6.60"", ""6.65"", ""6.66"", ""6.63"", ""6.61"", ""6.71""]",1:1 / 2:4 / 3:5 / 4:3 / 5:2 / 6:6,晴,4.0,2.0,,東,0.04,1:0.15 / 2:0.16 / 3:-0.05 / 4:-0.12 / 5:0.02 / 6:-0.29,1:B1 / B1 / B1 / B1 / 2:B1 / B1 / B1 / B1 / 3:B1 / B1 / B1 / B1 / 4:B1 / B1 / B1 / B1 / 5:B1 / B1 / B1 / B1 / 6:B1 / B1 / B2 / B1,1:山口晃朋 / 2:河合三弘 / 3:村上奈穂 / 4:村松遥輝 / 5:小川知行 / 6:石川哲秀,1:-勝率|+当地|-モータ|-ST / 2:-勝率|+当地|-モータ|-ST / 3:-勝率|+当地|-モータ|-ST|-近況 / 4:-勝率|+当地|-モータ|-ST|-近況 / 5:+当地|-モータ / 6:-モータ|-級別,1:-勝率|+当地|-モータ|-ST / 2:-勝率|+当地|-モータ|-ST / 3:-勝率|+当地|-モータ|-ST|-近況 / 4:-勝率|+当地|-モータ|-ST|-近況 / 5:+当地|-モータ / 6:-モータ|-級別,2-6-1,49130,,,,,,,https://boatrace.jp/owpc/pc/race/resultlist?hd=20260425&jcd=06,2026-04-25 16:16:31 JST,,,100,,,,3連単,2,,-1.7,base素材危険,base素材危険 / 当地巧者,2026-04-25 03:59:01 JST,,0
2026-04-25,11:35,芦屋,7R,7,official_all,★☆☆☆☆,3-1-5 / 3-5-1 / 3-1-2 / 3-5-2 / 3-2-1 / 3-2-5,0.35,AI★★☆☆☆,6-5-3 / 6-5-4 / 6-5-2 / 6-5-1 / 6-3-5 / 6-3-4,base危険 / 選手力上位 / インやや強め,0.33,AI★☆☆☆☆,1-3-4 / 3-4-1 / 4-3-1 / 2-3-4 / 6-3-4 / 6-5-3,見送り寄り,"公式低評価AI検証 / 朝:base危険 / 選手力上位 / インやや強め / base危険で買い上げ抑制 / 直前:展示差ややあり / 展示タイム差を確認 / 気象荒れ気味 / 波高6cm / 足:足差ややあり / 足:ST気配あり / 部品交換:1,2,3,6 / 整備:チルト:1:0,2:0,3:0,4:0,5:0,6:0 / 部品交換:1:ピストン,リング,ピストンリング,シリンダ,キャリア,キャリアボデー,ギヤケース,電気,電気一式,キャブ,キャブレタ,シャフト,クランク,2:ピストン,リング,ピストンリング,3:ピストン,6:ピストン,リング,ピストンリング,シリンダ,電気,電気一式,キャブ,キャブレタ / 直前差小で朝寄り / 隊形:3攻め注意 / 1逃げ本線 / 開催:2日目でやや本命寄り",2026-04-25 16:16:30 JST,"[""6.64"", ""6.73"", ""6.60"", ""6.62"", ""6.66"", ""6.71""]",1:3 / 2:6 / 3:1 / 4:2 / 5:4 / 6:5,晴,6.0,6.0,,,-0.2,1:-0.10 / 2:-0.16 / 3:0.17 / 4:0.12 / 5:-0.16 / 6:-0.15,1:B1 / B1 / B1 / B1 / 2:B1 / B1 / B1 / B1 / 3:B1 / B1 / B1 / B1 / 4:B1 / B2 / B1 / B1 / 5:B1 / B1 / B2 / B1 / 6:B1 / B1 / B1 / B1,1:松尾宣邦 / 2:梶原 正 / 3:山口修路 / 4:花田凱成 / 5:松本真広 / 6:小川晃司,1:-勝率|+当地|-モータ|-ST / 2:-勝率|+当地|-モータ|-ST / 3:-勝率|+当地|-モータ|-ST|-近況 / 4:-勝率|+当地|-モータ|-ST|-近況|-級別 / 5:+当地|-モータ|-級別 / 6:-モータ,1:-勝率|+当地|-モータ|-ST / 2:-勝率|+当地|-モータ|-ST / 3:-勝率|+当地|-モータ|-ST|-近況 / 4:-勝率|+当地|-モータ|-ST|-近況|-級別 / 5:+当地|-モータ|-級別 / 6:-モータ,1-6-3,4940,,,,,,,https://boatrace.jp/owpc/pc/race/resultlist?hd=20260425&jcd=21,2026-04-25 16:16:31 JST,,,100,,,,3連単,2,,-1.67,base素材危険,base素材危険 / 選手力上位,2026-04-25 03:59:01 JST,,0
2026-04-25,11:41,宮島,3R,3,official_all,★☆☆☆☆,5-1-4 / 5-4-1 / 5-1-2 / 5-4-2 / 5-2-1 / 5-2-4,6.35,AI★★★★★,6-4-5 / 6-4-2 / 6-4-1 / 6-4-3 / 6-5-4 / 6-5-2,base保留 / 地力上位 / 級別傾向強い / 差しやや警戒,6.42,AI★★★★★,1-6-5 / 6-4-5 / 6-5-2 / 2-6-5 / 3-6-5 / 1-6-2,様子見,"公式低評価AI検証 / 朝:base保留 / 地力上位 / 級別傾向強い / 差しやや警戒 / base保留で買い上げ慎重 / 直前:進入:1-6-2-3-4-5 / 前づけで波乱含み / 気象安定 / 風向西 / 展示F:1,2,3,4,5,6注意 / 足:進入変化 / 部品交換:5,6 / ピット:1:伸び|行き足 / 2:行き足|回り足 / 3:-出足|-回り足 / 整備:チルト:1:-0.5,2:-0.5,3:-0.5,4:-0.5,5:0,6:-0.5 / 部品交換:5:ピストン,リング,ピストンリング,6:ピストン,リング,ピストンリング,シリンダ,ギヤケース,電気,電気一式,キャブ,キャブレタ,シャフト,クランク / ピット:1:伸び|行き足 / 2:行き足|回り足 / 3:-出足|-回り足 / 5:+回り足 / 直前差小で朝寄り / 朝評価をやや優先 / 隊形:6一撃注意 / 1逃げ本線 / 進入:1-6-2-3-4-5",2026-04-25 16:16:30 JST,"[""6.69"", ""6.65"", ""6.65"", ""6.69"", ""6.62"", ""6.67""]",1:5 / 2:2 / 3:2 / 4:5 / 5:1 / 6:4,晴,2.0,2.0,,西,0.08,1:0.02 / 2:-0.09 / 3:-0.17 / 4:-0.17 / 5:-0.06 / 6:0.19,1:A1 / A1 / A1 / A1 / 2:A1 / A1 / A1 / A1 / 3:A1 / A2 / A1 / A1 / 4:A1 / A1 / A1 / A1 / 5:A1 / A1 / A2 / A1 / 6:A1 / A1 / A1 / A1,1:林 美憲 / 2:徳増秀樹 / 3:木康 / 4:田口節子 / 5:石倉洋行 / 6:西島義則,1:-勝率|+当地|-モータ|+級別 / 2:-勝率|+当地|-モータ|+級別 / 3:-勝率|+当地|-モータ|-近況|+級別 / 4:+勝率|+当地|-モータ|-近況|+級別 / 5:+勝率|+当地|-モータ|+級別 / 6:+勝率|-モータ|+級別,1:-勝率|+当地|-モータ|+級別 / 2:-勝率|+当地|-モータ|+級別 / 3:-勝率|+当地|-モータ|-近況|+級別 / 4:+勝率|+当地|-モータ|-近況|+級別 / 5:+勝率|+当地|-モータ|+級別 / 6:+勝率|-モータ|+級別,6-1-5,10830,,,,,,,https://boatrace.jp/owpc/pc/race/resultlist?hd=20260425&jcd=17,2026-04-25 17:03:53 JST,,,100,,,,3連単,5,,7.66,base素材○,base素材○ / 地力上位 / 級別傾向強い,2026-04-25 03:59:01 JST,,0
2026-04-25,11:46,常滑,4R,4,official_all,★★★★★,5-4-3 / 5-3-4 / 5-4-1 / 5-3-1 / 5-1-4 / 5-1-3,9.74,AI★★★★★,5-3-4 / 5-3-6 / 5-3-2 / 5-3-1 / 5-4-3 / 5-4-6,base土台○ / 地力上位 / 当地巧者 / 級別傾向強い / 差しやや警戒,9.83,AI★★★★★,1-2-3 / 3-2-1 / 3-2-5 / 2-3-1 / 5-3-2 / 5-3-4,買い,"朝:base土台○ / 地力上位 / 当地巧者 / 級別傾向強い / 差しやや警戒 / base土台をやや保持 / 直前:気象安定 / 風向西 / 足:ST気配あり / 部品交換:5,6 / 足:3号艇足色良さげ / 整備:チルト:1:-0.5,2:-0.5,3:0,4:-0.5,5:-0.5,6:-0.5 / 部品交換:5:ピストン,リング,6:ピストン,リング,ピストンリング,シリンダ,ギヤ,電気,電気一式,キャブ,キャブレタ,シャフト,クランク / 直前差小で朝寄り / 朝評価をやや優先 / 隊形:3攻め注意 / 1逃げ本線 / 開催:2日目でやや本命寄り",2026-04-25 16:16:30 JST,"[""6.75"", ""6.74"", ""6.69"", ""6.78"", ""6.71"", ""6.77""]",1:4 / 2:3 / 3:1 / 4:6 / 5:2 / 6:5,晴,2.0,1.0,,西,0.09,1:0.08 / 2:0.01 / 3:0.27 / 4:-0.10 / 5:-0.02 / 6:-0.22,1:B1 / B1 / B1 / B1 / 2:B1 / B1 / B1 / B1 / 3:A2 / A2 / B1 / A2 / 4:B1 / B1 / A2 / A2 / 5:A1 / A1 / A1 / A1 / 6:B2 / A2 / B1 / B1,1:齋藤和政 / 2:西村 勝 / 3:原 豊土 / 4:富山弘幸 / 5:河合佑樹 / 6:籾山佳岳,1:-勝率|+当地|-モータ|-ST / 2:-勝率|+当地|-モータ|-ST / 3:-勝率|+当地|-モータ|-ST|-近況|+級別 / 4:-勝率|+当地|-モータ|-ST|-近況 / 5:+勝率|+当地|-モータ|+級別 / 6:-モータ|-級別,1:-勝率|+当地|-モータ|-ST / 2:-勝率|+当地|-モータ|-ST / 3:-勝率|+当地|-モータ|-ST|-近況|+級別 / 4:-勝率|+当地|-モータ|-ST|-近況 / 5:+勝率|+当地|-モータ|+級別 / 6:-モータ|-級別,5-4-6,10630,,,,,,,https://boatrace.jp/owpc/pc/race/resultlist?hd=20260425&jcd=08,2026-04-25 17:03:53 JST,,,100,,,,3連単,2,,4.58,base素材○,base素材○ / 地力上位 / 当地巧者 / 級別傾向強い,2026-04-25 03:59:01 JST,,0
2026-04-25,11:49,児島,3R,3,official_all,★★★★★,5-2-6 / 5-6-2 / 5-2-4 / 5-6-4 / 5-4-2 / 5-4-6,5.78,AI★★★★★,5-6-4 / 5-6-2 / 5-6-3 / 5-6-1 / 5-4-6 / 5-4-2,base土台○ / 当地巧者 / 級別傾向強い / インやや強め,5.91,AI★★★★★,1-4-3 / 3-4-2 / 4-2-3 / 2-4-3 / 5-4-2 / 5-6-4,買い,"朝:base土台○ / 当地巧者 / 級別傾向強い / インやや強め / base土台をやや保持 / 直前:展示差あり / 展示タイム差を確認 / 進入:1-4-2-3-5-6 / 足:足差あり / 足:ST気配あり / 足:進入変化 / 部品交換:5,6 / 4前づけ / 足:3号艇足色良さげ / 整備:チルト:1:-0.5,2:-0.5,3:0,4:-0.5,5:0,6:0 / 部品交換:5:ピストン,リング,ピストンリング,6:ピストン,リング,ピストンリング,シリンダ,ギヤケース,電気,電気一式,キャブ,キャブレタ,シャフト,クランク / 進入変化ありで少し動かす / 隊形:3攻め注意 / 進入:1-4-2-3-5-6",2026-04-25 16:16:30 JST,"[""6.75"", ""6.71"", ""6.68"", ""6.79"", ""6.83"", ""6.89""]",1:3 / 2:2 / 3:1 / 4:4 / 5:5 / 6:6,晴,3.0,3.0,,,0.0,1:-0.12 / 2:0.02 / 3:0.31 / 4:0.10 / 5:-0.26 / 6:-0.39,1:B1 / B1 / B2 / B2 / 2:B1 / B1 / B1 / B1 / 3:B1 / B1 / B2 / B2 / 4:B1 / B1 / B2 / B1 / 5:A2 / A1 / A1 / A2 / 6:B1 / B1 / B1 / B1,1:吉田一心 / 2:山田和佐 / 3:網代良芽 / 4:清水紀克 / 5:河野 大 / 6:井川大作,1:-勝率|+当地|-モータ|-ST|-級別 / 2:-勝率|+当地|-モータ|-ST / 3:-勝率|+当地|-モータ|-ST|-近況|-級別 / 4:-勝率|+当地|-モータ|-ST|-近況|-級別 / 5:+当地|-モータ|+級別 / 6:-モータ,1:-勝率|+当地|-モータ|-ST|-級別 / 2:-勝率|+当地|-モータ|-ST / 3:-勝率|+当地|-モータ|-ST|-近況|-級別 / 4:-勝率|+当地|-モータ|-ST|-近況|-級別 / 5:+当地|-モータ|+級別 / 6:-モータ,1-5-6,4040,,,,,,,https://boatrace.jp/owpc/pc/race/resultlist?hd=20260425&jcd=16,2026-04-25 17:03:53 JST,,,100,,,,3連単,3,,1.89,base素材保留,base素材保留 / 当地巧者 / 級別傾向強い,2026-04-25 03:59:01 JST,,0
2026-04-25,11:51,唐津,8R,8,official_all,★★★★☆,6-5-1 / 6-1-5 / 6-5-2 / 6-1-2 / 6-2-5 / 6-2-1,10.59,AI★★★★★,6-5-4 / 6-5-3 / 6-5-1 / 6-5-2 / 6-4-5 / 6-4-3,base保留 / 地力上位 / 級別傾向強い / 攻めやや注意,10.7,AI★★★★★,1-6-5 / 6-5-3 / 3-6-5 / 4-6-5 / 2-6-5 / 6-5-4,見送り寄り,"朝:base保留 / 地力上位 / 級別傾向強い / 攻めやや注意 / base保留で買い上げ慎重 / 直前:展示差ややあり / 展示タイム差を確認 / 進入:1-3-6-4-5-2 / 前づけで波乱含み / 足:足差ややあり / 展示F:1,2,4注意 / 足:進入変化 / チルト高:2:1.5 / 部品交換:2 / 整備:チルト:1:0,2:1.5,3:-0.5,4:0,5:0,6:0 / 部品交換:2:電気 / 進入変化ありで少し動かす / 隊形:6一撃注意 / 3攻め注意 / 進入:1-3-6-4-5-2",2026-04-25 16:16:30 JST,"[""6.79"", ""6.68"", ""6.74"", ""6.75"", ""6.67"", ""6.74""]",1:6 / 2:2 / 3:3 / 4:5 / 5:1 / 6:3,晴,4.0,4.0,,,0.0,1:-0.18 / 2:-0.09 / 3:0.07 / 4:-0.07 / 5:0.05 / 6:0.30,1:B1 / A2 / B1 / B1 / 2:B1 / B1 / B1 / B1 / 3:B1 / B1 / B1 / B1 / 4:B1 / B1 / B1 / B1 / 5:B1 / B1 / B1 / B1 / 6:A1 / A1 / A1 / A1,1:後藤陽介 / 2:重富伸也 / 3:佐竹友樹 / 4:田中宏典 / 5:森清友翔 / 6:白水勝也,1:-勝率|+当地|-モータ|-ST / 2:-勝率|+当地|-モータ|-ST / 3:-勝率|+当地|-モータ|-ST|-近況 / 4:-勝率|+当地|-モータ|-ST|-近況 / 5:+当地|-モータ / 6:+勝率|-モータ|+級別,1:-勝率|+当地|-モータ|-ST / 2:-勝率|+当地|-モータ|-ST / 3:-勝率|+当地|-モータ|-ST|-近況 / 4:-勝率|+当地|-モータ|-ST|-近況 / 5:+当地|-モータ / 6:+勝率|-モータ|+級別,4-6-1,5450,,,,,,,https://boatrace.jp/owpc/pc/race/resultlist?hd=20260425&jcd=23,2026-04-25 17:03:53 JST,,,100,,,,3連単,3,,4.57,base素材○,base素材○ / 地力上位 / 級別傾向強い,2026-04-25 03:59:01 JST,,0
2026-04-25,11:53,平和島,3R,3,official_all,★★★★★,2-4-6 / 2-6-4 / 2-4-1 / 2-6-1 / 2-1-4 / 2-1-6,8.32,AI★★★★★,6-2-4 / 6-2-1 / 6-2-3 / 6-2-5 / 6-4-2 / 6-4-1,base保留 / 地力上位 / 級別傾向強い / 攻めやや注意,8.39,AI★★★★★,1-6-4 / 4-6-2 / 6-2-4 / 2-6-4 / 3-6-4 / 6-4-2,様子見,"朝:base保留 / 地力上位 / 級別傾向強い / 攻めやや注意 / base保留で買い上げ慎重 / 直前:展示差あり / 展示タイム差を確認 / 進入:1-2-3-4-6-5 / 前づけで波乱含み / 気象安定 / 風向北 / 足:足差ややあり / 展示F:1,4,6注意 / 足:進入変化 / 部品交換:5,6 / 整備:チルト:1:-0.5,2:-0.5,3:0,4:-0.5,5:-0.5,6:0 / 部品交換:5:ピストン,リング,6:ピストン,リング,ピストンリング,シリンダ,ギヤケース,電気,電気一式,キャブ,キャブレタ,シャフト,クランク / 進入変化ありで少し動かす / 朝評価をやや優先 / 隊形:4攻め注意 / 6一撃注意 / 進入:1-2-3-4-6-5 / 開催:2日目でやや本命寄り",2026-04-25 16:16:30 JST,"[""6.85"", ""6.75"", ""6.77"", ""6.68"", ""6.81"", ""6.72""]",1:6 / 2:3 / 3:4 / 4:1 / 5:5 / 6:2,曇,2.0,3.0,,北,0.04,1:-0.18 / 2:-0.04 / 3:-0.10 / 4:0.16 / 5:-0.13 / 6:0.12,1:B1 / A2 / A2 / A1 / 2:A1 / A1 / A1 / A1 / 3:B1 / B1 / B1 / B1 / 4:A2 / A2 / A2 / A2 / 5:B2 / B2 / 6:A1 / A1 / A1 / A1,1:川北浩貴 / 2:市橋卓士 / 3:嶋田有里 / 4:金子 萌 / 5:真田聖也 / 6:井上一輝,1:-勝率|+当地|-モータ|-ST|+級別 / 2:-勝率|+当地|-モータ|+級別 / 3:-勝率|+当地|-モータ|-ST|-近況 / 4:-勝率|+当地|-モータ|-近況|+級別 / 5:+当地|-モータ|-級別 / 6:+勝率|-モータ|+級別,1:-勝率|+当地|-モータ|-ST|+級別 / 2:-勝率|+当地|-モータ|+級別 / 3:-勝率|+当地|-モータ|-ST|-近況 / 4:-勝率|+当地|-モータ|-近況|+級別 / 5:+当地|-モータ|-級別 / 6:+勝率|-モータ|+級別,4-6-1,1250,,,,,,,https://boatrace.jp/owpc/pc/race/resultlist?hd=20260425&jcd=04,2026-04-25 17:03:53 JST,,,100,,,,3連単,2,,6.71,base素材○,base素材○ / 地力上位 / 級別傾向強い,2026-04-25 03:59:01 JST,,0
2026-04-25,11:55,津,4R,4,official_all,★☆☆☆☆,4-6-3 / 4-3-6 / 4-6-2 / 4-3-2 / 4-2-6 / 4-2-3,5.8,AI★★★★★,3-4-6 / 3-4-5 / 3-4-2 / 3-4-1 / 3-6-4 / 3-6-5,base土台◎ / 当地巧者 / 級別傾向強い / 中枠攻め候補 / インやや強め,5.9,AI★★★★★,1-4-3 / 4-1-3 / 3-4-6 / 2-4-3 / 3-4-2 / 3-4-1,様子見,"公式低評価AI検証 / 朝:base土台◎ / 当地巧者 / 級別傾向強い / 中枠攻め候補 / インやや強め / base土台を強めに保持 / 直前:展示差ややあり / 展示タイム差を確認 / 気象安定 / 足:足差ややあり / 展示F:6注意 / 足:ST気配あり / 部品交換:6 / 足:4号艇足色良さげ / 整備:チルト:1:-0.5,2:0,3:0,4:-0.5,5:-0.5,6:0 / 部品交換:6:ギヤ / 直前差小で朝寄り / 朝評価をやや優先 / 隊形:4攻め注意 / 1逃げ本線 / 開催:2日目でやや本命寄り",2026-04-25 16:16:30 JST,"[""6.85"", ""6.82"", ""6.76"", ""6.81"", ""6.89"", ""6.82""]",1:5 / 2:3 / 3:1 / 4:2 / 5:6 / 6:3,曇,1.0,1.0,,,0.1,1:0.07 / 2:-0.16 / 3:0.18 / 4:0.17 / 5:-0.30 / 6:-0.13,1:B1 / B1 / B1 / B1 / 2:A2 / B2 / B1 / B1 / 3:A1 / A1 / A1 / A1 / 4:A1 / A1 / A2 / A2 / 5:B1 / B1 / B1 / B1 / 6:A2 / B1 / A2 / B1,1:崎 利仁 / 2:加藤高史 / 3:尾上雅也 / 4:池田雄一 / 5:宮内由紀 / 6:塚越海斗,1:-勝率|+当地|-モータ|-ST / 2:-勝率|+当地|-モータ|-ST|+級別 / 3:-勝率|+当地|-モータ|-近況|+級別 / 4:-勝率|+当地|-モータ|-近況|+級別 / 5:+当地|-モータ / 6:-モータ|+級別,1:-勝率|+当地|-モータ|-ST / 2:-勝率|+当地|-モータ|-ST|+級別 / 3:-勝率|+当地|-モータ|-近況|+級別 / 4:-勝率|+当地|-モータ|-近況|+級別 / 5:+当地|-モータ / 6:-モータ|+級別,2-4-6,14820,,,,,,,https://boatrace.jp/owpc/pc/race/resultlist?hd=20260425&jcd=09,2026-04-25 17:03:53 JST,,,100,,,,3連単,2,,4.86,base素材○,base素材○ / 当地巧者 / 級別傾向強い / 中枠攻め候補,2026-04-25 03:59:01 JST,,0
2026-04-25,11:55,鳴門,8R,8,official_all,★★☆☆☆,2-4-3 / 2-3-4 / 2-4-1 / 2-3-1 / 2-1-4 / 2-1-3,1.12,AI★★★☆☆,2-4-3 / 2-4-6 / 2-4-5 / 2-4-1 / 2-3-4 / 2-3-6,base保留 / 当地巧者 / 級別傾向強い / インやや強め,1.25,AI★★☆☆☆,1-2-6 / 2-4-1 / 2-4-6 / 4-2-1 / 6-2-1 / 1-2-5,様子見,"公式低評価AI検証 / 朝:base保留 / 当地巧者 / 級別傾向強い / インやや強め / base保留で買い上げ慎重 / 直前:展示差あり / 展示タイム差を確認 / 気象安定 / 足:足差ややあり / 展示F:1,3,4,5注意 / 部品交換:2,3,4,6 / 足:2号艇足色良さげ / 整備:チルト:1:0,2:0,3:0,4:0,5:-0.5,6:-0.5 / 部品交換:2:ピストン,リング,ピストンリング,シリンダ,キャリア,キャリアボデー,ギヤケース,電気,電気一式,キャブ,キャブレタ,シャフト,クランク,3:ピストン,リング,ピストンリング,4:ピストン,6:ピストン,リング,ピストンリング,シリンダ,電気,電気一式,キャブ,キャブレタ / 直前差小で朝寄り / 隊形:2差し注意 / 1逃げ本線 / 開催:2日目でやや本命寄り",2026-04-25 16:16:30 JST,"[""6.76"", ""6.66"", ""6.81"", ""6.79"", ""6.80"", ""6.76""]",1:2 / 2:1 / 3:6 / 4:4 / 5:5 / 6:2,晴,1.0,1.0,,,0.1,1:0.07 / 2:0.33 / 3:-0.30 / 4:-0.17 / 5:-0.19 / 6:-0.17,1:B1 / B1 / A2 / B1 / 2:A2 / A2 / A1 / A2 / 3:B1 / B1 / A2 / A2 / 4:B1 / B1 / B1 / A2 / 5:B2 / B1 / B1 / B1 / 6:B2 / B1 / B1 / B1,1:中井俊祐 / 2:黒柳浩孝 / 3:一柳和孝 / 4:寳田亮治 / 5:星野政彦 / 6:上瀧絢也,1:-勝率|+当地|-モータ|-ST / 2:-勝率|+当地|-モータ|-ST|+級別 / 3:-勝率|+当地|-モータ|-ST|-近況 / 4:-勝率|+当地|-モータ|-ST|-近況 / 5:+当地|-モータ|-級別 / 6:-モータ|-級別,1:-勝率|+当地|-モータ|-ST / 2:-勝率|+当地|-モータ|-ST|+級別 / 3:-勝率|+当地|-モータ|-ST|-近況 / 4:-勝率|+当地|-モータ|-ST|-近況 / 5:+当地|-モータ|-級別 / 6:-モータ|-級別,1-2-3,640,,,,,,,https://boatrace.jp/owpc/pc/race/resultlist?hd=20260425&jcd=14,2026-04-25 17:03:53 JST,,,100,,,,3連単,2,,-1.07,base素材危険,base素材危険 / 当地巧者 / 級別傾向強い,2026-04-25 03:59:01 JST,,0
2026-04-25,11:58,浜名湖,2R,2,official_all,★☆☆☆☆,1-2-4 / 1-4-2 / 1-2-5 / 1-4-5 / 1-5-2 / 1-5-4,2.68,AI★★★★★,4-2-5 / 4-2-1 / 4-2-6 / 4-2-3 / 4-5-2 / 4-5-1,base土台○ / 当地巧者 / 級別傾向強い / 中枠攻め候補 / 差しやや警戒,2.73,AI★★★☆☆,1-2-6 / 2-3-1 / 1-2-3 / 3-2-1 / 4-2-1 / 4-2-5,買い,"公式低評価AI検証 / 朝:base土台○ / 当地巧者 / 級別傾向強い / 中枠攻め候補 / 差しやや警戒 / base土台をやや保持 / 直前:気象安定 / 風向東 / 足:ST気配あり / 部品交換:5,6 / 整備:チルト:1:-0.5,2:0,3:0,4:-0.5,5:-0.5,6:-0.5 / 部品交換:5:ピストン,リング,ピストンリング,6:ピストン,リング,ピストンリング,シリンダ,ギヤケース,電気,電気一式,キャブ,キャブレタ,シャフト,クランク / 直前差小で朝寄り / 朝評価をやや優先 / 隊形:1逃げ本線 / 2差し注意 / 開催:2日目でやや本命寄り",2026-04-25 16:16:30 JST,"[""6.64"", ""6.64"", ""6.60"", ""6.66"", ""6.66"", ""6.59""]",1:3 / 2:3 / 3:2 / 4:5 / 5:5 / 6:1,曇,3.0,1.0,,東,0.05,1:0.07 / 2:0.05 / 3:0.03 / 4:-0.06 / 5:-0.10 / 6:-0.10,1:B1 / A1 / A2 / A2 / 2:A2 / A2 / A2 / A2 / 3:B1 / B1 / B2 / B1 / 4:A2 / A2 / A1 / A2 / 5:B1 / B1 / B1 / B1 / 6:B1 / B1 / B2 / B2,1:平見真彦 / 2:亀山雅幸 / 3:渡辺空依 / 4:馬野 耀 / 5:伊倉 光 / 6:樋江井舞,1:-勝率|+当地|-モータ|-ST|+級別 / 2:-勝率|+当地|-モータ|-ST|+級別 / 3:-勝率|+当地|-モータ|-ST|-近況|-級別 / 4:-勝率|+当地|-モータ|-近況|+級別 / 5:+当地|-モータ / 6:-モータ|-級別,1:-勝率|+当地|-モータ|-ST|+級別 / 2:-勝率|+当地|-モータ|-ST|+級別 / 3:-勝率|+当地|-モータ|-ST|-近況|-級別 / 4:-勝率|+当地|-モータ|-近況|+級別 / 5:+当地|-モータ / 6:-モータ|-級別,1-2-3,810,,,,,,,https://boatrace.jp/owpc/pc/race/resultlist?hd=20260425&jcd=06,2026-04-25 17:03:53 JST,,,100,,,,3連単,2,,0.64,base素材危険,base素材危険 / 当地巧者 / 級別傾向強い / 中枠攻め候補,2026-04-25 03:59:01 JST,,0
2026-04-25,12:02,尼崎,4R,4,official_all,★★★☆☆,2-4-5 / 2-5-4 / 2-4-1 / 2-5-1 / 2-1-4 / 2-1-5,6.91,AI★★★★★,4-2-6 / 4-2-5 / 4-2-3 / 4-2-1 / 4-6-2 / 4-6-5,base土台○ / 地力上位 / 当地巧者 / 級別傾向強い / 中枠攻め候補 / 差しやや警戒,6.99,AI★★★★★,1-2-6 / 2-1-6 / 4-2-6 / 3-2-6 / 1-2-3 / 4-2-1,買い,"公式低評価AI検証 / 朝:base土台○ / 地力上位 / 当地巧者 / 級別傾向強い / 中枠攻め候補 / 差しやや警戒 / base土台をやや保持 / 直前:気象安定 / 足:ST気配あり / 部品交換:5,6 / 足:2号艇足色良さげ / 整備:チルト:1:-0.5,2:0,3:-0.5,4:-0.5,5:0,6:-0.5 / 部品交換:5:ピストン,リング,ピストンリング,6:ピストン,リング,ピストンリング,シリンダ,ギヤケース,電気,電気一式,キャブ,キャブレタ,シャフト,クランク / 直前差小で朝寄り / 朝評価をやや優先 / 隊形:2差し注意 / 1逃げ本線 / 開催:2日目でやや本命寄り",2026-04-25 16:16:30 JST,"[""6.89"", ""6.83"", ""6.88"", ""6.82"", ""6.82"", ""6.79""]",1:6 / 2:4 / 3:5 / 4:2 / 5:2 / 6:1,晴,2.0,0.0,,,0.09,1:0.04 / 2:0.15 / 3:-0.05 / 4:-0.02 / 5:-0.15 / 6:0.03,1:B1 / B1 / B1 / B1 / 2:A1 / A1 / A1 / A2 / 3:B1 / B1 / B1 / B1 / 4:A1 / A1 / A1 / A1 / 5:B1 / B1 / B1 / B1 / 6:B1 / B1 / B1 / B1,1:永井亮次 / 2:高橋竜矢 / 3:中村守成 / 4:細川裕子 / 5:渡邊伸太 / 6:渡 修平,1:-勝率|+当地|-モータ|-ST / 2:-勝率|+当地|-モータ|+級別 / 3:-勝率|+当地|-モータ|-ST|-近況 / 4:+勝率|+当地|-モータ|-近況|+級別 / 5:+当地|-モータ / 6:-モータ,1:-勝率|+当地|-モータ|-ST / 2:-勝率|+当地|-モータ|+級別 / 3:-勝率|+当地|-モータ|-ST|-近況 / 4:+勝率|+当地|-モータ|-近況|+級別 / 5:+当地|-モータ / 6:-モータ,2-1-4,640,,,,,,,https://boatrace.jp/owpc/pc/race/resultlist?hd=20260425&jcd=13,2026-04-25 17:03:53 JST,,,100,,,,3連単,2,,5.29,base素材○,base素材○ / 地力上位 / 当地巧者 / 級別傾向強い / 中枠攻め候補,2026-04-25 03:59:01 JST,,0
2026-04-25,12:06,芦屋,8R,8,official_all,★★★☆☆,6-3-1 / 6-1-3 / 6-3-4 / 6-1-4 / 6-4-3 / 6-4-1,9.72,AI★★★★★,6-5-3 / 6-5-4 / 6-5-2 / 6-5-1 / 6-3-5 / 6-3-4,base土台○ / 地力上位 / 級別傾向強い / インやや強め,9.74,AI★★★★★,1-6-3 / 6-3-4 / 6-5-3 / 3-6-4 / 6-2-3 / 1-6-4,様子見,"公式低評価AI検証 / 朝:base土台○ / 地力上位 / 級別傾向強い / インやや強め / base土台をやや保持 / 直前:進入:1-2-3-4-6-5 / 前づけで波乱含み / 気象荒れ気味 / 波高6cm / 足:ST気配あり / 足:進入変化 / 部品交換:5,6 / 6前づけ / 足:6号艇足色良さげ / 整備:チルト:1:0,2:0,3:0,4:0,5:0,6:0 / 部品交換:5:ピストン,リング,ピストンリング,6:ピストン,リング,ピストンリング,シリンダ,ギヤケース,電気,電気一式,キャブ,キャブレタ,シャフト,クランク / 直前差小で朝寄り / 朝評価をやや優先 / 隊形:6一撃注意 / 1逃げ本線 / 進入:1-2-3-4-6-5 / 開催:2日目でやや本命寄り",2026-04-25 16:16:30 JST,"[""6.64"", ""6.66"", ""6.64"", ""6.67"", ""6.66"", ""6.63""]",1:2 / 2:4 / 3:2 / 4:6 / 5:4 / 6:1,晴,6.0,6.0,,,-0.2,1:-0.08 / 2:0.00 / 3:0.06 / 4:0.05 / 5:-0.19 / 6:0.31,1:B1 / B1 / B1 / B1 / 2:B1 / B1 / B1 / B1 / 3:A2 / B1 / B1 / B1 / 4:B1 / B1 / B1 / B1 / 5:A2 / A2 / B1 / B1 / 6:A1 / A1 / A1 / A1,1:田中宏樹 / 2:橋本英一 / 3:安河内鈴 / 4:川添英正 / 5:浦野 海 / 6:篠崎仁志,1:-勝率|+当地|-モータ|-ST / 2:-勝率|+当地|-モータ|-ST / 3:-勝率|+当地|-モータ|-ST|-近況|+級別 / 4:-勝率|+当地|-モータ|-ST|-近況 / 5:+当地|-モータ|+級別 / 6:+勝率|-モータ|+級別,1:-勝率|+当地|-モータ|-ST / 2:-勝率|+当地|-モータ|-ST / 3:-勝率|+当地|-モータ|-ST|-近況|+級別 / 4:-勝率|+当地|-モータ|-ST|-近況 / 5:+当地|-モータ|+級別 / 6:+勝率|-モータ|+級別,1-3-6,720,,,,,,,https://boatrace.jp/owpc/pc/race/resultlist?hd=20260425&jcd=21,2026-04-25 17:03:53 JST,,,100,,,,3連単,2,,5.19,base素材○,base素材○ / 地力上位 / 級別傾向強い,2026-04-25 03:59:01 JST,,0
2026-04-25,12:11,宮島,4R,4,official_all,★☆☆☆☆,1-5-3 / 1-3-5 / 1-5-4 / 1-3-4 / 1-4-5 / 1-4-3,5.86,AI★★★★★,6-5-4 / 6-5-3 / 6-5-1 / 6-5-2 / 6-4-5 / 6-4-3,base保留 / 地力上位 / 級別傾向強い,5.91,AI★★★★★,1-2-3 / 2-1-3 / 3-2-1 / 6-5-2 / 6-5-3 / 6-5-4,買い,"公式低評価AI検証 / 朝:base保留 / 地力上位 / 級別傾向強い / base保留で買い上げ慎重 / 直前:気象安定 / 足:ST気配あり / 部品交換:5,6 / ピット:1:+回り足 / 2:+回り足 / 3:+伸び|+回り足 / 足:2号艇足色良さげ / 整備:チルト:1:-0.5,2:-0.5,3:-0.5,4:0,5:0,6:-0.5 / 部品交換:5:ピストン,リング,ピストンリング,6:ピストン,リング,ピストンリング,シリンダ,ギヤケース,電気,電気一式,キャブ,キャブレタ,シャフト,クランク / ピット:1:+回り足 / 2:+回り足 / 3:+伸び|+回り足 / 直前差小で朝寄り / 朝評価をやや優先 / 隊形:2差し注意 / 3攻め注意",2026-04-25 16:16:30 JST,"[""6.72"", ""6.68"", ""6.67"", ""6.72"", ""6.72"", ""6.73""]",1:3 / 2:2 / 3:1 / 4:3 / 5:3 / 6:6,晴,2.0,2.0,,,0.08,1:0.10 / 2:0.22 / 3:0.13 / 4:-0.02 / 5:-0.01 / 6:-0.21,1:A1 / A1 / A1 / A1 / 2:A1 / A1 / A1 / A2 / 3:A1 / A1 / A1 / A1 / 4:A1 / A1 / A1 / A1 / 5:A1 / A1 / A1 / A1 / 6:A1 / A1 / A1 / A1,1:萩原秀人 / 2:仲口博崇 / 3:柴田 光 / 4:松井 繁 / 5:寺田 祥 / 6:中島孝平,1:-勝率|+当地|-モータ|+級別 / 2:-勝率|+当地|-モータ|+級別 / 3:-勝率|+当地|-モータ|-近況|+級別 / 4:+勝率|+当地|-モータ|-近況|+級別 / 5:+勝率|+当地|-モータ|+級別 / 6:+勝率|-モータ|+級別,1:-勝率|+当地|-モータ|+級別 / 2:-勝率|+当地|-モータ|+級別 / 3:-勝率|+当地|-モータ|-近況|+級別 / 4:+勝率|+当地|-モータ|-近況|+級別 / 5:+勝率|+当地|-モータ|+級別 / 6:+勝率|-モータ|+級別,1-2-5,2030,,,,,,,https://boatrace.jp/owpc/pc/race/resultlist?hd=20260425&jcd=17,2026-04-25 17:03:53 JST,,,100,,,,3連単,5,,8.11,base素材○,base素材○ / 地力上位 / 級別傾向強い,2026-04-25 03:59:01 JST,,0
2026-04-25,12:17,常滑,5R,5,official_all,★☆☆☆☆,1-4-3 / 1-3-4 / 1-4-2 / 1-3-2 / 1-2-4 / 1-2-3,8.88,AI★★★★★,4-1-6 / 4-1-3 / 4-1-2 / 4-1-5 / 4-6-1 / 4-6-3,base土台○ / 地力上位 / 当地巧者 / 級別傾向強い / 中枠攻め候補 / 差しやや警戒,8.95,AI★★★★★,1-3-4 / 4-1-3 / 4-1-6 / 3-4-1 / 2-3-4 / 4-1-2,様子見,"公式低評価AI検証 / 朝:base土台○ / 地力上位 / 当地巧者 / 級別傾向強い / 中枠攻め候補 / 差しやや警戒 / base土台をやや保持 / 直前:気象安定 / 展示F:6注意 / 足:ST気配あり / 部品交換:5,6 / 足:4号艇足色良さげ / 整備:チルト:1:0,2:-0.5,3:0,4:0,5:0,6:0 / 部品交換:5:ピストン,リング,ピストンリング,6:ピストン,リング,ピストンリング,シリンダ,ギヤケース,電気,電気一式,キャブ,キャブレタ,シャフト,クランク / 直前差小で朝寄り / 朝評価をやや優先 / 隊形:4攻め注意 / 1逃げ本線 / 開催:2日目でやや本命寄り",2026-04-25 16:16:30 JST,"[""6.76"", ""6.71"", ""6.71"", ""6.74"", ""6.74"", ""6.75""]",1:6 / 2:1 / 3:1 / 4:3 / 5:3 / 6:5,晴,2.0,1.0,,,0.09,1:0.07 / 2:-0.03 / 3:0.10 / 4:0.13 / 5:-0.04 / 6:-0.06,1:A2 / A2 / A1 / A2 / 2:B1 / B1 / B1 / B1 / 3:B1 / B1 / B1 / B1 / 4:A1 / A1 / A1 / A1 / 5:B2 / B2 / B2 / B2 / 6:B1 / B1 / B1 / B1,1:小林 泰 / 2:佐口達也 / 3:福田翔吾 / 4:上田龍星 / 5:金子怜央 / 6:中村将隆,1:-勝率|+当地|-モータ|-ST|+級別 / 2:-勝率|+当地|-モータ|-ST / 3:-勝率|+当地|-モータ|-ST|-近況 / 4:+勝率|+当地|-モータ|-近況|+級別 / 5:+当地|-モータ|-級別 / 6:-モータ,1:-勝率|+当地|-モータ|-ST|+級別 / 2:-勝率|+当地|-モータ|-ST / 3:-勝率|+当地|-モータ|-ST|-近況 / 4:+勝率|+当地|-モータ|-近況|+級別 / 5:+当地|-モータ|-級別 / 6:-モータ,1-2-4,1090,,,,,,,https://boatrace.jp/owpc/pc/race/resultlist?hd=20260425&jcd=08,2026-04-25 17:03:53 JST,,,100,,,,3連単,2,,4.02,base素材○,base素材○ / 地力上位 / 当地巧者 / 級別傾向強い / 中枠攻め候補,2026-04-25 03:59:01 JST,,0
2026-04-25,12:19,児島,4R,4,official_all,★☆☆☆☆,2-3-6 / 2-6-3 / 2-3-4 / 2-6-4 / 2-4-3 / 2-4-6,-0.09,AI★☆☆☆☆,2-3-4 / 2-3-6 / 2-3-5 / 2-3-1 / 2-4-3 / 2-4-6,base保留 / 当地巧者 / 級別傾向強い,-0.05,AI★☆☆☆☆,2-3-4 / 4-2-6 / 2-3-6 / 3-2-4 / 5-2-4 / 3-2-6,見送り寄り,"公式低評価AI検証 / 朝:base保留 / 当地巧者 / 級別傾向強い / base保留で買い上げ慎重 / 直前:展示差あり / 展示タイム差を確認 / 足:足差あり / 足:ST気配あり / 部品交換:5,6 / 足:3号艇足色良さげ / 整備:チルト:1:-0.5,2:-0.5,3:-0.5,4:0,5:-0.5,6:0 / 部品交換:5:ピストン,リング,ピストンリング,6:ピストン,リング,ピストンリング,シリンダ,ギヤケース,電気,電気一式,キャブ,キャブレタ,シャフト,クランク / 直前差中で少し動かす / 隊形:2差し注意",2026-04-25 16:16:30 JST,"[""6.86"", ""6.65"", ""6.82"", ""6.69"", ""6.80"", ""6.71""]",1:6 / 2:1 / 3:5 / 4:2 / 5:4 / 6:3,晴,3.0,3.0,,,0.0,1:-0.31 / 2:0.25 / 3:-0.05 / 4:0.09 / 5:-0.19 / 6:-0.02,1:B1 / B1 / B1 / B1 / 2:A2 / A2 / A2 / A2 / 3:A2 / B1 / A2 / A2 / 4:B1 / B1 / B1 / B1 / 5:B2 / B1 / B1 / B2 / 6:B2 / B1 / B1 / B1,1:成貞琳平 / 2:室田泰史 / 3:渡部 悟 / 4:原村拓也 / 5:一色颯輝 / 6:藤井公人,1:-勝率|+当地|-モータ|-ST / 2:-勝率|+当地|-モータ|-ST|+級別 / 3:-勝率|+当地|-モータ|-ST|-近況|+級別 / 4:-勝率|+当地|-モータ|-ST|-近況 / 5:+当地|-モータ|-級別 / 6:-モータ|-級別,1:-勝率|+当地|-モータ|-ST / 2:-勝率|+当地|-モータ|-ST|+級別 / 3:-勝率|+当地|-モータ|-ST|-近況|+級別 / 4:-勝率|+当地|-モータ|-ST|-近況 / 5:+当地|-モータ|-級別 / 6:-モータ|-級別,3-2-4,1450,,,,,,,https://boatrace.jp/owpc/pc/race/resultlist?hd=20260425&jcd=16,2026-04-25 17:03:53 JST,,,100,,,,3連単,3,,-1.15,base素材危険,base素材危険 / 当地巧者 / 級別傾向強い,2026-04-25 03:59:01 JST,,0
2026-04-25,12:22,平和島,4R,4,official_all,★★★★☆,2-1-3 / 2-3-1 / 2-1-5 / 2-3-5 / 2-5-1 / 2-5-3,2.16,AI★★★★☆,2-5-6 / 2-5-3 / 2-5-4 / 2-5-1 / 2-6-5 / 2-6-3,base土台○ / 当地巧者 / 級別傾向強い / 攻めやや注意,2.21,AI★★★☆☆,4-2-6 / 6-2-4 / 4-2-3 / 3-2-4 / 2-5-6 / 2-5-4,見送り寄り,"朝:base土台○ / 当地巧者 / 級別傾向強い / 攻めやや注意 / base土台をやや保持 / 直前:展示差ややあり / 展示タイム差を確認 / 足:足差ややあり / 展示F:5注意 / 足:ST気配あり / 部品交換:2,5 / 足:6号艇足色良さげ / 整備:チルト:1:-0.5,2:0,3:0,4:0,5:0,6:-0.5 / 部品交換:2:リング,5:リング / 直前差中で少し動かす / 隊形:4攻め注意 / 開催:2日目でやや本命寄り",2026-04-25 16:16:30 JST,"[""6.93"", ""6.85"", ""6.84"", ""6.81"", ""6.84"", ""6.88""]",1:6 / 2:4 / 3:2 / 4:1 / 5:2 / 6:5,晴,3.0,3.0,,,0.0,1:-0.24 / 2:0.01 / 3:0.05 / 4:0.15 / 5:-0.03 / 6:0.08,1:B1 / B1 / B1 / B1 / 2:A1 / A1 / B1 / A2 / 3:A2 / B1 / B1 / B1 / 4:B1 / B1 / B1 / B1 / 5:A2 / B1 / B1 / B1 / 6:B1 / B1 / B2 / B1,1:市川健太 / 2:高憧四季 / 3:古賀智之 / 4:石井孝之 / 5:浜本裕己 / 6:芝田京介,1:-勝率|+当地|-モータ|-ST / 2:-勝率|+当地|-モータ|+級別 / 3:-勝率|+当地|-モータ|-ST|-近況|+級別 / 4:-勝率|+当地|-モータ|-ST|-近況 / 5:+当地|-モータ|+級別 / 6:-モータ|-級別,1:-勝率|+当地|-モータ|-ST / 2:-勝率|+当地|-モータ|+級別 / 3:-勝率|+当地|-モータ|-ST|-近況|+級別 / 4:-勝率|+当地|-モータ|-ST|-近況 / 5:+当地|-モータ|+級別 / 6:-モータ|-級別,2-5-4,2310,,,,,,,https://boatrace.jp/owpc/pc/race/resultlist?hd=20260425&jcd=04,2026-04-25 17:03:53 JST,,,100,,,,3連単,2,,0.79,base素材危険,base素材危険 / 当地巧者 / 級別傾向強い,2026-04-25 03:59:01 JST,,0
2026-04-25,12:23,唐津,9R,9,official_all,★★★★★,6-3-4 / 6-4-3 / 6-3-5 / 6-4-5 / 6-5-3 / 6-5-4,9.95,AI★★★★★,6-3-4 / 6-3-5 / 6-3-2 / 6-3-1 / 6-4-3 / 6-4-5,base保留 / 地力上位 / 級別傾向強い / 攻めやや注意,9.97,AI★★★★★,1-2-6 / 2-3-6 / 3-2-6 / 6-3-4 / 4-2-6 / 6-3-2,買い,"朝:base保留 / 地力上位 / 級別傾向強い / 攻めやや注意 / base保留で買い上げ慎重 / 直前:展示差ややあり / 展示タイム差を確認 / 進入:1-2-3-4-6-5 / 前づけで波乱含み / 展示F:1,2,3,4,6注意 / 足:進入変化 / 部品交換:2,6 / 6前づけ / 足:6前づけ注意 / 整備:チルト:1:-0.5,2:-0.5,3:-0.5,4:-0.5,5:0,6:-0.5 / 部品交換:2:ピストン,リング,ピストンリング,シリンダ,キャリア,キャリアボデー,ギヤケース,電気,電気一式,キャブ,キャブレタ,シャフト,クランク,6:ピストン,リング,ピストンリング,シリンダ,電気,電気一式,キャブ,キャブレタ / 直前差小で朝寄り / 朝評価をやや優先 / 隊形:2差し注意 / 進入:1-2-3-4-6-5",2026-04-25 16:16:30 JST,"[""6.82"", ""6.73"", ""6.76"", ""6.75"", ""6.85"", ""6.81""]",1:5 / 2:1 / 3:3 / 4:2 / 5:6 / 6:4,晴,4.0,4.0,,,0.0,1:-0.05 / 2:0.12 / 3:0.01 / 4:0.01 / 5:-0.33 / 6:0.01,1:B1 / B1 / B1 / B1 / 2:B1 / B1 / B1 / B1 / 3:A2 / A1 / A2 / A2 / 4:A2 / B1 / B1 / A2 / 5:B2 / B1 / B1 / B1 / 6:A1 / A1 / A1 / A1,1:前田健太 / 2:吉武真也 / 3:丹下 将 / 4:木下大將 / 5:相馬 翔 / 6:渡邉和将,1:-勝率|+当地|-モータ|-ST / 2:-勝率|+当地|-モータ|-ST / 3:-勝率|+当地|-モータ|-ST|-近況|+級別 / 4:-勝率|+当地|-モータ|-近況|+級別 / 5:+当地|-モータ|-級別 / 6:+勝率|-モータ|+級別,1:-勝率|+当地|-モータ|-ST / 2:-勝率|+当地|-モータ|-ST / 3:-勝率|+当地|-モータ|-ST|-近況|+級別 / 4:-勝率|+当地|-モータ|-近況|+級別 / 5:+当地|-モータ|-級別 / 6:+勝率|-モータ|+級別,1-3-4,1800,,,,,,,https://boatrace.jp/owpc/pc/race/resultlist?hd=20260425&jcd=23,2026-04-25 16:55:02 JST,,,100,,,,3連単,3,,5.38,base素材○,base素材○ / 地力上位 / 級別傾向強い,2026-04-25 03:59:01 JST,,0
2026-04-25,12:25,津,5R,5,official_all,★★★★☆,1-3-5 / 1-5-3 / 1-3-6 / 1-5-6 / 1-6-3 / 1-6-5,6.32,AI★★★★★,3-1-6 / 3-1-5 / 3-1-4 / 3-1-2 / 3-6-1 / 3-6-5,base土台◎ / 当地巧者 / 級別傾向強い / 中枠攻め候補 / インやや強め,6.4,AI★★★★★,1-2-3 / 3-1-5 / 3-1-4 / 4-2-3 / 2-3-4 / 3-1-2,様子見,"朝:base土台◎ / 当地巧者 / 級別傾向強い / 中枠攻め候補 / インやや強め / base土台を強めに保持 / 直前:展示差ややあり / 展示タイム差を確認 / 気象安定 / 展示F:6注意 / 部品交換:3 / 足:3号艇足色良さげ / 整備:チルト:1:-0.5,2:-0.5,3:-0.5,4:0,5:-0.5,6:-0.5 / 部品交換:3:リング / 直前差小で朝寄り / 朝評価をやや優先 / 隊形:3攻め注意 / 1逃げ本線 / 開催:2日目でやや本命寄り",2026-04-25 16:16:30 JST,"[""6.90"", ""6.86"", ""6.88"", ""6.85"", ""6.86"", ""6.96""]",1:5 / 2:2 / 3:4 / 4:1 / 5:2 / 6:6,曇,1.0,1.0,,,0.1,1:0.03 / 2:0.04 / 3:0.11 / 4:0.09 / 5:-0.01 / 6:-0.29,1:A1 / A1 / A2 / A2 / 2:B2 / B1 / A2 / B1 / 3:A1 / A1 / A1 / A1 / 4:B1 / B1 / B1 / B1 / 5:B1 / B1 / B1 / B1 / 6:B1 / B1 / B1 / B1,1:大澤普司 / 2:中澤宏奈 / 3:濱崎直矢 / 4:谷口健一 / 5:鋤柄貴俊 / 6:遠藤圭吾,1:-勝率|+当地|-モータ|+級別 / 2:-勝率|+当地|-モータ|-ST|-級別 / 3:-勝率|+当地|-モータ|-近況|+級別 / 4:-勝率|+当地|-モータ|-ST|-近況 / 5:+当地|-モータ / 6:-モータ,1:-勝率|+当地|-モータ|+級別 / 2:-勝率|+当地|-モータ|-ST|-級別 / 3:-勝率|+当地|-モータ|-近況|+級別 / 4:-勝率|+当地|-モータ|-ST|-近況 / 5:+当地|-モータ / 6:-モータ,3-1-4,3420,,,,,,,https://boatrace.jp/owpc/pc/race/resultlist?hd=20260425&jcd=09,2026-04-25 16:55:02 JST,,,100,,,,3連単,2,,3.98,base素材○,base素材○ / 当地巧者 / 級別傾向強い / 中枠攻め候補,2026-04-25 03:59:01 JST,,0
2026-04-25,12:28,尼崎,5R,5,official_all,★★☆☆☆,2-6-4 / 2-4-6 / 2-6-1 / 2-4-1 / 2-1-6 / 2-1-4,10.01,AI★★★★★,6-4-2 / 6-4-5 / 6-4-3 / 6-4-1 / 6-2-4 / 6-2-5,base保留 / 地力上位 / 級別傾向強い / 差しやや警戒,10.07,AI★★★★★,1-2-5 / 3-2-1 / 1-2-3 / 2-1-5 / 6-2-5 / 6-4-2,買い,"公式低評価AI検証 / 朝:base保留 / 地力上位 / 級別傾向強い / 差しやや警戒 / base保留で買い上げ慎重 / 直前:展示差あり / 展示タイム差を確認 / 気象荒れ気味 / 足:足差ややあり / 足:ST気配あり / 部品交換:5,6 / 足:3号艇足色良さげ / 整備:チルト:1:0,2:0,3:0,4:0,5:-0.5,6:-0.5 / 部品交換:5:ピストン,リング,ピストンリング,6:ピストン,リング,ピストンリング,シリンダ,ギヤケース,電気,電気一式,キャブ,キャブレタ,シャフト,クランク / 直前差中で少し動かす / 朝評価をやや優先 / 隊形:1逃げ本線 / 3攻め注意 / 開催:2日目でやや本命寄り",2026-04-25 16:16:30 JST,"[""6.76"", ""6.80"", ""6.86"", ""6.93"", ""6.83"", ""6.83""]",1:1 / 2:2 / 3:5 / 4:6 / 5:3 / 6:3,晴,6.0,4.0,,,-0.1,1:0.18 / 2:0.05 / 3:0.04 / 4:-0.39 / 5:-0.05 / 6:-0.08,1:B1 / B1 / B1 / B1 / 2:A2 / A2 / A2 / A2 / 3:B1 / B1 / B1 / B1 / 4:B1 / A2 / A2 / A2 / 5:B1 / B1 / B1 / B2 / 6:A1 / A1 / A1 / A1,1:登みひ果 / 2:丸尾義孝 / 3:花本 剛 / 4:石田政吾 / 5:江藤敦宏 / 6:小山 勉,1:-勝率|+当地|-モータ|-ST / 2:-勝率|+当地|-モータ|-ST|+級別 / 3:-勝率|+当地|-モータ|-ST|-近況 / 4:-勝率|+当地|-モータ|-ST|-近況|+級別 / 5:+当地|-モータ|-級別 / 6:+勝率|-モータ|+級別,1:-勝率|+当地|-モータ|-ST / 2:-勝率|+当地|-モータ|-ST|+級別 / 3:-勝率|+当地|-モータ|-ST|-近況 / 4:-勝率|+当地|-モータ|-ST|-近況|+級別 / 5:+当地|-モータ|-級別 / 6:+勝率|-モータ|+級別,2-1-3,1710,,,,,,,https://boatrace.jp/owpc/pc/race/resultlist?hd=20260425&jcd=13,2026-04-25 16:55:02 JST,,,100,,,,3連単,2,,5.0,base素材○,base素材○ / 地力上位 / 級別傾向強い,2026-04-25 03:59:01 JST,,0
2026-04-25,12:29,鳴門,9R,9,official_all,★★★★☆,6-4-5 / 6-5-4 / 6-4-2 / 6-5-2 / 6-2-4 / 6-2-5,1.08,AI★★★☆☆,5-6-4 / 5-6-3 / 5-6-2 / 5-6-1 / 5-4-6 / 5-4-3,base危険 / 当地巧者 / インやや強め,1.19,AI★★☆☆☆,1-3-6 / 1-6-3 / 1-6-2 / 3-1-6 / 5-6-1 / 5-6-4,様子見,"朝:base危険 / 当地巧者 / インやや強め / base危険で買い上げ抑制 / 直前:展示差あり / 展示タイム差を確認 / 気象安定 / 足:足差あり / 部品交換:2,4,5,6 / 整備:チルト:1:-0.5,2:-0.5,3:0,4:0,5:0,6:-0.5 / 部品交換:2:ピストン,リング,ピストンリング,4:ピストン,リング,ピストンリング,シリンダ,キャリア,キャリアボデー,ギヤケース,電気,電気一式,キャブ,キャブレタ,シャフト,クランク,プロペラ,ペラ,5:ピストン,6:ピストン,リング,ピストンリング,シリンダ,電気,電気一式,キャブ,キャブレタ / 直前差小で朝寄り / 隊形:1逃げ本線 / 開催:2日目でやや本命寄り",2026-04-25 16:16:30 JST,"[""6.71"", ""6.84"", ""6.84"", ""6.85"", ""6.80"", ""6.66""]",1:2 / 2:4 / 3:4 / 4:6 / 5:3 / 6:1,晴,1.0,1.0,,,0.1,1:0.18 / 2:-0.21 / 3:-0.14 / 4:-0.40 / 5:-0.19 / 6:0.10,1:B1 / B1 / B1 / B1 / 2:B1 / B1 / B1 / B1 / 3:B1 / B1 / B1 / B1 / 4:B1 / B1 / B2 / B1 / 5:A2 / B1 / B1 / B1 / 6:B1 / B1 / B1 / B1,1:松井貫太 / 2:中里昌志 / 3:貫地谷直 / 4:安藤裕貴 / 5:金子猛志 / 6:岡谷健吾,1:-勝率|+当地|-モータ|-ST / 2:-勝率|+当地|-モータ|-ST / 3:-勝率|+当地|-モータ|-ST|-近況 / 4:-勝率|+当地|-モータ|-ST|-近況|-級別 / 5:+当地|-モータ|+級別 / 6:-モータ,1:-勝率|+当地|-モータ|-ST / 2:-勝率|+当地|-モータ|-ST / 3:-勝率|+当地|-モータ|-ST|-近況 / 4:-勝率|+当地|-モータ|-ST|-近況|-級別 / 5:+当地|-モータ|+級別 / 6:-モータ,5-4-1,10670,,,,,,,https://boatrace.jp/owpc/pc/race/resultlist?hd=20260425&jcd=14,2026-04-25 16:55:02 JST,,,100,,,,3連単,2,,-0.65,base素材危険,base素材危険 / 当地巧者,2026-04-25 03:59:01 JST,,0
2026-04-25,12:32,浜名湖,3R,3,official_all,★★★☆☆,3-5-6 / 3-6-5 / 3-5-1 / 3-6-1 / 3-1-5 / 3-1-6,2.9,AI★★★★★,5-6-3 / 5-6-4 / 5-6-1 / 5-6-2 / 5-3-6 / 5-3-4,base保留 / 当地巧者 / 級別傾向強い / 差しやや警戒,2.97,AI★★★☆☆,1-2-5 / 1-5-2 / 1-4-5 / 4-1-5 / 5-6-4 / 5-6-1,買い,"公式低評価AI検証 / 朝:base保留 / 当地巧者 / 級別傾向強い / 差しやや警戒 / base保留で買い上げ慎重 / 直前:気象安定 / 風向東 / 足:ST気配あり / 部品交換:5,6 / 足:5号艇足色良さげ / 整備:チルト:1:-0.5,2:-0.5,3:-0.5,4:0,5:-0.5,6:-0.5 / 部品交換:5:ピストン,リング,6:ピストン,リング,ピストンリング,シリンダ,ギヤ,電気,電気一式,キャブ,キャブレタ,シャフト,クランク / 直前差小で朝寄り / 朝評価をやや優先 / 隊形:1逃げ本線 / 開催:2日目でやや本命寄り",2026-04-25 16:16:30 JST,"[""6.63"", ""6.66"", ""6.71"", ""6.63"", ""6.64"", ""6.68""]",1:1 / 2:4 / 3:6 / 4:1 / 5:3 / 6:5,晴,4.0,2.0,,東,0.04,1:0.22 / 2:0.01 / 3:-0.25 / 4:0.06 / 5:0.15 / 6:-0.03,1:B1 / B2 / B1 / B1 / 2:B1 / B2 / B2 / B1 / 3:A2 / A2 / B1 / A2 / 4:B1 / B1 / B1 / B2 / 5:A2 / A2 / A2 / A2 / 6:B1 / A2 / B1 / A2,2:表 健太 / 3:藤田靖弘 / 4:土屋 蘭 / 5:吉田慎二 / 6:原田秀弥,1:-勝率|+当地|-モータ|-ST|-級別 / 2:-勝率|+当地|-モータ|-ST|-級別 / 3:-勝率|+当地|-モータ|-ST|-近況|+級別 / 4:-勝率|+当地|-モータ|-ST|-近況|-級別 / 5:+当地|-モータ|+級別 / 6:-モータ,1:-勝率|+当地|-モータ|-ST|-級別 / 2:-勝率|+当地|-モータ|-ST|-級別 / 3:-勝率|+当地|-モータ|-ST|-近況|+級別 / 4:-勝率|+当地|-モータ|-ST|-近況|-級別 / 5:+当地|-モータ|+級別 / 6:-モータ,3-4-6,8900,,,,,,,https://boatrace.jp/owpc/pc/race/resultlist?hd=20260425&jcd=06,2026-04-25 16:55:02 JST,,,100,,,,3連単,2,,1.29,base素材保留,base素材保留 / 当地巧者 / 級別傾向強い,2026-04-25 03:59:01 JST,,0
2026-04-25,12:35,福岡,1R,1,official_all,★★★★★,1-3-2 / 1-2-3 / 1-3-4 / 1-2-4 / 1-4-3 / 1-4-2,6.63,AI★★★★★,1-5-4 / 1-5-3 / 1-5-2 / 1-5-6 / 1-4-5 / 1-4-3,base土台◎ / 当地巧者 / 級別傾向強い / 1号艇有利 / 差しやや警戒,6.68,AI★★★★★,1-5-4 / 4-2-1 / 1-4-3 / 2-1-4 / 3-2-1 / 1-4-5,買い,"朝:base土台◎ / 当地巧者 / 級別傾向強い / 1号艇有利 / 差しやや警戒 / base土台を強めに保持 / 直前:風向北 / 展示F:3注意 / 部品交換:5,6 / 足:1号艇足色良さげ / 整備:チルト:1:0,2:-0.5,3:0,4:0,5:0,6:-0.5 / 部品交換:5:ピストン,リング,ピストンリング,6:ピストン,リング,ピストンリング,シリンダ,ギヤケース,電気,電気一式,キャブ,キャブレタ,シャフト,クランク / 直前差小で朝寄り / 朝評価をやや優先 / 隊形:1逃げ本線 / 4攻め注意 / 開催:2日目でやや本命寄り",2026-04-25 16:16:30 JST,"[""6.83"", ""6.85"", ""6.86"", ""6.81"", ""6.88"", ""6.86""]",1:2 / 2:3 / 3:4 / 4:1 / 5:6 / 6:4,晴,4.0,4.0,,北,0.0,1:0.17 / 2:0.01 / 3:-0.02 / 4:0.07 / 5:-0.14 / 6:-0.02,1:A1 / A1 / A1 / A1 / 2:B1 / B1 / B1 / A2 / 3:B1 / A2 / B1 / B2 / 4:B1 / B1 / B1 / B1 / 5:B1 / B1 / B1 / B1 / 6:B2 / B2 / B2,1:北山康介 / 2:海老澤泰 / 3:新田洋一 / 4:松下誉士 / 5:小澤和也 / 6:藤山湧太,1:-勝率|+当地|-モータ|+級別 / 2:-勝率|+当地|-モータ|-ST / 3:-勝率|+当地|-モータ|-ST|-近況 / 4:-勝率|+当地|-モータ|-ST|-近況 / 5:+当地|-モータ / 6:-モータ|-級別,1:-勝率|+当地|-モータ|+級別 / 2:-勝率|+当地|-モータ|-ST / 3:-勝率|+当地|-モータ|-ST|-近況 / 4:-勝率|+当地|-モータ|-ST|-近況 / 5:+当地|-モータ / 6:-モータ|-級別,1-4-3,1300,,,,,,,https://boatrace.jp/owpc/pc/race/resultlist?hd=20260425&jcd=22,2026-04-25 16:55:02 JST,,,100,,,,3連単,2,,2.29,base素材○,base素材○ / 当地巧者 / 級別傾向強い / 1号艇有利,2026-04-25 03:59:01 JST,,0
2026-04-25,12:38,芦屋,9R,9,official_all,★☆☆☆☆,1-4-5 / 1-5-4 / 1-4-3 / 1-5-3 / 1-3-4 / 1-3-5,1.88,AI★★★★☆,6-5-1 / 6-5-4 / 6-5-3 / 6-5-2 / 6-1-5 / 6-1-4,base危険 / 選手力上位 / 級別傾向強い,1.88,AI★★☆☆☆,1-3-4 / 3-4-5 / 3-5-4 / 4-3-5 / 6-5-3 / 6-5-1,様子見,"公式低評価AI検証 / 朝:base危険 / 選手力上位 / 級別傾向強い / base危険で買い上げ抑制 / 直前:気象荒れ気味 / 風向西 / 波高6cm / 展示F:1,4注意 / 足:ST気配あり / 部品交換:1,4,6 / 足:3号艇足色良さげ / 整備:チルト:1:0,2:0,3:0,4:-0.5,5:-0.5,6:0 / 部品交換:1:ピストン,4:ピストン,リング,ピストンリング,シリンダ,キャリア,キャリアボデー,ギヤケース,電気,電気一式,キャブ,キャブレタ,シャフト,クランク,6:ピストン,リング,ピストンリング,シリンダ,電気,電気一式,キャブ,キャブレタ / 直前差小で朝寄り / 隊形:3攻め注意 / 1逃げ本線 / 開催:2日目でやや本命寄り",2026-04-25 16:16:30 JST,"[""6.64"", ""6.70"", ""6.64"", ""6.63"", ""6.69"", ""6.69""]",1:2 / 2:6 / 3:2 / 4:1 / 5:4 / 6:4,晴,6.0,6.0,,西,-0.2,1:-0.13 / 2:-0.16 / 3:0.18 / 4:0.09 / 5:-0.03 / 6:-0.07,1:A1 / A2 / A2 / A1 / 2:B1 / B1 / B1 / B1 / 3:B1 / A2 / A2 / A2 / 4:B1 / A2 / B1 / A2 / 5:A2 / A2 / A2 / B1 / 6:A2 / A2 / B1 / A2,1:郷原章平 / 2:西村秀樹 / 3:三苫晃幸 / 4:稗田聖也 / 5:岡村将也 / 6:池田剛規,1:-勝率|+当地|-モータ|+級別 / 2:-勝率|+当地|-モータ|-ST / 3:-勝率|+当地|-モータ|-ST|-近況|+級別 / 4:-勝率|+当地|-モータ|-ST|-近況 / 5:+当地|-モータ|+級別 / 6:-モータ|+級別,1:-勝率|+当地|-モータ|+級別 / 2:-勝率|+当地|-モータ|-ST / 3:-勝率|+当地|-モータ|-ST|-近況|+級別 / 4:-勝率|+当地|-モータ|-ST|-近況 / 5:+当地|-モータ|+級別 / 6:-モータ|+級別,4-1-3,3160,,,,,,,https://boatrace.jp/owpc/pc/race/resultlist?hd=20260425&jcd=21,2026-04-25 16:55:02 JST,,,100,,,,3連単,2,,1.79,base素材保留,base素材保留 / 選手力上位 / 級別傾向強い,2026-04-25 03:59:01 JST,,0
2026-04-25,12:43,宮島,5R,5,official_all,★☆☆☆☆,1-2-4 / 1-4-2 / 1-2-5 / 1-4-5 / 1-5-2 / 1-5-4,5.89,AI★★★★★,5-4-3 / 5-4-2 / 5-4-1 / 5-4-6 / 5-3-4 / 5-3-2,base土台○ / 地力上位 / 当地巧者 / 級別傾向強い / 差しやや警戒,5.92,AI★★★★★,1-3-4 / 3-4-6 / 3-4-2 / 5-3-4 / 5-4-2 / 5-4-3,買い,"公式低評価AI検証 / 朝:base土台○ / 地力上位 / 当地巧者 / 級別傾向強い / 差しやや警戒 / base土台をやや保持 / 直前:気象安定 / 風向北 / 展示F:2注意 / 部品交換:1,6 / 足:3号艇足色良さげ / 整備:チルト:1:-0.5,2:-0.5,3:0,4:0,5:-0.5,6:-0.5 / 部品交換:1:ピストン,リング,ピストンリング,シリンダ,キャリア,キャリアボデー,ギヤケース,電気,電気一式,キャブ,キャブレタ,シャフト,クランク,6:ピストン,リング,ピストンリング,シリンダ,電気,電気一式,キャブ,キャブレタ / 直前差小で朝寄り / 朝評価をやや優先 / 隊形:3攻め注意 / 1逃げ本線",2026-04-25 16:16:30 JST,"[""6.73"", ""6.69"", ""6.66"", ""6.65"", ""6.70"", ""6.67""]",1:6 / 2:4 / 3:2 / 4:1 / 5:5 / 6:3,晴,2.0,2.0,,北,0.08,1:0.01 / 2:-0.01 / 3:0.16 / 4:0.12 / 5:-0.07 / 6:-0.02,1:A1 / A1 / A1 / A1 / 2:A1 / A1 / A1 / A1 / 3:A1 / A1 / A1 / A1 / 4:A1 / A1 / A1 / A1 / 5:A1 / A1 / A1 / A1 / 6:A2 / A1 / A2 / A2,1:笠原 亮 / 2:北村征嗣 / 3:湯川浩司 / 4:江夏 満 / 5:古結 宏 / 6:山口裕二,1:-勝率|+当地|-モータ|+級別 / 2:-勝率|+当地|-モータ|+級別 / 3:-勝率|+当地|-モータ|-近況|+級別 / 4:+勝率|+当地|-モータ|-近況|+級別 / 5:+勝率|+当地|-モータ|+級別 / 6:-モータ|+級別,1:-勝率|+当地|-モータ|+級別 / 2:-勝率|+当地|-モータ|+級別 / 3:-勝率|+当地|-モータ|-近況|+級別 / 4:+勝率|+当地|-モータ|-近況|+級別 / 5:+勝率|+当地|-モータ|+級別 / 6:-モータ|+級別,1-2-4,1130,,,,,,,https://boatrace.jp/owpc/pc/race/resultlist?hd=20260425&jcd=17,2026-04-25 16:55:02 JST,,,100,,,,3連単,5,,7.43,base素材○,base素材○ / 地力上位 / 当地巧者 / 級別傾向強い,2026-04-25 03:59:01 JST,,0
2026-04-25,12:48,常滑,6R,6,official_all,★★★★★,6-1-3 / 6-3-1 / 6-1-4 / 6-3-4 / 6-4-1 / 6-4-3,9.31,AI★★★★★,6-3-5 / 6-3-1 / 6-3-4 / 6-3-2 / 6-5-3 / 6-5-1,base保留 / 地力上位 / 級別傾向強い / 差しやや警戒,9.41,AI★★★★★,1-6-3 / 3-6-1 / 6-3-5 / 4-6-3 / 6-3-1 / 3-6-5,買い,"朝:base保留 / 地力上位 / 級別傾向強い / 差しやや警戒 / base保留で買い上げ慎重 / 直前:展示差ややあり / 展示タイム差を確認 / 進入:1-2-3-4-6-5 / 前づけで波乱含み / 気象安定 / 展示F:3,6注意 / 足:ST気配あり / 足:進入変化 / 部品交換:5,6 / 整備:チルト:1:0,2:0,3:-0.5,4:-0.5,5:0,6:-0.5 / 部品交換:5:ピストン,リング,ピストンリング,6:ピストン,リング,ピストンリング,シリンダ,ギヤケース,電気,電気一式,キャブ,キャブレタ,シャフト,クランク / 進入変化ありで少し動かす / 隊形:3攻め注意 / 6一撃注意 / 進入:1-2-3-4-6-5 / 開催:2日目でやや本命寄り",2026-04-25 16:16:30 JST,"[""6.67"", ""6.73"", ""6.63"", ""6.72"", ""6.71"", ""6.68""]",1:2 / 2:6 / 3:1 / 4:5 / 5:4 / 6:3,晴,2.0,1.0,,,0.09,1:-0.04 / 2:-0.14 / 3:0.12 / 4:-0.07 / 5:-0.04 / 6:0.06,1:A2 / A2 / A2 / B1 / 2:B2 / B2 / B2 / B2 / 3:A2 / A1 / A2 / A1 / 4:B1 / B1 / B1 / B1 / 5:B1 / B1 / B1 / B1 / 6:A1 / A1 / A1 / A1,1:中田夕貴 / 2:中嶋世奈 / 3:藤山翔大 / 4:岡部 哲 / 5:久保原秀 / 6:上條暢嵩,1:-勝率|+当地|-モータ|-ST|+級別 / 2:-勝率|+当地|-モータ|-ST|-級別 / 3:-勝率|+当地|-モータ|-ST|-近況|+級別 / 4:-勝率|+当地|-モータ|-ST|-近況 / 5:+当地|-モータ / 6:+勝率|-モータ|+級別,1:-勝率|+当地|-モータ|-ST|+級別 / 2:-勝率|+当地|-モータ|-ST|-級別 / 3:-勝率|+当地|-モータ|-ST|-近況|+級別 / 4:-勝率|+当地|-モータ|-ST|-近況 / 5:+当地|-モータ / 6:+勝率|-モータ|+級別,3-6-1,890,,,,,,,https://boatrace.jp/owpc/pc/race/resultlist?hd=20260425&jcd=08,2026-04-25 16:55:02 JST,,,100,,,,3連単,2,,5.51,base素材○,base素材○ / 地力上位 / 級別傾向強い,2026-04-25 03:59:01 JST,,0
2026-04-25,12:50,児島,5R,5,official_all,★★★★★,3-4-1 / 3-1-4 / 3-4-5 / 3-1-5 / 3-5-4 / 3-5-1,3.58,AI★★★★★,3-4-5 / 3-4-6 / 3-4-1 / 3-4-2 / 3-5-4 / 3-5-6,base土台◎ / 当地巧者 / 級別傾向強い / 中枠攻め候補 / インやや強め,3.64,AI★★★★☆,1-3-6 / 1-4-6 / 1-6-4 / 3-4-2 / 3-4-1 / 3-4-6,買い,"朝:base土台◎ / 当地巧者 / 級別傾向強い / 中枠攻め候補 / インやや強め / base土台を強めに保持 / 直前:展示差ややあり / 展示タイム差を確認 / 足:ST気配あり / 部品交換:1,2,6 / 足:1号艇足色良さげ / 整備:チルト:1:0,2:-0.5,3:-0.5,4:0,5:-0.5,6:-0.5 / 部品交換:1:ピストン,リング,ピストンリング,電気,電気一式,2:ピストン,リング,ピストンリング,電気,電気一式,キャブ,キャブレタ,6:ピストン,リング,ピストンリング,シリンダ,ギヤケース,電気,電気一式,キャブ,キャブレタ,シャフト,クランク / 直前差小で朝寄り / 朝評価をやや優先 / 隊形:1逃げ本線",2026-04-25 16:16:30 JST,"[""6.68"", ""6.76"", ""6.73"", ""6.69"", ""6.78"", ""6.71""]",1:1 / 2:5 / 3:4 / 4:2 / 5:6 / 6:3,晴,4.0,3.0,,,0.0,1:0.29 / 2:-0.17 / 3:0.00 / 4:0.03 / 5:-0.24 / 6:0.01,1:B1 / A2 / A2 / B1 / 2:B1 / B1 / B1 / B1 / 3:A1 / A1 / A2 / A2 / 4:A2 / B1 / A2 / A2 / 5:B1 / B1 / B1 / A2 / 6:B1 / B1 / B1 / B1,1:小林文彦 / 2:渥美卓郎 / 3:鈴谷一平 / 4:松本一毅 / 5:抹香雄三 / 6:松尾基成,1:-勝率|+当地|-モータ|-ST|+級別 / 2:-勝率|+当地|-モータ|-ST / 3:-勝率|+当地|-モータ|-近況|+級別 / 4:-勝率|+当地|-モータ|-近況|+級別 / 5:+当地|-モータ / 6:-モータ,1:-勝率|+当地|-モータ|-ST|+級別 / 2:-勝率|+当地|-モータ|-ST / 3:-勝率|+当地|-モータ|-近況|+級別 / 4:-勝率|+当地|-モータ|-近況|+級別 / 5:+当地|-モータ / 6:-モータ,3-1-5,1250,,,,,,,https://boatrace.jp/owpc/pc/race/resultlist?hd=20260425&jcd=16,2026-04-25 16:55:02 JST,,,100,,,,3連単,3,,1.8,base素材保留,base素材保留 / 当地巧者 / 級別傾向強い / 中枠攻め候補,2026-04-25 03:59:01 JST,,0
2026-04-25,12:52,平和島,5R,5,official_all,★★★★★,1-5-2 / 1-2-5 / 1-5-4 / 1-2-4 / 1-4-5 / 1-4-2,-0.28,AI★☆☆☆☆,5-1-4 / 5-1-2 / 5-1-6 / 5-1-3 / 5-4-1 / 5-4-2,base危険 / 当地巧者,-0.2,AI★☆☆☆☆,1-2-6 / 3-2-6 / 2-3-6 / 4-2-6 / 2-6-3 / 5-1-4,見送り寄り,"朝:base危険 / 当地巧者 / base危険で買い上げ抑制 / 直前:展示差ややあり / 展示タイム差を確認 / 気象安定 / 風向東 / 足:足差ややあり / 展示F:1注意 / 部品交換:5,6 / 足:2号艇足色良さげ / 整備:チルト:1:-0.5,2:-0.5,3:-0.5,4:-0.5,5:-0.5,6:-0.5 / 部品交換:5:ピストン,リング,ピストンリング,6:ピストン,リング,ピストンリング,シリンダ,ギヤケース,電気,電気一式,キャブ,キャブレタ,シャフト,クランク / 直前差中で少し動かす / 隊形:3攻め注意 / 開催:2日目でやや本命寄り",2026-04-25 16:16:30 JST,"[""6.78"", ""6.80"", ""6.72"", ""6.78"", ""6.80"", ""6.66""]",1:3 / 2:5 / 3:2 / 4:3 / 5:5 / 6:1,晴,1.0,3.0,,東,0.05,1:-0.05 / 2:0.03 / 3:0.05 / 4:-0.12 / 5:-0.29 / 6:0.04,1:A1 / B1 / B1 / B1 / 2:B1 / B1 / B1 / B1 / 3:B2 / B2 / B1 / B2 / 4:B1 / B1 / B1 / B2 / 5:B1 / B1 / B1 / B1 / 6:B2 / B2 / B2,1:井上遥妃 / 2:乙津康志 / 3:筒井美琴 / 4:森作広大 / 5:広瀬聖仁 / 6:櫻井 隼,1:-勝率|+当地|-モータ|+級別 / 2:-勝率|+当地|-モータ|-ST / 3:-勝率|+当地|-モータ|-ST|-近況|-級別 / 4:-勝率|+当地|-モータ|-ST|-近況|-級別 / 5:+当地|-モータ / 6:-モータ|-級別,1:-勝率|+当地|-モータ|+級別 / 2:-勝率|+当地|-モータ|-ST / 3:-勝率|+当地|-モータ|-ST|-近況|-級別 / 4:-勝率|+当地|-モータ|-ST|-近況|-級別 / 5:+当地|-モータ / 6:-モータ|-級別,1-5-4,2390,,,,,,,https://boatrace.jp/owpc/pc/race/resultlist?hd=20260425&jcd=04,2026-04-25 16:55:02 JST,,,100,,,,3連単,2,,-1.64,base素材危険,base素材危険 / 当地巧者,2026-04-25 03:59:01 JST,,0
2026-04-25,12:55,津,6R,6,official_all,★★★★★,6-5-1 / 6-1-5 / 6-5-4 / 6-1-4 / 6-4-5 / 6-4-1,1.86,AI★★★★☆,6-5-1 / 6-5-4 / 6-5-3 / 6-5-2 / 6-1-5 / 6-1-4,base保留 / 実力A1級 / 選手力上位 / 級別傾向強い / インやや強め,1.97,AI★★★☆☆,1-5-4 / 5-6-4 / 1-6-5 / 4-6-5 / 3-5-4 / 6-5-1,様子見,"朝:base保留 / 実力A1級 / 選手力上位 / 級別傾向強い / インやや強め / base保留で買い上げ慎重 / 直前:展示差ややあり / 展示タイム差を確認 / 進入:1-2-3-6-4-5 / 前づけで波乱含み / 気象安定 / 風向北 / 足:足差ややあり / 展示F:1注意 / 足:ST気配あり / 足:進入変化 / 整備:チルト:1:-0.5,2:-0.5,3:-0.5,4:0,5:-0.5,6:0 / 部品交換:5:ピストン,リング,ピストンリング,6:ピストン,リング,ピストンリング,シリンダ,ギヤケース,電気,電気一式,キャブ,キャブレタ,シャフト,クランク / 進入変化ありで少し動かす / 隊形:1逃げ本線 / 5一撃注意 / 進入:1-2-3-6-4-5 / 開催:2日目でやや本命寄り",2026-04-25 16:16:30 JST,"[""6.83"", ""6.85"", ""6.87"", ""6.78"", ""6.81"", ""6.90""]",1:3 / 2:4 / 3:5 / 4:1 / 5:2 / 6:6,曇,3.0,2.0,,北,0.04,1:0.00 / 2:-0.15 / 3:-0.05 / 4:0.09 / 5:0.11 / 6:-0.14,1:A2 / A2 / A2 / A2 / 2:B1 / B1 / B1 / B2 / 3:B1 / B1 / B1 / B1 / 4:B1 / B1 / B1 / B1 / 5:A2 / B1 / B1 / B1 / 6:B2 / A1 / A1 / A1,1:武富智亮 / 2:河内悠利 / 3:中北将史 / 4:松本庸平 / 5:上原健次 / 6:毒島 誠,1:-勝率|+当地|-モータ|-ST|+級別 / 2:-勝率|+当地|-モータ|-ST|-級別 / 3:-勝率|+当地|-モータ|-ST|-近況 / 4:-勝率|+当地|-モータ|-ST|-近況 / 5:+当地|-モータ|+級別 / 6:+実力A1級|-モータ|+級別,1:-勝率|+当地|-モータ|-ST|+級別 / 2:-勝率|+当地|-モータ|-ST|-級別 / 3:-勝率|+当地|-モータ|-ST|-近況 / 4:-勝率|+当地|-モータ|-ST|-近況 / 5:+当地|-モータ|+級別 / 6:+実力A1級|-モータ|+級別,1-6-5,700,,,,,,,https://boatrace.jp/owpc/pc/race/resultlist?hd=20260425&jcd=09,2026-04-25 16:55:02 JST,,,100,,,,3連単,2,,0.61,base素材保留,base素材保留 / 実力A1級 / 選手力上位 / 級別傾向強い,2026-04-25 03:59:01 JST,,0
2026-04-25,12:59,唐津,10R,10,official_all,★★☆☆☆,5-2-6 / 5-6-2 / 5-2-1 / 5-6-1 / 5-1-2 / 5-1-6,5.29,AI★★★★★,2-5-6 / 2-5-4 / 2-5-3 / 2-5-1 / 2-6-5 / 2-6-4,base土台○ / 当地巧者 / 級別傾向強い / 攻めやや注意,5.35,AI★★★★★,1-3-2 / 1-3-5 / 1-4-3 / 3-1-2 / 2-5-3 / 2-5-6,買い,"公式低評価AI検証 / 朝:base土台○ / 当地巧者 / 級別傾向強い / 攻めやや注意 / base土台をやや保持 / 直前:展示差あり / 展示タイム差を確認 / 足:足差ややあり / 展示F:2,3注意 / 足:ST気配あり / 部品交換:5,6 / 足:5号艇足色良さげ / 整備:チルト:1:-0.5,2:-0.5,3:-0.5,4:-0.5,5:-0.5,6:0 / 部品交換:5:リング,6:ピストン,シリンダ,シャフト / 直前差小で朝寄り / 朝評価をやや優先 / 隊形:1逃げ本線",2026-04-25 16:16:30 JST,"[""6.77"", ""6.85"", ""6.81"", ""6.81"", ""6.90"", ""6.91""]",1:1 / 2:4 / 3:2 / 4:2 / 5:5 / 6:6,晴,4.0,4.0,,,0.0,1:0.14 / 2:-0.06 / 3:0.03 / 4:0.00 / 5:-0.05 / 6:-0.34,1:B1 / B1 / B1 / B1 / 2:A1 / A1 / A1 / A1 / 3:B2 / A2 / B1 / A2 / 4:A2 / B1 / B1 / B1 / 5:A2 / A2 / A2 / A2 / 6:A2 / A2 / A2 / B1,1:井上 茂 / 2:中辻博訓 / 3:峰重侑治 / 4:竹腰正樹 / 5:田川大貴 / 6:蒲原健太,1:-勝率|+当地|-モータ|-ST / 2:-勝率|+当地|-モータ|+級別 / 3:-勝率|+当地|-モータ|-ST|-近況|-級別 / 4:-勝率|+当地|-モータ|-近況|+級別 / 5:+当地|-モータ|+級別 / 6:-モータ|+級別,1:-勝率|+当地|-モータ|-ST / 2:-勝率|+当地|-モータ|+級別 / 3:-勝率|+当地|-モータ|-ST|-近況|-級別 / 4:-勝率|+当地|-モータ|-近況|+級別 / 5:+当地|-モータ|+級別 / 6:-モータ|+級別,2-1-5,1830,,,,,,,https://boatrace.jp/owpc/pc/race/resultlist?hd=20260425&jcd=23,2026-04-25 16:55:02 JST,,,100,,,,3連単,3,,3.97,base素材○,base素材○ / 当地巧者 / 級別傾向強い,2026-04-25 03:59:01 JST,,0
2026-04-25,13:01,尼崎,6R,6,official_all,★★★★☆,1-4-2 / 1-2-4 / 1-4-6 / 1-2-6 / 1-6-4 / 1-6-2,2.84,AI★★★★★,1-4-6 / 1-4-3 / 1-4-2 / 1-4-5 / 1-6-4 / 1-6-3,base土台◎ / 当地巧者 / 級別傾向強い / 1号艇有利 / 差しやや警戒,2.93,AI★★★☆☆,1-3-5 / 3-1-5 / 1-4-5 / 5-3-1 / 1-4-3 / 1-4-6,様子見,"朝:base土台◎ / 当地巧者 / 級別傾向強い / 1号艇有利 / 差しやや警戒 / base土台を強めに保持 / 直前:展示差ややあり / 展示タイム差を確認 / 気象安定 / 風向南 / 足:足差ややあり / 足:ST気配あり / 部品交換:5,6 / 足:3号艇足色良さげ / 整備:チルト:1:0,2:0,3:-0.5,4:-0.5,5:0,6:0 / 部品交換:5:ピストン,リング,ピストンリング,6:ピストン,リング,ピストンリング,シリンダ,ギヤケース,電気,電気一式,キャブ,キャブレタ,シャフト,クランク / 直前差小で朝寄り / 朝評価をやや優先 / 隊形:3攻め注意 / 1逃げ本線 / 開催:2日目でやや本命寄り",2026-04-25 16:16:30 JST,"[""6.92"", ""6.89"", ""6.89"", ""6.94"", ""6.82"", ""6.91""]",1:5 / 2:2 / 3:2 / 4:6 / 5:1 / 6:4,晴,0.0,0.0,,南,0.1,1:0.06 / 2:-0.00 / 3:0.10 / 4:-0.24 / 5:0.11 / 6:-0.22,1:A1 / A1 / A2 / A1 / 2:B1 / B1 / B1 / A2 / 3:B1 / B1 / B1 / B1 / 4:A2 / A2 / A1 / A2 / 5:B1 / B2 / B2 / B2 / 6:B1 / B1 / B1 / A2,1:田村隆信 / 2:酒井俊弘 / 3:金子順一 / 4:坪口竜也 / 5:南 彩寧 / 6:伊藤喜智,1:-勝率|+当地|-モータ|+級別 / 2:-勝率|+当地|-モータ|-ST / 3:-勝率|+当地|-モータ|-ST|-近況 / 4:-勝率|+当地|-モータ|-近況|+級別 / 5:+当地|-モータ|-級別 / 6:-モータ,1:-勝率|+当地|-モータ|+級別 / 2:-勝率|+当地|-モータ|-ST / 3:-勝率|+当地|-モータ|-ST|-近況 / 4:-勝率|+当地|-モータ|-近況|+級別 / 5:+当地|-モータ|-級別 / 6:-モータ,1-3-4,1310,,,,,,,https://boatrace.jp/owpc/pc/race/resultlist?hd=20260425&jcd=13,2026-04-25 16:55:02 JST,,,100,,,,3連単,2,,1.85,base素材保留,base素材保留 / 当地巧者 / 級別傾向強い / 1号艇有利,2026-04-25 03:59:01 JST,,0
2026-04-25,13:02,福岡,2R,2,official_all,★☆☆☆☆,5-4-1 / 5-1-4 / 5-4-2 / 5-1-2 / 5-2-4 / 5-2-1,0.66,AI★★☆☆☆,4-5-2 / 4-5-3 / 4-5-1 / 4-5-6 / 4-2-5 / 4-2-3,base危険 / 当地巧者 / 級別傾向強い / 中枠攻め候補,0.74,AI★☆☆☆☆,1-2-6 / 2-1-6 / 1-2-3 / 3-2-6 / 1-2-5 / 4-5-2,見送り寄り,"公式低評価AI検証 / 朝:base危険 / 当地巧者 / 級別傾向強い / 中枠攻め候補 / base危険で買い上げ抑制 / 直前:展示差ややあり / 展示タイム差を確認 / 足:足差ややあり / 足:ST気配あり / 部品交換:5,6 / 整備:チルト:1:0,2:0,3:-0.5,4:0,5:-0.5,6:-0.5 / 部品交換:5:ピストン,リング,ピストンリング,6:ピストン,リング,ピストンリング,シリンダ,ギヤケース,電気,電気一式,キャブ,キャブレタ,シャフト,クランク / 直前差小で朝寄り / 隊形:2差し注意 / 1逃げ本線 / 開催:2日目でやや本命寄り",2026-04-25 16:16:30 JST,"[""6.79"", ""6.80"", ""6.81"", ""6.89"", ""6.85"", ""6.75""]",1:2 / 2:3 / 3:4 / 4:6 / 5:5 / 6:1,晴,3.0,3.0,,,0.0,1:0.05 / 2:0.12 / 3:0.00 / 4:-0.23 / 5:-0.09 / 6:-0.02,1:B1 / B2 / B1 / A2 / 2:B1 / B1 / B1 / B1 / 3:B1 / B2 / B1 / B1 / 4:A2 / B1 / A2 / B1 / 5:B1 / B1 / A2 / B1 / 6:B2 / B2 / B2 / B2,1:孫崎百世 / 2:池本輝明 / 3:高山敬悟 / 4:藤本佳史 / 5:國分将太 / 6:諏訪玲奈,1:-勝率|+当地|-モータ|-ST|-級別 / 2:-勝率|+当地|-モータ|-ST / 3:-勝率|+当地|-モータ|-ST|-近況|-級別 / 4:-勝率|+当地|-モータ|-近況|+級別 / 5:+当地|-モータ / 6:-モータ|-級別,1:-勝率|+当地|-モータ|-ST|-級別 / 2:-勝率|+当地|-モータ|-ST / 3:-勝率|+当地|-モータ|-ST|-近況|-級別 / 4:-勝率|+当地|-モータ|-近況|+級別 / 5:+当地|-モータ / 6:-モータ|-級別,1-3-5,2840,,,,,,,https://boatrace.jp/owpc/pc/race/resultlist?hd=20260425&jcd=22,2026-04-25 16:44:56 JST,,,100,,,,3連単,2,,-1.01,base素材危険,base素材危険 / 当地巧者 / 級別傾向強い / 中枠攻め候補,2026-04-25 03:59:01 JST,,0
2026-04-25,13:04,鳴門,10R,10,official_all,★★★★☆,1-4-3 / 1-3-4 / 1-4-2 / 1-3-2 / 1-2-4 / 1-2-3,8.39,AI★★★★★,4-3-1 / 4-3-2 / 4-3-6 / 4-3-5 / 4-1-3 / 4-1-2,base土台◎ / 地力上位 / 当地巧者 / 級別傾向強い / 中枠攻め候補 / インやや強め,8.45,AI★★★★★,1-3-2 / 3-1-2 / 1-3-5 / 4-1-3 / 4-3-1 / 4-3-2,見送り寄り,"朝:base土台◎ / 地力上位 / 当地巧者 / 級別傾向強い / 中枠攻め候補 / インやや強め / base土台を強めに保持 / 直前:気象安定 / 展示F:2,4,5,6注意 / 部品交換:1,4,5,6 / 足:3号艇足色良さげ / 整備:チルト:1:0,2:0,3:-0.5,4:0,5:-0.5,6:-0.5 / 部品交換:1:ピストン,リング,ピストンリング,4:ピストン,リング,ピストンリング,シリンダ,キャリア,キャリアボデー,ギヤケース,電気,電気一式,キャブ,キャブレタ,シャフト,クランク,プロペラ,ペラ,5:ピストン,6:ピストン,リング,ピストンリング,シリンダ,電気,電気一式,キャブ,キャブレタ / 直前差小で朝寄り / 朝評価をやや優先 / 隊形:1逃げ本線 / 3攻め注意 / 開催:2日目でやや本命寄り",2026-04-25 16:16:31 JST,"[""6.67"", ""6.72"", ""6.74"", ""6.76"", ""6.71"", ""6.77""]",1:1 / 2:3 / 3:4 / 4:5 / 5:2 / 6:6,晴,1.0,1.0,,,0.1,1:0.25 / 2:-0.02 / 3:0.05 / 4:-0.11 / 5:-0.06 / 6:-0.18,1:A1 / A2 / B1 / B1 / 2:A2 / B1 / B1 / B1 / 3:A2 / A2 / A2 / A2 / 4:A1 / A1 / A1 / A1 / 5:B2 / B2 / B1 / B2 / 6:B1 / B2 / B2 / B2,1:田中駿兵 / 2:廣瀬 凜 / 3:岡瀬正人 / 4:土屋智則 / 5:滝沢 崚 / 6:小林甘寧,1:-勝率|+当地|-モータ|+級別 / 2:-勝率|+当地|-モータ|-ST|+級別 / 3:-勝率|+当地|-モータ|-ST|-近況|+級別 / 4:+勝率|+当地|-モータ|-近況|+級別 / 5:+当地|-モータ|-級別 / 6:-モータ|-級別,1:-勝率|+当地|-モータ|+級別 / 2:-勝率|+当地|-モータ|-ST|+級別 / 3:-勝率|+当地|-モータ|-ST|-近況|+級別 / 4:+勝率|+当地|-モータ|-近況|+級別 / 5:+当地|-モータ|-級別 / 6:-モータ|-級別,1-4-2,630,,,,,,,https://boatrace.jp/owpc/pc/race/resultlist?hd=20260425&jcd=14,2026-04-25 16:44:56 JST,,,100,,,,3連単,2,,4.1,base素材○,base素材○ / 地力上位 / 当地巧者 / 級別傾向強い / 中枠攻め候補,2026-04-25 03:59:01 JST,,0
2026-04-25,13:08,浜名湖,4R,4,official_all,★★★☆☆,1-5-3 / 1-3-5 / 1-5-6 / 1-3-6 / 1-6-5 / 1-6-3,2.89,AI★★★★★,1-6-5 / 1-6-4 / 1-6-3 / 1-6-2 / 1-5-6 / 1-5-4,base土台◎ / 当地巧者 / 級別傾向強い / 1号艇有利 / 差しやや警戒,2.96,AI★★★☆☆,1-6-4 / 2-1-4 / 1-6-5 / 4-2-1 / 6-2-1 / 1-6-2,買い,"公式低評価AI検証 / 朝:base土台◎ / 当地巧者 / 級別傾向強い / 1号艇有利 / 差しやや警戒 / base土台を強めに保持 / 直前:気象安定 / 風向東 / 足:ST気配あり / 部品交換:5,6 / 足:1号艇足色良さげ / 整備:チルト:1:-0.5,2:-0.5,3:-0.5,4:0,5:0,6:0 / 部品交換:5:ピストン,リング,ピストンリング,6:ピストン,リング,ピストンリング,シリンダ,ギヤケース,電気,電気一式,キャブ,キャブレタ,シャフト,クランク / 直前差小で朝寄り / 朝評価をやや優先 / 隊形:1逃げ本線 / 2差し注意 / 開催:2日目でやや本命寄り",2026-04-25 16:16:31 JST,"[""6.59"", ""6.61"", ""6.64"", ""6.59"", ""6.65"", ""6.64""]",1:1 / 2:3 / 3:4 / 4:1 / 5:6 / 6:4,晴,4.0,2.0,,東,0.04,1:0.29 / 2:0.06 / 3:-0.11 / 4:0.06 / 5:-0.10 / 6:-0.03,1:A1 / A1 / A2 / A2 / 2:B1 / B1 / B1 / B1 / 3:B1 / B1 / A2 / B1 / 4:B1 / B1 / B1 / B1 / 5:B1 / B1 / B1 / B1 / 6:B1 / B1 / B1 / A2,1:宇佐見淳 / 2:今坂晃広 / 3:新田智彰 / 4:鈴木峻佑 / 5:山本浩輔 / 6:山谷 央,1:-勝率|+当地|-モータ|+級別 / 2:-勝率|+当地|-モータ|-ST / 3:-勝率|+当地|-モータ|-ST|-近況 / 4:-勝率|+当地|-モータ|-ST|-近況 / 5:+当地|-モータ / 6:-モータ,1:-勝率|+当地|-モータ|+級別 / 2:-勝率|+当地|-モータ|-ST / 3:-勝率|+当地|-モータ|-ST|-近況 / 4:-勝率|+当地|-モータ|-ST|-近況 / 5:+当地|-モータ / 6:-モータ,4-1-5,5940,,,,,,,https://boatrace.jp/owpc/pc/race/resultlist?hd=20260425&jcd=06,2026-04-25 16:44:56 JST,,,100,,,,3連単,2,,0.82,base素材危険,base素材危険 / 当地巧者 / 級別傾向強い / 1号艇有利,2026-04-25 03:59:01 JST,,0
2026-04-25,13:12,芦屋,10R,10,official_all,★☆☆☆☆,6-1-2 / 6-2-1 / 6-1-5 / 6-2-5 / 6-5-1 / 6-5-2,8.13,AI★★★★★,6-1-5 / 6-1-2 / 6-1-3 / 6-1-4 / 6-5-1 / 6-5-2,base土台○ / 地力上位 / 級別傾向強い / インやや強め,8.12,AI★★★★★,1-2-5 / 5-2-1 / 1-5-2 / 3-2-5 / 6-5-1 / 6-1-5,様子見,"公式低評価AI検証 / 朝:base土台○ / 地力上位 / 級別傾向強い / インやや強め / base土台をやや保持 / 直前:気象荒れ気味 / 波高6cm / 足:ST気配あり / 部品交換:5,6 / 足:5号艇足色良さげ / 整備:チルト:1:0,2:0,3:0,4:0,5:0,6:0 / 部品交換:5:ピストン,リング,ピストンリング,6:ピストン,リング,ピストンリング,シリンダ,ギヤケース,電気,電気一式,キャブ,キャブレタ,シャフト,クランク / 直前差小で朝寄り / 朝評価をやや優先 / 隊形:5一撃注意 / 1逃げ本線 / 開催:2日目でやや本命寄り",2026-04-25 16:16:31 JST,"[""6.64"", ""6.61"", ""6.66"", ""6.69"", ""6.64"", ""6.70""]",1:2 / 2:1 / 3:4 / 4:5 / 5:2 / 6:6,晴,6.0,6.0,,,-0.2,1:-0.05 / 2:0.00 / 3:0.00 / 4:0.00 / 5:0.17 / 6:-0.12,1:A1 / A1 / A1 / A1 / 2:A2 / A2 / A2 / A2 / 3:B1 / A2 / A2 / A2 / 4:B1 / B1 / B1 / B1 / 5:A2 / A2 / A2 / A2 / 6:A1 / A1 / A1 / A1,1:里岡右貴 / 2:三川昂暁 / 3:下河誉史 / 4:上野秀和 / 5:河野真也 / 6:松崎祐太,1:-勝率|+当地|-モータ|+級別 / 2:-勝率|+当地|-モータ|-ST|+級別 / 3:-勝率|+当地|-モータ|-ST|-近況|+級別 / 4:-勝率|+当地|-モータ|-ST|-近況 / 5:+当地|-モータ|+級別 / 6:+勝率|-モータ|+級別,1:-勝率|+当地|-モータ|+級別 / 2:-勝率|+当地|-モータ|-ST|+級別 / 3:-勝率|+当地|-モータ|-ST|-近況|+級別 / 4:-勝率|+当地|-モータ|-ST|-近況 / 5:+当地|-モータ|+級別 / 6:+勝率|-モータ|+級別,5-1-3,13520,,,,,,,https://boatrace.jp/owpc/pc/race/resultlist?hd=20260425&jcd=21,2026-04-25 16:44:56 JST,,,100,,,,3連単,2,,6.74,base素材○,base素材○ / 地力上位 / 級別傾向強い,2026-04-25 03:59:01 JST,,0
2026-04-25,13:14,宮島,6R,6,official_all,★☆☆☆☆,1-2-5 / 1-5-2 / 1-2-3 / 1-5-3 / 1-3-2 / 1-3-5,6.27,AI★★★★★,6-4-3 / 6-4-5 / 6-4-2 / 6-4-1 / 6-3-4 / 6-3-5,base保留 / 地力上位 / 級別傾向強い / 差しやや警戒,6.39,AI★★★★★,1-3-5 / 5-1-2 / 1-6-5 / 3-1-5 / 6-4-5 / 6-4-3,様子見,"公式低評価AI検証 / 朝:base保留 / 地力上位 / 級別傾向強い / 差しやや警戒 / base保留で買い上げ慎重 / 直前:展示差ややあり / 展示タイム差を確認 / 進入:1-3-2-4-6-5 / 前づけで波乱含み / 気象安定 / 足:足差ややあり / 展示F:1,3注意 / 足:ST気配あり / 足:進入変化 / チルト高:5:3 / 整備:チルト:1:0,2:-0.5,3:-0.5,4:-0.5,5:3,6:0 / 部品交換:1:ピストン,リング,ピストンリング,電気,電気一式,キャブ,キャブレタ,2:ピストン,リング,ピストンリング,電気,電気一式,6:ピストン,リング,ピストンリング,シリンダ,ギヤケース,電気,電気一式,キャブ,キャブレタ,シャフト,クランク / ピット:1:+回り足 / 2:ピット離れ / 5:行き足 / 進入変化ありで少し動かす / 隊形:5一撃注意 / 1逃げ本線 / 進入:1-3-2-4-6-5",2026-04-25 16:16:31 JST,"[""6.65"", ""6.65"", ""6.72"", ""6.71"", ""6.59"", ""6.70""]",1:2 / 2:2 / 3:6 / 4:5 / 5:1 / 6:4,晴,0.0,1.0,,,0.1,1:0.08 / 2:-0.11 / 3:-0.12 / 4:-0.14 / 5:0.20 / 6:-0.18,1:A1 / A1 / A1 / A2 / 2:A1 / A1 / A1 / A2 / 3:A1 / A1 / A1 / A1 / 4:A1 / A1 / A1 / A1 / 5:A1 / A2 / A1 / A1 / 6:A1 / A1 / A1 / A1,1:森永 淳 / 2:今垣光太 / 3:江口晃生 / 4:寺田千恵 / 5:中辻崇人 / 6:重成一人,1:-勝率|+当地|-モータ|+級別 / 2:-勝率|+当地|-モータ|+級別 / 3:-勝率|+当地|-モータ|-近況|+級別 / 4:+勝率|+当地|-モータ|-近況|+級別 / 5:+勝率|+当地|-モータ|+級別 / 6:+勝率|-モータ|+級別,1:-勝率|+当地|-モータ|+級別 / 2:-勝率|+当地|-モータ|+級別 / 3:-勝率|+当地|-モータ|-近況|+級別 / 4:+勝率|+当地|-モータ|-近況|+級別 / 5:+勝率|+当地|-モータ|+級別 / 6:+勝率|-モータ|+級別,1-4-5,9920,,,,,,,https://boatrace.jp/owpc/pc/race/resultlist?hd=20260425&jcd=17,2026-04-25 16:44:56 JST,,,100,,,,3連単,5,,7.69,base素材○,base素材○ / 地力上位 / 級別傾向強い,2026-04-25 03:59:01 JST,,0
2026-04-25,13:18,常滑,7R,7,official_all,★★★★★,6-2-1 / 6-1-2 / 6-2-4 / 6-1-4 / 6-4-2 / 6-4-1,7.84,AI★★★★★,6-5-2 / 6-5-3 / 6-5-4 / 6-5-1 / 6-2-5 / 6-2-3,base保留 / 地力上位 / 級別傾向強い / 差しやや警戒,7.91,AI★★★★★,1-3-4 / 3-4-6 / 1-3-6 / 6-2-3 / 6-5-3 / 6-5-2,様子見,"朝:base保留 / 地力上位 / 級別傾向強い / 差しやや警戒 / base保留で買い上げ慎重 / 直前:気象安定 / 展示F:2,4,6注意 / 部品交換:3,6 / 足:3号艇足色良さげ / 整備:チルト:1:0,2:0,3:0,4:0,5:-0.5,6:0 / 部品交換:3:ピストン,リング,ピストンリング,電気,電気一式,6:ピストン,リング,ピストンリング,シリンダ,ギヤケース,電気,電気一式,キャブ,キャブレタ,シャフト,クランク / 直前差小で朝寄り / 朝評価をやや優先 / 隊形:3攻め注意 / 1逃げ本線 / 開催:2日目でやや本命寄り",2026-04-25 16:16:31 JST,"[""6.72"", ""6.72"", ""6.71"", ""6.67"", ""6.75"", ""6.67""]",1:4 / 2:4 / 3:3 / 4:1 / 5:6 / 6:1,晴,2.0,1.0,,,0.09,1:0.02 / 2:-0.02 / 3:0.11 / 4:0.07 / 5:-0.15 / 6:-0.02,1:B1 / B1 / B1 / B1 / 2:A2 / A2 / B1 / A2 / 3:B1 / B1 / B1 / B1 / 4:B2 / A2 / B1 / B1 / 5:B1 / B1 / B1 / B1 / 6:A1 / A2 / A1 / A1,1:土屋太朗 / 2:杉田篤光 / 3:吉川勇作 / 4:金山立樹 / 5:長畑友輔 / 6:権藤俊光,1:-勝率|+当地|-モータ|-ST / 2:-勝率|+当地|-モータ|-ST|+級別 / 3:-勝率|+当地|-モータ|-ST|-近況 / 4:-勝率|+当地|-モータ|-ST|-近況|-級別 / 5:+当地|-モータ / 6:+勝率|-モータ|+級別,1:-勝率|+当地|-モータ|-ST / 2:-勝率|+当地|-モータ|-ST|+級別 / 3:-勝率|+当地|-モータ|-ST|-近況 / 4:-勝率|+当地|-モータ|-ST|-近況|-級別 / 5:+当地|-モータ / 6:+勝率|-モータ|+級別,1-2-5,5240,,,,,,,https://boatrace.jp/owpc/pc/race/resultlist?hd=20260425&jcd=08,2026-04-25 16:44:56 JST,,,100,,,,3連単,2,,3.17,base素材○,base素材○ / 地力上位 / 級別傾向強い,2026-04-25 03:59:01 JST,,0
2026-04-25,13:20,児島,6R,6,official_all,★☆☆☆☆,2-3-1 / 2-1-3 / 2-3-6 / 2-1-6 / 2-6-3 / 2-6-1,0.79,AI★★☆☆☆,6-5-2 / 6-5-4 / 6-5-3 / 6-5-1 / 6-2-5 / 6-2-4,base危険 / 選手力上位 / インやや強め,0.86,AI★★☆☆☆,1-2-4 / 4-2-1 / 2-3-4 / 3-2-4 / 2-4-1 / 6-5-2,見送り寄り,"公式低評価AI検証 / 朝:base危険 / 選手力上位 / インやや強め / base危険で買い上げ抑制 / 直前:展示差あり / 展示タイム差を確認 / 足:足差あり / 足:ST気配あり / 部品交換:5,6 / 足:3号艇足色良さげ / 整備:チルト:1:0,2:-0.5,3:0,4:0,5:-0.5,6:0 / 部品交換:5:ピストン,リング,ピストンリング,6:ピストン,リング,ピストンリング,シリンダ,ギヤケース,電気,電気一式,キャブ,キャブレタ,シャフト,クランク / 直前差中で少し動かす / 隊形:4攻め注意 / 2差し注意",2026-04-25 16:16:31 JST,"[""6.68"", ""6.62"", ""6.74"", ""6.59"", ""6.76"", ""6.78""]",1:3 / 2:2 / 3:4 / 4:1 / 5:5 / 6:6,晴,4.0,3.0,,,0.0,1:-0.02 / 2:0.13 / 3:-0.01 / 4:0.24 / 5:-0.36 / 6:-0.42,1:B1 / A2 / B1 / B1 / 2:A2 / A2 / B1 / B1 / 3:B1 / B1 / B1 / A2 / 4:B1 / B1 / B1 / B1 / 5:B1 / B1 / B1 / B1 / 6:B1 / A2 / B1 / B1,1:森安弘雅 / 2:渡邉俊介 / 3:井上大輔 / 4:小松卓司 / 5:神田達也 / 6:前出達吉,1:-勝率|+当地|-モータ|-ST / 2:-勝率|+当地|-モータ|-ST|+級別 / 3:-勝率|+当地|-モータ|-ST|-近況 / 4:-勝率|+当地|-モータ|-ST|-近況 / 5:+当地|-モータ / 6:-モータ,1:-勝率|+当地|-モータ|-ST / 2:-勝率|+当地|-モータ|-ST|+級別 / 3:-勝率|+当地|-モータ|-ST|-近況 / 4:-勝率|+当地|-モータ|-ST|-近況 / 5:+当地|-モータ / 6:-モータ,1-2-6,2480,,,,,,,https://boatrace.jp/owpc/pc/race/resultlist?hd=20260425&jcd=16,2026-04-25 16:44:56 JST,,,100,,,,3連単,3,,-0.72,base素材危険,base素材危険 / 選手力上位,2026-04-25 03:59:01 JST,,0
2026-04-25,13:22,平和島,6R,6,official_all,★★★★★,4-6-2 / 4-2-6 / 4-6-1 / 4-2-1 / 4-1-6 / 4-1-2,8.04,AI★★★★★,4-6-3 / 4-6-2 / 4-6-1 / 4-6-5 / 4-3-6 / 4-3-2,base土台○ / 地力上位 / 当地巧者 / 級別傾向強い / 中枠攻め候補 / 攻めやや注意,8.12,AI★★★★★,1-2-6 / 2-1-6 / 1-2-4 / 3-2-1 / 4-6-2 / 4-6-1,買い,"朝:base土台○ / 地力上位 / 当地巧者 / 級別傾向強い / 中枠攻め候補 / 攻めやや注意 / base土台をやや保持 / 直前:展示差あり / 展示タイム差を確認 / 気象安定 / 足:足差ややあり / 展示F:4,5,6注意 / 足:ST気配あり / 部品交換:1,6 / 足:3号艇足色良さげ / 整備:チルト:1:-0.5,2:-0.5,3:-0.5,4:-0.5,5:-0.5,6:-0.5 / 部品交換:1:ピストン,リング,ピストンリング,電気,電気一式,6:ピストン,リング,ピストンリング,電気,電気一式,キャブ,キャブレタ / 直前差小で朝寄り / 朝評価をやや優先 / 隊形:1逃げ本線 / 2差し注意 / 開催:2日目でやや本命寄り",2026-04-25 16:16:31 JST,"[""6.74"", ""6.69"", ""6.87"", ""6.79"", ""6.76"", ""6.75""]",1:2 / 2:1 / 3:6 / 4:5 / 5:4 / 6:3,晴,1.0,3.0,,,0.05,1:0.10 / 2:0.08 / 3:-0.15 / 4:-0.08 / 5:-0.10 / 6:-0.05,1:B1 / B1 / B1 / B1 / 2:B1 / B1 / B1 / B1 / 3:B1 / B1 / B1 / B1 / 4:A1 / A1 / A1 / A1 / 5:B2 / B2 / B2 / 6:A2 / A2 / A2 / A2,1:伊久間陽 / 2:小黒竜吾 / 3:高橋真吾 / 4:山崎 郡 / 5:宮城那菜 / 6:宇野弥生,1:-勝率|+当地|-モータ|-ST / 2:-勝率|+当地|-モータ|-ST / 3:-勝率|+当地|-モータ|-ST|-近況 / 4:+勝率|+当地|-モータ|-近況|+級別 / 5:+当地|-モータ|-級別 / 6:-モータ|+級別,1:-勝率|+当地|-モータ|-ST / 2:-勝率|+当地|-モータ|-ST / 3:-勝率|+当地|-モータ|-ST|-近況 / 4:+勝率|+当地|-モータ|-近況|+級別 / 5:+当地|-モータ|-級別 / 6:-モータ|+級別,1-3-4,3850,,,,,,,https://boatrace.jp/owpc/pc/race/resultlist?hd=20260425&jcd=04,2026-04-25 16:44:56 JST,,,100,,,,3連単,2,,4.62,base素材○,base素材○ / 地力上位 / 当地巧者 / 級別傾向強い / 中枠攻め候補,2026-04-25 03:59:01 JST,,0
2026-04-25,13:27,津,7R,7,official_all,★★★☆☆,4-1-5 / 4-5-1 / 4-1-3 / 4-5-3 / 4-3-1 / 4-3-5,7.56,AI★★★★★,5-4-1 / 5-4-2 / 5-4-3 / 5-4-6 / 5-1-4 / 5-1-2,base土台○ / 地力上位 / 当地巧者 / 級別傾向強い / インやや強め,7.63,AI★★★★★,1-3-5 / 1-6-5 / 1-4-5 / 5-4-3 / 5-1-4 / 5-4-1,買い,"公式低評価AI検証 / 朝:base土台○ / 地力上位 / 当地巧者 / 級別傾向強い / インやや強め / base土台をやや保持 / 直前:展示差あり / 展示タイム差を確認 / 気象安定 / 風向西 / 足:足差ややあり / 展示F:4,5注意 / 部品交換:3,6 / 足:2号艇足色良さげ / 整備:チルト:1:-0.5,2:0,3:-0.5,4:-0.5,5:0,6:0 / 部品交換:3:ピストン,リング,ピストンリング,シリンダ,キャリア,キャリアボデー,ギヤケース,電気,電気一式,キャブ,キャブレタ,シャフト,クランク,6:ピストン,リング,ピストンリング,シリンダ,電気,電気一式,キャブ,キャブレタ / 直前差小で朝寄り / 朝評価をやや優先 / 隊形:1逃げ本線 / 2差し注意 / 開催:2日目でやや本命寄り",2026-04-25 16:16:31 JST,"[""6.87"", ""6.99"", ""6.92"", ""6.89"", ""6.85"", ""6.90""]",1:2 / 2:6 / 3:5 / 4:3 / 5:1 / 6:4,曇,3.0,2.0,,西,0.04,1:0.12 / 2:-0.21 / 3:-0.07 / 4:-0.03 / 5:0.08 / 6:-0.03,1:A2 / B1 / B1 / B1 / 2:B1 / B1 / B1 / B1 / 3:B1 / B1 / B2 / B1 / 4:A2 / A1 / A1 / A1 / 5:A1 / A1 / A1 / A2 / 6:B2 / B2 / B2 / B2,1:松田淳平 / 2:小倉康典 / 3:野田なづ / 4:石塚久也 / 5:金子賢志 / 6:西田和加,1:-勝率|+当地|-モータ|-ST|+級別 / 2:-勝率|+当地|-モータ|-ST / 3:-勝率|+当地|-モータ|-ST|-近況|-級別 / 4:-勝率|+当地|-モータ|-近況|+級別 / 5:+勝率|+当地|-モータ|+級別 / 6:-モータ|-級別,1:-勝率|+当地|-モータ|-ST|+級別 / 2:-勝率|+当地|-モータ|-ST / 3:-勝率|+当地|-モータ|-ST|-近況|-級別 / 4:-勝率|+当地|-モータ|-近況|+級別 / 5:+勝率|+当地|-モータ|+級別 / 6:-モータ|-級別,4-5-1,3960,,,,,,,https://boatrace.jp/owpc/pc/race/resultlist?hd=20260425&jcd=09,2026-04-25 16:44:56 JST,,,100,,,,3連単,2,,4.86,base素材○,base素材○ / 地力上位 / 当地巧者 / 級別傾向強い,2026-04-25 03:59:01 JST,,0
2026-04-25,13:30,福岡,3R,3,official_all,★☆☆☆☆,1-3-4 / 1-4-3 / 1-3-5 / 1-4-5 / 1-5-3 / 1-5-4,0.58,AI★★☆☆☆,3-6-5 / 3-6-4 / 3-6-2 / 3-6-1 / 3-5-6 / 3-5-4,base保留 / 当地巧者 / 級別傾向強い / 中枠攻め候補,0.71,AI★☆☆☆☆,1-2-5 / 2-1-5 / 1-2-4 / 4-2-1 / 3-2-1 / 3-6-5,見送り寄り,"公式低評価AI検証 / 朝:base保留 / 当地巧者 / 級別傾向強い / 中枠攻め候補 / base保留で買い上げ慎重 / 直前:展示差あり / 展示タイム差を確認 / 足:足差ややあり / 足:ST気配あり / 部品交換:5,6 / 足:1号艇足色良さげ / 整備:チルト:1:0,2:-0.5,3:-0.5,4:-0.5,5:-0.5,6:-0.5 / 部品交換:5:ピストン,リング,ピストンリング,6:ピストン,リング,ピストンリング,シリンダ,ギヤケース,電気,電気一式,キャブ,キャブレタ,シャフト,クランク / 直前差中で少し動かす / 隊形:1逃げ本線 / 2差し注意 / 開催:2日目でやや本命寄り",2026-04-25 16:16:31 JST,"[""6.80"", ""6.78"", ""6.84"", ""6.88"", ""6.86"", ""6.96""]",1:2 / 2:1 / 3:3 / 4:5 / 5:4 / 6:6,晴,3.0,3.0,,,0.0,1:0.27 / 2:0.19 / 3:-0.11 / 4:-0.05 / 5:-0.06 / 6:-0.36,1:B1 / B1 / B1 / B1 / 2:B1 / B1 / B1 / B1 / 3:A1 / A2 / B1 / B2 / 4:B1 / B1 / B1 / B1 / 5:B1 / B1 / B1 / B1 / 6:B1 / B1 / B1 / A2,1:藤丸光一 / 2:梅原祥平 / 3:小池公生 / 4:占部一真 / 5:小林愛実 / 6:吉田 光,1:-勝率|+当地|-モータ|-ST / 2:-勝率|+当地|-モータ|-ST / 3:-勝率|+当地|-モータ|-近況|+級別 / 4:-勝率|+当地|-モータ|-ST|-近況 / 5:+当地|-モータ / 6:-モータ,1:-勝率|+当地|-モータ|-ST / 2:-勝率|+当地|-モータ|-ST / 3:-勝率|+当地|-モータ|-近況|+級別 / 4:-勝率|+当地|-モータ|-ST|-近況 / 5:+当地|-モータ / 6:-モータ,3-2-1,5950,,,,,,,https://boatrace.jp/owpc/pc/race/resultlist?hd=20260425&jcd=22,2026-04-25 16:44:56 JST,,,100,,,,3連単,2,,-0.37,base素材危険,base素材危険 / 当地巧者 / 級別傾向強い / 中枠攻め候補,2026-04-25 03:59:01 JST,,0
2026-04-25,13:33,尼崎,7R,7,official_all,★★★★☆,4-2-5 / 4-5-2 / 4-2-6 / 4-5-6 / 4-6-2 / 4-6-5,8.71,AI★★★★★,4-6-5 / 4-6-2 / 4-6-3 / 4-6-1 / 4-5-6 / 4-5-2,base土台○ / 地力上位 / 当地巧者 / 級別傾向強い / 中枠攻め候補 / 差しやや警戒,8.76,AI★★★★★,1-2-6 / 2-6-5 / 1-2-5 / 5-2-6 / 4-6-2 / 4-6-5,様子見,"朝:base土台○ / 地力上位 / 当地巧者 / 級別傾向強い / 中枠攻め候補 / 差しやや警戒 / base土台をやや保持 / 直前:気象安定 / 展示F:4注意 / 足:ST気配あり / 部品交換:1,6 / 足:5号艇足色良さげ / 整備:チルト:1:-0.5,2:0,3:-0.5,4:0,5:-0.5,6:-0.5 / 部品交換:1:ピストン,リング,ピストンリング,電気,電気一式,6:ピストン,リング,ピストンリング,シリンダ,ギヤケース,電気,電気一式,キャブ,キャブレタ,シャフト,クランク / 直前差小で朝寄り / 朝評価をやや優先 / 隊形:1逃げ本線 / 2差し注意 / 開催:2日目でやや本命寄り",2026-04-25 16:16:31 JST,"[""6.82"", ""6.75"", ""6.83"", ""6.81"", ""6.84"", ""6.79""]",1:4 / 2:1 / 3:5 / 4:3 / 5:6 / 6:2,晴,3.0,0.0,,,0.05,1:0.01 / 2:0.14 / 3:-0.16 / 4:-0.03 / 5:0.02 / 6:-0.00,1:B1 / B1 / B1 / B1 / 2:A2 / B1 / B1 / A2 / 3:B1 / B1 / B1 / B1 / 4:A1 / A1 / A1 / A1 / 5:B1 / B1 / B1 / B1 / 6:B1 / B1 / B1 / B1,1:中島浩哉 / 2:鈴木孝明 / 3:平瀬城啓 / 4:高野哲史 / 5:川島拓郎 / 6:廣瀬篤哉,1:-勝率|+当地|-モータ|-ST / 2:-勝率|+当地|-モータ|-ST|+級別 / 3:-勝率|+当地|-モータ|-ST|-近況 / 4:+勝率|+当地|-モータ|-近況|+級別 / 5:+当地|-モータ / 6:-モータ,1:-勝率|+当地|-モータ|-ST / 2:-勝率|+当地|-モータ|-ST|+級別 / 3:-勝率|+当地|-モータ|-ST|-近況 / 4:+勝率|+当地|-モータ|-近況|+級別 / 5:+当地|-モータ / 6:-モータ,2-4-1,1770,,,,,,,https://boatrace.jp/owpc/pc/race/resultlist?hd=20260425&jcd=13,2026-04-25 16:44:56 JST,,,100,,,,3連単,2,,3.91,base素材○,base素材○ / 地力上位 / 当地巧者 / 級別傾向強い / 中枠攻め候補,2026-04-25 03:59:01 JST,,0
2026-04-25,13:35,唐津,11R,11,official_all,★☆☆☆☆,3-4-1 / 3-1-4 / 3-4-5 / 3-1-5 / 3-5-4 / 3-5-1,5.92,AI★★★★★,3-5-4 / 3-5-6 / 3-5-2 / 3-5-1 / 3-4-5 / 3-4-6,base土台○ / 当地巧者 / 級別傾向強い / 中枠攻め候補 / 攻めやや注意,5.89,AI★★★★★,1-2-5 / 2-3-5 / 3-5-2 / 6-2-5 / 3-5-4 / 3-5-6,買い,"公式低評価AI検証 / 朝:base土台○ / 当地巧者 / 級別傾向強い / 中枠攻め候補 / 攻めやや注意 / base土台をやや保持 / 直前:展示差ややあり / 展示タイム差を確認 / 気象荒れ気味 / 波高5cm / 展示F:1,2,5注意 / 足:ST気配あり / 部品交換:2,3,5,6 / 足:6号艇足色良さげ / 整備:チルト:1:0,2:-0.5,3:-0.5,4:-0.5,5:0,6:-0.5 / 部品交換:2:ピストン,リング,ピストンリング,シリンダ,キャリア,キャリアボデー,ギヤケース,電気,電気一式,キャブ,キャブレタ,シャフト,クランク,プロペラ,ペラ,3:ピストン,リング,ピストンリング,5:ピストン,6:ピストン,リング,ピストンリング,シリンダ,電気,電気一式,キャブ,キャブレタ / 直前差小で朝寄り / 朝評価をやや優先 / 隊形:2差し注意 / 1逃げ本線",2026-04-25 16:16:31 JST,"[""6.73"", ""6.71"", ""6.78"", ""6.81"", ""6.72"", ""6.82""]",1:3 / 2:1 / 3:4 / 4:5 / 5:2 / 6:6,晴,5.0,5.0,,,-0.2,1:-0.11 / 2:0.12 / 3:-0.04 / 4:-0.11 / 5:0.00 / 6:-0.09,1:B1 / B1 / B1 / B1 / 2:B1 / B1 / B1 / B1 / 3:A1 / A1 / A1 / A2 / 4:B1 / A2 / A2 / A2 / 5:B1 / B1 / A2 / A2 / 6:B1 / B1 / B1 / B1,1:富田恕生 / 2:大澤大夢 / 3:葛原大陽 / 4:大庭元明 / 5:山崎義明 / 6:岩川仁士,1:-勝率|+当地|-モータ|-ST / 2:-勝率|+当地|-モータ|-ST / 3:-勝率|+当地|-モータ|-近況|+級別 / 4:-勝率|+当地|-モータ|-ST|-近況|+級別 / 5:+当地|-モータ / 6:-モータ,1:-勝率|+当地|-モータ|-ST / 2:-勝率|+当地|-モータ|-ST / 3:-勝率|+当地|-モータ|-近況|+級別 / 4:-勝率|+当地|-モータ|-ST|-近況|+級別 / 5:+当地|-モータ / 6:-モータ,1-3-2,1000,,,,,,,https://boatrace.jp/owpc/pc/race/resultlist?hd=20260425&jcd=23,2026-04-25 16:35:31 JST,,,100,,,,3連単,3,,2.9,base素材○,base素材○ / 当地巧者 / 級別傾向強い / 中枠攻め候補,2026-04-25 03:59:01 JST,,0
2026-04-25,13:39,浜名湖,5R,5,official_all,★★☆☆☆,6-2-1 / 6-1-2 / 6-2-4 / 6-1-4 / 6-4-2 / 6-4-1,4.69,AI★★★★★,6-2-5 / 6-2-4 / 6-2-3 / 6-2-1 / 6-5-2 / 6-5-4,base保留 / 選手力上位 / 級別傾向強い / 差しやや警戒,4.8,AI★★★★★,1-6-5 / 5-1-6 / 1-5-6 / 6-2-5 / 4-6-5 / 6-5-2,買い,"公式低評価AI検証 / 朝:base保留 / 選手力上位 / 級別傾向強い / 差しやや警戒 / base保留で買い上げ慎重 / 直前:展示差あり / 展示タイム差を確認 / 気象安定 / 風向東 / 足:足差あり / 展示F:4,6注意 / 足:ST気配あり / 部品交換:5,6 / 足:5号艇足色良さげ / 整備:チルト:1:-0.5,2:-0.5,3:-0.5,4:-0.5,5:-0.5,6:-0.5 / 部品交換:5:ピストン,リング,ピストンリング,6:ピストン,リング,ピストンリング,シリンダ,ギヤケース,電気,電気一式,キャブ,キャブレタ,シャフト,クランク / 直前差中で少し動かす / 隊形:1逃げ本線 / 開催:2日目でやや本命寄り",2026-04-25 16:16:31 JST,"[""6.68"", ""6.67"", ""6.80"", ""6.66"", ""6.68"", ""6.59""]",1:4 / 2:3 / 3:6 / 4:2 / 5:4 / 6:1,晴,4.0,2.0,,東,0.04,1:0.05 / 2:-0.15 / 3:-0.36 / 4:-0.01 / 5:0.06 / 6:0.11,1:B1 / B1 / B1 / B1 / 2:A2 / B1 / A2 / B1 / 3:B1 / B1 / B1 / B1 / 4:B1 / B1 / B1 / B1 / 5:B1 / B2 / B1 / B1 / 6:A1 / A2 / B1 / B1,1:大崎 翔 / 2:鈴木裕隆 / 3:森林 太 / 4:間野兼礼 / 5:齋藤智裕 / 6:藤山雅弘,1:-勝率|+当地|-モータ|-ST / 2:-勝率|+当地|-モータ|-ST|+級別 / 3:-勝率|+当地|-モータ|-ST|-近況 / 4:-勝率|+当地|-モータ|-ST|-近況 / 5:+当地|-モータ|-級別 / 6:-モータ|+級別,1:-勝率|+当地|-モータ|-ST / 2:-勝率|+当地|-モータ|-ST|+級別 / 3:-勝率|+当地|-モータ|-ST|-近況 / 4:-勝率|+当地|-モータ|-ST|-近況 / 5:+当地|-モータ|-級別 / 6:-モータ|+級別,2-1-6,2770,,,,,,,https://boatrace.jp/owpc/pc/race/resultlist?hd=20260425&jcd=06,2026-04-25 16:35:31 JST,,,100,,,,3連単,2,,1.0,base素材危険,base素材危険 / 選手力上位 / 級別傾向強い,2026-04-25 03:59:01 JST,,0
2026-04-25,13:41,鳴門,11R,11,official_all,★★★★★,1-2-5 / 1-5-2 / 1-2-6 / 1-5-6 / 1-6-2 / 1-6-5,4.72,AI★★★★★,1-6-2 / 1-6-4 / 1-6-5 / 1-6-3 / 1-2-6 / 1-2-4,base土台◎ / 当地巧者 / 級別傾向強い / 1号艇有利 / インやや強め,4.79,AI★★★★★,1-6-5 / 1-6-4 / 1-6-2 / 4-1-5 / 3-1-5 / 4-5-1,買い,"朝:base土台◎ / 当地巧者 / 級別傾向強い / 1号艇有利 / インやや強め / base土台を強めに保持 / 直前:展示差あり / 展示タイム差を確認 / 気象安定 / 足:足差ややあり / 展示F:1,4,5,6注意 / チルト高:5:1 / 部品交換:2,3,6 / 足:3号艇足色良さげ / 整備:チルト:1:0,2:-0.5,3:-0.5,4:0,5:1,6:0 / 部品交換:2:ピストン,リング,ピストンリング,3:ピストン,6:ピストン,リング,ピストンリング,シリンダ,電気,電気一式,キャブ,キャブレタ / 直前差小で朝寄り / 朝評価をやや優先 / 隊形:1逃げ本線 / 2差し注意 / 開催:2日目でやや本命寄り",2026-04-25 16:16:31 JST,"[""6.66"", ""6.79"", ""6.79"", ""6.66"", ""6.63"", ""6.77""]",1:2 / 2:5 / 3:5 / 4:2 / 5:1 / 6:4,晴,1.0,1.0,,,0.1,1:0.12 / 2:-0.21 / 3:-0.23 / 4:-0.01 / 5:0.08 / 6:-0.25,1:A1 / A1 / A1 / A1 / 2:A2 / A2 / A2 / A2 / 3:B1 / B1 / B1 / B1 / 4:B1 / A2 / A2 / B1 / 5:B1 / B1 / B1 / B1 / 6:A2 / A1 / A2 / A2,1:渡辺浩司 / 2:松本博昭 / 3:中渡修作 / 4:富澤祐作 / 5:垂水 悠 / 6:武重雄介,1:-勝率|+当地|-モータ|+級別 / 2:-勝率|+当地|-モータ|-ST|+級別 / 3:-勝率|+当地|-モータ|-ST|-近況 / 4:-勝率|+当地|-モータ|-ST|-近況|+級別 / 5:+当地|-モータ / 6:-モータ|+級別,1:-勝率|+当地|-モータ|+級別 / 2:-勝率|+当地|-モータ|-ST|+級別 / 3:-勝率|+当地|-モータ|-ST|-近況 / 4:-勝率|+当地|-モータ|-ST|-近況|+級別 / 5:+当地|-モータ / 6:-モータ|+級別,1-4-2,1110,,,,,,,https://boatrace.jp/owpc/pc/race/resultlist?hd=20260425&jcd=14,2026-04-25 16:35:31 JST,,,100,,,,3連単,2,,3.81,base素材○,base素材○ / 当地巧者 / 級別傾向強い / 1号艇有利,2026-04-25 03:59:01 JST,,0
2026-04-25,13:45,宮島,7R,7,official_all,★☆☆☆☆,2-4-1 / 2-1-4 / 2-4-3 / 2-1-3 / 2-3-4 / 2-3-1,5.89,AI★★★★★,5-4-3 / 5-4-2 / 5-4-1 / 5-4-6 / 5-3-4 / 5-3-2,base土台○ / 地力上位 / 当地巧者 / 級別傾向強い / 差しやや警戒,5.93,AI★★★★★,1-3-4 / 4-3-5 / 5-4-3 / 3-4-5 / 2-3-4 / 5-4-1,買い,"公式低評価AI検証 / 朝:base土台○ / 地力上位 / 当地巧者 / 級別傾向強い / 差しやや警戒 / base土台をやや保持 / 直前:気象安定 / 展示F:4,6注意 / 足:ST気配あり / 部品交換:1,3,6 / 足:5号艇足色良さげ / 整備:チルト:1:0,2:-0.5,3:-0.5,4:0.5,5:-0.5,6:-0.5 / 部品交換:1:ピストン,リング,ピストンリング,電気,電気一式,3:ピストン,リング,ピストンリング,電気,電気一式,キャブ,キャブレタ,6:ピストン,リング,ピストンリング,シリンダ,ギヤケース,電気,電気一式,キャブ,キャブレタ,シャフト,クランク / 直前差中で少し動かす / 隊形:1逃げ本線",2026-04-25 16:16:31 JST,"[""6.68"", ""6.67"", ""6.67"", ""6.62"", ""6.72"", ""6.69""]",1:4 / 2:2 / 3:2 / 4:1 / 5:6 / 6:5,晴,2.0,2.0,,,0.08,1:0.05 / 2:-0.10 / 3:0.01 / 4:0.10 / 5:0.01 / 6:-0.12,1:A1 / A1 / A2 / A1 / 2:A1 / A1 / A1 / A1 / 3:A1 / A1 / A1 / A1 / 4:A1 / A1 / A1 / A1 / 5:A1 / A1 / A1 / A1 / 6:A2 / A2 / B1 / A2,1:濱野谷憲 / 2:田口節子 / 3:徳増秀樹 / 4:太田和美 / 5:守田俊介 / 6:浅見昌克,1:-勝率|+当地|-モータ|+級別 / 2:-勝率|+当地|-モータ|+級別 / 3:-勝率|+当地|-モータ|-近況|+級別 / 4:+勝率|+当地|-モータ|-近況|+級別 / 5:+勝率|+当地|-モータ|+級別 / 6:-モータ|+級別,1:-勝率|+当地|-モータ|+級別 / 2:-勝率|+当地|-モータ|+級別 / 3:-勝率|+当地|-モータ|-近況|+級別 / 4:+勝率|+当地|-モータ|-近況|+級別 / 5:+勝率|+当地|-モータ|+級別 / 6:-モータ|+級別,1-3-2,2200,,,,,,,https://boatrace.jp/owpc/pc/race/resultlist?hd=20260425&jcd=17,2026-04-25 16:35:31 JST,,,100,,,,3連単,5,,7.43,base素材○,base素材○ / 地力上位 / 当地巧者 / 級別傾向強い,2026-04-25 03:59:01 JST,,0
2026-04-25,13:47,常滑,8R,8,official_all,★★★★☆,4-3-5 / 4-5-3 / 4-3-6 / 4-5-6 / 4-6-3 / 4-6-5,5.41,AI★★★★★,3-4-5 / 3-4-6 / 3-4-1 / 3-4-2 / 3-5-4 / 3-5-6,base土台○ / 当地巧者 / 級別傾向強い / 中枠攻め候補 / 差しやや警戒,5.51,AI★★★★★,1-6-5 / 6-1-5 / 1-6-2 / 2-1-6 / 3-4-6 / 3-4-5,買い,"朝:base土台○ / 当地巧者 / 級別傾向強い / 中枠攻め候補 / 差しやや警戒 / base土台をやや保持 / 直前:展示差あり / 展示タイム差を確認 / 気象安定 / 足:足差あり / 足:ST気配あり / チルト高:6:3 / 部品交換:1,2,3,6 / 足:1号艇足色良さげ / 整備:チルト:1:0,2:-0.5,3:-0.5,4:0,5:0,6:3 / 部品交換:1:ピストン,リング,ピストンリング,シリンダ,キャリア,キャリアボデー,ギヤケース,電気,電気一式,キャブ,キャブレタ,シャフト,クランク,2:ピストン,3:ピストン,リング,ピストンリング,6:ピストン,リング,ピストンリング,シリンダ,電気,電気一式,キャブ,キャブレタ / 直前差中で少し動かす / 隊形:1逃げ本線 / 開催:2日目でやや本命寄り",2026-04-25 16:16:31 JST,"[""6.74"", ""6.77"", ""6.78"", ""6.76"", ""6.71"", ""6.60""]",1:3 / 2:5 / 3:6 / 4:4 / 5:2 / 6:1,晴,2.0,1.0,,,0.09,1:0.11 / 2:-0.17 / 3:-0.49 / 4:-0.16 / 5:-0.11 / 6:0.15,1:B1 / B1 / B1 / B1 / 2:B2 / A2 / B1 / B1 / 3:A1 / A1 / A1 / A1 / 4:A1 / A2 / A1 / A1 / 5:A2 / A2 / A2 / A1 / 6:B1 / A2 / B1 / B1,1:熊本英一 / 2:籾山佳岳 / 3:飯島昌弘 / 4:野中一平 / 5:村田修次 / 6:杉山勝匡,1:-勝率|+当地|-モータ|-ST / 2:-勝率|+当地|-モータ|-ST|-級別 / 3:-勝率|+当地|-モータ|-近況|+級別 / 4:-勝率|+当地|-モータ|-近況|+級別 / 5:+当地|-モータ|+級別 / 6:-モータ,1:-勝率|+当地|-モータ|-ST / 2:-勝率|+当地|-モータ|-ST|-級別 / 3:-勝率|+当地|-モータ|-近況|+級別 / 4:-勝率|+当地|-モータ|-近況|+級別 / 5:+当地|-モータ|+級別 / 6:-モータ,2-1-5,24940,,,,,,,https://boatrace.jp/owpc/pc/race/resultlist?hd=20260425&jcd=08,2026-04-25 16:35:31 JST,,,100,,,,3連単,2,,5.18,base素材○,base素材○ / 当地巧者 / 級別傾向強い / 中枠攻め候補,2026-04-25 03:59:01 JST,,0
2026-04-25,13:49,芦屋,11R,11,official_all,★★☆☆☆,1-2-3 / 1-3-2 / 1-2-6 / 1-3-6 / 1-6-2 / 1-6-3,5.37,AI★★★★★,6-1-5 / 6-1-3 / 6-1-2 / 6-1-4 / 6-5-1 / 6-5-3,base土台○ / 地力上位 / 級別傾向強い / インやや強め,5.36,AI★★★★★,1-3-6 / 3-6-5 / 3-4-6 / 4-3-6 / 6-1-3 / 6-1-5,買い,"公式低評価AI検証 / 朝:base土台○ / 地力上位 / 級別傾向強い / インやや強め / base土台をやや保持 / 直前:気象荒れ気味 / 波高6cm / 足:ST気配あり / 部品交換:1,3,4,6 / 足:3号艇足色良さげ / 整備:チルト:1:0,2:0,3:0,4:0,5:-0.5,6:0 / 部品交換:1:ピストン,リング,ピストンリング,3:ピストン,4:ピストン,リング,ピストンリング,シリンダ,キャリア,キャリアボデー,ギヤケース,電気,電気一式,キャブ,キャブレタ,シャフト,クランク,6:ピストン,リング,ピストンリング,シリンダ,電気,電気一式,キャブ,キャブレタ / 直前差小で朝寄り / 朝評価をやや優先 / 隊形:3攻め注意 / 開催:2日目でやや本命寄り",2026-04-25 16:16:31 JST,"[""6.69"", ""6.71"", ""6.65"", ""6.71"", ""6.70"", ""6.69""]",1:2 / 2:5 / 3:1 / 4:5 / 5:4 / 6:2,晴,6.0,6.0,,,-0.2,1:-0.13 / 2:-0.11 / 3:0.21 / 4:0.03 / 5:0.02 / 6:0.03,1:A1 / A1 / A1 / A1 / 2:A2 / A2 / A2 / B2 / 3:A2 / B2 / A1 / A1 / 4:B1 / B1 / B1 / B1 / 5:A2 / B2 / A2 / A2 / 6:A1 / A2 / A1 / A1,1:永田啓二 / 2:山田 丈 / 3:枝尾 賢 / 4:松尾宣邦 / 5:山一鉄也 / 6:長野壮志,1:-勝率|+当地|-モータ|+級別 / 2:-勝率|+当地|-モータ|-ST|+級別 / 3:-勝率|+当地|-モータ|-ST|-近況|+級別 / 4:-勝率|+当地|-モータ|-ST|-近況 / 5:+当地|-モータ|+級別 / 6:+勝率|-モータ|+級別,1:-勝率|+当地|-モータ|+級別 / 2:-勝率|+当地|-モータ|-ST|+級別 / 3:-勝率|+当地|-モータ|-ST|-近況|+級別 / 4:-勝率|+当地|-モータ|-ST|-近況 / 5:+当地|-モータ|+級別 / 6:+勝率|-モータ|+級別,1-3-5,930,,,,,,,https://boatrace.jp/owpc/pc/race/resultlist?hd=20260425&jcd=21,2026-04-25 16:35:31 JST,,,100,,,,3連単,2,,4.97,base素材○,base素材○ / 地力上位 / 級別傾向強い,2026-04-25 03:59:01 JST,,0
2026-04-25,13:51,児島,7R,7,official_all,★★★★★,6-1-2 / 6-2-1 / 6-1-4 / 6-2-4 / 6-4-1 / 6-4-2,10.86,AI★★★★★,6-5-4 / 6-5-1 / 6-5-3 / 6-5-2 / 6-4-5 / 6-4-1,base土台○ / 地力上位 / 級別傾向強い / インやや強め,10.88,AI★★★★★,1-5-4 / 5-4-3 / 4-5-3 / 3-5-4 / 6-5-4 / 6-5-1,様子見,"朝:base土台○ / 地力上位 / 級別傾向強い / インやや強め / base土台をやや保持 / 直前:展示差ややあり / 展示タイム差を確認 / 進入:1-5-2-3-4-6 / 前づけで波乱含み / 気象荒れ気味 / 足:足差ややあり / 足:ST気配あり / 足:進入変化 / 部品交換:2,3,6 / 整備:チルト:1:0,2:0,3:-0.5,4:0,5:-0.5,6:-0.5 / 部品交換:2:ピストン,リング,ピストンリング,電気,電気一式,キャブ,キャブレタ,3:ピストン,リング,ピストンリング,電気,電気一式,6:ピストン,リング,ピストンリング,シリンダ,ギヤケース,電気,電気一式,キャブ,キャブレタ,シャフト,クランク / 進入変化ありで少し動かす / 隊形:5一撃注意 / 4攻め注意 / 進入:1-5-2-3-4-6",2026-04-25 16:16:31 JST,"[""6.79"", ""6.81"", ""6.67"", ""6.67"", ""6.68"", ""6.77""]",1:5 / 2:6 / 3:1 / 4:1 / 5:3 / 6:4,晴,5.0,3.0,,,-0.1,1:-0.14 / 2:-0.46 / 3:0.09 / 4:0.24 / 5:0.29 / 6:-0.05,1:B1 / A2 / A2 / B1 / 2:B1 / B1 / B1 / B1 / 3:B1 / B1 / B1 / B1 / 4:B1 / B1 / B1 / B1 / 5:B1 / B1 / B2 / B1 / 6:A1 / A1 / A1 / A1,1:星 栄爾 / 2:吉永泰弘 / 3:角山雄哉 / 4:山本景士 / 5:清水紀克 / 6:島村隆幸,1:-勝率|+当地|-モータ|-ST|+級別 / 2:-勝率|+当地|-モータ|-ST / 3:-勝率|+当地|-モータ|-ST|-近況 / 4:-勝率|+当地|-モータ|-ST|-近況 / 5:+当地|-モータ|-級別 / 6:+勝率|-モータ|+級別,1:-勝率|+当地|-モータ|-ST|+級別 / 2:-勝率|+当地|-モータ|-ST / 3:-勝率|+当地|-モータ|-ST|-近況 / 4:-勝率|+当地|-モータ|-ST|-近況 / 5:+当地|-モータ|-級別 / 6:+勝率|-モータ|+級別,2-6-4,15820,,,,,,,https://boatrace.jp/owpc/pc/race/resultlist?hd=20260425&jcd=16,2026-04-25 16:35:31 JST,,,100,,,,3連単,3,,4.32,base素材○,base素材○ / 地力上位 / 級別傾向強い,2026-04-25 03:59:01 JST,,0
2026-04-25,13:53,平和島,7R,7,official_all,★★★★★,2-5-1 / 2-1-5 / 2-5-3 / 2-1-3 / 2-3-5 / 2-3-1,5.71,AI★★★★★,2-4-3 / 2-4-5 / 2-4-6 / 2-4-1 / 2-3-4 / 2-3-5,base土台○ / 当地巧者 / 級別傾向強い / 攻めやや注意,5.81,AI★★★★★,1-3-5 / 3-1-5 / 1-5-3 / 2-4-3 / 4-1-3 / 2-3-5,買い強め,"朝:base土台○ / 当地巧者 / 級別傾向強い / 攻めやや注意 / base土台をやや保持 / 直前:展示差あり / 展示タイム差を確認 / 気象安定 / 足:足差ややあり / 展示F:2,5注意 / 足:ST気配あり / 部品交換:3,6 / 足:1号艇足色良さげ / 整備:チルト:1:-0.5,2:-0.5,3:-0.5,4:-0.5,5:-0.5,6:-0.5 / 部品交換:3:ピストン,リング,ピストンリング,シリンダ,キャリア,キャリアボデー,ギヤケース,電気,電気一式,キャブ,キャブレタ,シャフト,クランク,6:ピストン,リング,ピストンリング,シリンダ,電気,電気一式,キャブ,キャブレタ / 直前差中で少し動かす / 隊形:1逃げ本線 / 3攻め注意 / 開催:2日目でやや本命寄り",2026-04-25 16:16:31 JST,"[""6.80"", ""6.83"", ""6.70"", ""6.75"", ""6.74"", ""6.87""]",1:4 / 2:5 / 3:1 / 4:3 / 5:2 / 6:6,晴,2.0,3.0,,,0.04,1:0.17 / 2:-0.12 / 3:0.17 / 4:-0.12 / 5:0.02 / 6:-0.35,1:B1 / B1 / B1 / B1 / 2:A1 / A1 / A1 / A1 / 3:A2 / A1 / A2 / A2 / 4:A2 / A2 / A2 / A2 / 5:B1 / B1 / B1 / B1 / 6:B2 / B2,1:雑賀勇貴 / 2:重野哲之 / 3:岩永雅人 / 4:松井賢治 / 5:野田部宏 / 6:真田聖也,1:-勝率|+当地|-モータ|-ST / 2:-勝率|+当地|-モータ|+級別 / 3:-勝率|+当地|-モータ|-ST|-近況|+級別 / 4:-勝率|+当地|-モータ|-近況|+級別 / 5:+当地|-モータ / 6:-モータ|-級別,1:-勝率|+当地|-モータ|-ST / 2:-勝率|+当地|-モータ|+級別 / 3:-勝率|+当地|-モータ|-ST|-近況|+級別 / 4:-勝率|+当地|-モータ|-近況|+級別 / 5:+当地|-モータ / 6:-モータ|-級別,1-4-3,2770,,,,,,,https://boatrace.jp/owpc/pc/race/resultlist?hd=20260425&jcd=04,2026-04-25 16:35:31 JST,,,100,,,,3連単,2,,3.56,base素材○,base素材○ / 当地巧者 / 級別傾向強い,2026-04-25 03:59:01 JST,,0
2026-04-25,13:57,福岡,4R,4,official_all,★★★★★,2-5-3 / 2-3-5 / 2-5-1 / 2-3-1 / 2-1-5 / 2-1-3,4.09,AI★★★★★,5-2-4 / 5-2-3 / 5-2-1 / 5-2-6 / 5-4-2 / 5-4-3,base保留 / 当地巧者 / 級別傾向強い / 差しやや警戒,4.17,AI★★★★☆,1-2-3 / 2-3-6 / 3-2-6 / 4-2-3 / 5-2-3 / 5-2-4,買い,"朝:base保留 / 当地巧者 / 級別傾向強い / 差しやや警戒 / base保留で買い上げ慎重 / 直前:展示差ややあり / 展示タイム差を確認 / 足:足差ややあり / 足:ST気配あり / 部品交換:5,6 / 足:2号艇足色良さげ / 整備:チルト:1:0,2:-0.5,3:0,4:0,5:0,6:0 / 部品交換:5:ピストン,リング,ピストンリング,6:ピストン,リング,ピストンリング,シリンダ,ギヤケース,電気,電気一式,キャブ,キャブレタ,シャフト,クランク / 直前差中で少し動かす / 隊形:2差し注意 / 3攻め注意 / 開催:2日目でやや本命寄り",2026-04-25 16:16:31 JST,"[""6.88"", ""6.84"", ""6.79"", ""6.88"", ""6.93"", ""6.89""]",1:3 / 2:2 / 3:1 / 4:3 / 5:6 / 6:5,晴,3.0,3.0,,,0.0,1:-0.13 / 2:0.21 / 3:0.21 / 4:-0.05 / 5:-0.31 / 6:-0.09,1:B1 / B1 / B1 / B1 / 2:A2 / A2 / A2 / B1 / 3:B1 / B1 / B1 / B1 / 4:B1 / B1 / B1 / B1 / 5:A2 / A2 / A2 / A1 / 6:B2 / B2 / B2 / B2,1:板倉敦史 / 2:百武 翔 / 3:阪本勇介 / 4:今出晋二 / 5:荒川健太 / 6:原村百那,1:-勝率|+当地|-モータ|-ST / 2:-勝率|+当地|-モータ|-ST|+級別 / 3:-勝率|+当地|-モータ|-ST|-近況 / 4:-勝率|+当地|-モータ|-ST|-近況 / 5:+当地|-モータ|+級別 / 6:-モータ|-級別,1:-勝率|+当地|-モータ|-ST / 2:-勝率|+当地|-モータ|-ST|+級別 / 3:-勝率|+当地|-モータ|-ST|-近況 / 4:-勝率|+当地|-モータ|-ST|-近況 / 5:+当地|-モータ|+級別 / 6:-モータ|-級別,2-1-4,3710,,,,,,,https://boatrace.jp/owpc/pc/race/resultlist?hd=20260425&jcd=22,2026-04-25 16:16:31 JST,,,100,,,,3連単,2,,0.97,base素材危険,base素材危険 / 当地巧者 / 級別傾向強い,2026-04-25 03:59:01 JST,,0
2026-04-25,13:59,津,8R,8,official_all,★★★★★,4-2-3 / 4-3-2 / 4-2-5 / 4-3-5 / 4-5-2 / 4-5-3,7.6,AI★★★★★,4-2-6 / 4-2-5 / 4-2-3 / 4-2-1 / 4-6-2 / 4-6-5,base土台◎ / 地力上位 / 当地巧者 / 級別傾向強い / 中枠攻め候補 / インやや強め,7.66,AI★★★★★,1-4-3 / 4-2-3 / 4-2-6 / 3-1-4 / 2-1-4 / 4-2-1,様子見,"朝:base土台◎ / 地力上位 / 当地巧者 / 級別傾向強い / 中枠攻め候補 / インやや強め / base土台を強めに保持 / 直前:展示差あり / 展示タイム差を確認 / 気象安定 / 足:足差あり / 展示F:2,3,4注意 / 部品交換:5 / 整備:チルト:1:-0.5,2:0,3:0,4:-0.5,5:0,6:-0.5 / 部品交換:5:ギヤ / 直前差小で朝寄り / 朝評価をやや優先 / 隊形:4攻め注意 / 1逃げ本線 / 開催:2日目でやや本命寄り",2026-04-25 16:16:31 JST,"[""6.94"", ""6.92"", ""6.86"", ""6.76"", ""6.94"", ""6.88""]",1:5 / 2:4 / 3:2 / 4:1 / 5:5 / 6:3,曇,4.0,2.0,,,0.04,1:0.01 / 2:-0.18 / 3:-0.07 / 4:0.24 / 5:-0.48 / 6:-0.16,1:B1 / B1 / B1 / B1 / 2:A1 / A1 / A2 / A2 / 3:B1 / A2 / A2 / B1 / 4:A1 / A1 / A1 / A1 / 5:B1 / B1 / B1 / B2 / 6:A2 / B1 / B1 / A2,1:宮内由紀 / 2:谷津幸宏 / 3:関口智久 / 4:吉田裕平 / 5:芹澤克彦 / 6:土屋実沙,1:-勝率|+当地|-モータ|-ST / 2:-勝率|+当地|-モータ|+級別 / 3:-勝率|+当地|-モータ|-ST|-近況|+級別 / 4:+勝率|+当地|-モータ|-近況|+級別 / 5:+当地|-モータ|-級別 / 6:-モータ|+級別,1:-勝率|+当地|-モータ|-ST / 2:-勝率|+当地|-モータ|+級別 / 3:-勝率|+当地|-モータ|-ST|-近況|+級別 / 4:+勝率|+当地|-モータ|-近況|+級別 / 5:+当地|-モータ|-級別 / 6:-モータ|+級別,3-4-2,3290,,,,,,,https://boatrace.jp/owpc/pc/race/resultlist?hd=20260425&jcd=09,2026-04-25 16:16:31 JST,,,100,,,,3連単,2,,4.99,base素材○,base素材○ / 地力上位 / 当地巧者 / 級別傾向強い / 中枠攻め候補,2026-04-25 03:59:01 JST,,0
2026-04-25,14:07,尼崎,8R,8,official_all,★★★★☆,4-3-1 / 4-1-3 / 4-3-2 / 4-1-2 / 4-2-3 / 4-2-1,8.64,AI★★★★★,4-6-1 / 4-6-5 / 4-6-3 / 4-6-2 / 4-1-6 / 4-1-5,base土台◎ / 別格 / 地力上位 / 当地巧者 / 級別傾向強い / 中枠攻め候補 / 差しやや警戒,8.72,AI★★★★★,1-2-3 / 3-2-1 / 3-1-2 / 4-1-6 / 4-6-3 / 4-6-1,様子見,"朝:base土台◎ / 別格 / 地力上位 / 当地巧者 / 級別傾向強い / 中枠攻め候補 / 差しやや警戒 / base土台を強めに保持 / 直前:気象安定 / 足:ST気配あり / 部品交換:5,6 / 整備:チルト:1:-0.5,2:-0.5,3:0,4:0,5:-0.5,6:-0.5 / 部品交換:5:ピストン,リング,ピストンリング,6:ピストン,リング,ピストンリング,シリンダ,ギヤケース,電気,電気一式,キャブ,キャブレタ,シャフト,クランク / 直前差小で朝寄り / 朝評価をやや優先 / 隊形:3攻め注意 / 1逃げ本線 / 開催:2日目でやや本命寄り",2026-04-25 16:16:31 JST,"[""6.78"", ""6.78"", ""6.74"", ""6.81"", ""6.82"", ""6.81""]",1:2 / 2:2 / 3:1 / 4:4 / 5:6 / 6:4,晴,2.0,0.0,,,0.09,1:0.08 / 2:0.03 / 3:0.23 / 4:-0.07 / 5:-0.16 / 6:-0.22,1:B1 / A2 / A1 / A1 / 2:B1 / B1 / B1 / B1 / 3:A2 / B1 / B1 / B1 / 4:A1 / A1 / A1 / A1 / 5:B1 / B1 / B1 / B1 / 6:B1 / B1 / B1 / B1,1:山田雄太 / 2:渡 修平 / 3:井上恵一 / 4:遠藤エミ / 5:岡本 大 / 6:近藤友宝,1:-勝率|+当地|-モータ|-ST|+級別 / 2:-勝率|+当地|-モータ|-ST / 3:-勝率|+当地|-モータ|-ST|-近況|+級別 / 4:+別格|+勝率|+当地|-モータ|-近況|+級別 / 5:+当地|-モータ / 6:-モータ,1:-勝率|+当地|-モータ|-ST|+級別 / 2:-勝率|+当地|-モータ|-ST / 3:-勝率|+当地|-モータ|-ST|-近況|+級別 / 4:+別格|+勝率|+当地|-モータ|-近況|+級別 / 5:+当地|-モータ / 6:-モータ,1-3-4,520,,,,,,,https://boatrace.jp/owpc/pc/race/resultlist?hd=20260425&jcd=13,2026-04-25 16:16:31 JST,,,100,,,,3連単,2,,3.99,base素材◎,base素材◎ / 別格 / 地力上位 / 当地巧者 / 級別傾向強い / 中枠攻め候補,2026-04-25 03:59:01 JST,,0
2026-04-25,14:11,浜名湖,6R,6,official_all,★★★★☆,6-2-1 / 6-1-2 / 6-2-3 / 6-1-3 / 6-3-2 / 6-3-1,10.66,AI★★★★★,6-2-3 / 6-2-4 / 6-2-1 / 6-2-5 / 6-3-2 / 6-3-4,base保留 / 地力上位 / 級別傾向強い / 差しやや警戒,10.77,AI★★★★★,1-2-6 / 6-2-1 / 1-2-4 / 2-1-6 / 4-2-6 / 6-2-4,買い,"朝:base保留 / 地力上位 / 級別傾向強い / 差しやや警戒 / base保留で買い上げ慎重 / 直前:進入:1-2-6-3-4-5 / 前づけで波乱含み / 気象安定 / 風向東 / 展示F:6注意 / 足:ST気配あり / 足:進入変化 / 部品交換:5,6 / 6前づけ / 整備:チルト:1:-0.5,2:-0.5,3:0,4:-0.5,5:-0.5,6:-0.5 / 部品交換:5:ピストン,リング,ピストンリング,6:ピストン,リング,ピストンリング,シリンダ,ギヤケース,電気,電気一式,キャブ,キャブレタ,シャフト,クランク / 進入変化ありで少し動かす / 隊形:1逃げ本線 / 6一撃注意 / 進入:1-2-6-3-4-5 / 開催:2日目でやや本命寄り",2026-04-25 16:16:31 JST,"[""6.56"", ""6.60"", ""6.61"", ""6.62"", ""6.63"", ""6.64""]",1:1 / 2:2 / 3:3 / 4:4 / 5:5 / 6:6,晴,4.0,2.0,,東,0.04,1:0.19 / 2:0.03 / 3:-0.19 / 4:0.01 / 5:-0.18 / 6:0.07,1:B1 / B1 / B1 / B1 / 2:A2 / A2 / B1 / B1 / 3:A2 / B1 / B1 / B1 / 4:B1 / B1 / B1 / B1 / 5:B2 / B2 / B2 / B2 / 6:A1 / A1 / A1 / A1,1:小川知行 / 2:廣瀬真也 / 3:栗原直也 / 4:加藤啓太 / 5:山道諄也 / 6:佐藤大介,1:-勝率|+当地|-モータ|-ST / 2:-勝率|+当地|-モータ|-ST|+級別 / 3:-勝率|+当地|-モータ|-ST|-近況|+級別 / 4:-勝率|+当地|-モータ|-ST|-近況 / 5:+当地|-モータ|-級別 / 6:+勝率|-モータ|+級別,1:-勝率|+当地|-モータ|-ST / 2:-勝率|+当地|-モータ|-ST|+級別 / 3:-勝率|+当地|-モータ|-ST|-近況|+級別 / 4:-勝率|+当地|-モータ|-ST|-近況 / 5:+当地|-モータ|-級別 / 6:+勝率|-モータ|+級別,1-2-6,1160,,,,,,,https://boatrace.jp/owpc/pc/race/resultlist?hd=20260425&jcd=06,2026-04-25 16:16:31 JST,,,100,,,,3連単,2,,4.4,base素材○,base素材○ / 地力上位 / 級別傾向強い,2026-04-25 03:59:01 JST,,0
2026-04-25,14:13,唐津,12R,12,official_all,★★★★☆,5-3-1 / 5-1-3 / 5-3-4 / 5-1-4 / 5-4-3 / 5-4-1,7.36,AI★★★★★,5-3-1 / 5-3-6 / 5-3-4 / 5-3-2 / 5-1-3 / 5-1-6,base土台○ / 地力上位 / 当地巧者 / 級別傾向強い / 攻めやや注意,7.38,AI★★★★★,1-3-5 / 3-1-5 / 1-5-3 / 2-3-5 / 5-3-2 / 5-3-1,様子見,"朝:base土台○ / 地力上位 / 当地巧者 / 級別傾向強い / 攻めやや注意 / base土台をやや保持 / 直前:展示差あり / 展示タイム差を確認 / 足:足差ややあり / 部品交換:2,3,5,6 / 足:6号艇足色良さげ / 整備:チルト:1:-0.5,2:-0.5,3:-0.5,4:0,5:-0.5,6:-0.5 / 部品交換:2:ピストン,リング,ピストンリング,3:ピストン,リング,ピストンリング,シリンダ,キャリア,キャリアボデー,ギヤケース,電気,電気一式,キャブ,キャブレタ,シャフト,クランク,プロペラ,ペラ,5:ピストン,6:ピストン,リング,ピストンリング,シリンダ,電気,電気一式,キャブ,キャブレタ / 直前差小で朝寄り / 朝評価をやや優先 / 隊形:1逃げ本線 / 3攻め注意",2026-04-25 16:16:31 JST,"[""6.79"", ""6.81"", ""6.77"", ""6.88"", ""6.74"", ""6.89""]",1:3 / 2:4 / 3:2 / 4:5 / 5:1 / 6:6,晴,4.0,4.0,,,0.0,1:0.01 / 2:-0.11 / 3:0.06 / 4:-0.15 / 5:0.09 / 6:-0.23,1:A1 / A1 / A1 / A1 / 2:B1 / B1 / B1 / B1 / 3:A1 / A1 / A1 / A1 / 4:B1 / B1 / B2 / A2 / 5:A1 / A1 / A1 / A1 / 6:B1 / B1 / B1 / B1,1:白神 優 / 2:酒井陽祐 / 3:小野達哉 / 4:大久保信 / 5:井上忠政 / 6:中村栄治,1:-勝率|+当地|-モータ|+級別 / 2:-勝率|+当地|-モータ|-ST / 3:-勝率|+当地|-モータ|-近況|+級別 / 4:-勝率|+当地|-モータ|-ST|-近況|-級別 / 5:+勝率|+当地|-モータ|+級別 / 6:-モータ,1:-勝率|+当地|-モータ|+級別 / 2:-勝率|+当地|-モータ|-ST / 3:-勝率|+当地|-モータ|-近況|+級別 / 4:-勝率|+当地|-モータ|-ST|-近況|-級別 / 5:+勝率|+当地|-モータ|+級別 / 6:-モータ,1-4-3,2480,,,,,,,https://boatrace.jp/owpc/pc/race/resultlist?hd=20260425&jcd=23,2026-04-25 16:16:31 JST,,,100,,,,3連単,3,,7.05,base素材○,base素材○ / 地力上位 / 当地巧者 / 級別傾向強い,2026-04-25 03:59:01 JST,,0
2026-04-25,14:16,宮島,8R,8,official_all,★☆☆☆☆,5-1-2 / 5-2-1 / 5-1-3 / 5-2-3 / 5-3-1 / 5-3-2,5.86,AI★★★★★,6-5-4 / 6-5-3 / 6-5-2 / 6-5-1 / 6-4-5 / 6-4-3,base保留 / 地力上位 / 級別傾向強い,5.89,AI★★★★★,1-4-6 / 1-4-5 / 1-2-6 / 6-5-2 / 6-5-1 / 6-5-4,買い,"公式低評価AI検証 / 朝:base保留 / 地力上位 / 級別傾向強い / base保留で買い上げ慎重 / 直前:展示差ややあり / 展示タイム差を確認 / 展示F:2,4,5注意 / 足:ST気配あり / 部品交換:1,2,4,6 / ピット:4:+伸び|+回り足 / 6:回り足 / 足:1号艇足色良さげ / 整備:チルト:1:0,2:-0.5,3:0,4:-0.5,5:0,6:0 / 部品交換:1:ピストン,リング,ピストンリング,2:ピストン,リング,ピストンリング,シリンダ,キャリア,キャリアボデー,ギヤケース,電気,電気一式,キャブ,キャブレタ,シャフト,クランク,4:ピストン,6:ピストン,リング,ピストンリング,シリンダ,電気,電気一式,キャブ,キャブレタ / ピット:4:+伸び|+回り足 / 6:回り足 / 直前差小で朝寄り / 朝評価をやや優先 / 隊形:1逃げ本線",2026-04-25 16:16:31 JST,"[""6.62"", ""6.66"", ""6.72"", ""6.67"", ""6.67"", ""6.61""]",1:2 / 2:3 / 3:6 / 4:4 / 5:4 / 6:1,晴,4.0,4.0,,,0.0,1:0.18 / 2:-0.03 / 3:-0.18 / 4:0.03 / 5:-0.02 / 6:-0.06,1:A1 / A1 / A2 / A1 / 2:A1 / A1 / A1 / A1 / 3:A1 / A1 / A1 / A1 / 4:A1 / A1 / A1 / A1 / 5:A1 / A1 / A1 / A1 / 6:A1 / A1 / A1 / A1,1:石倉洋行 / 2:君島秀三 / 3:寺田 祥 / 4:林 美憲 / 5:萩原秀人 / 6:伊藤将吉,1:-勝率|+当地|-モータ|+級別 / 2:-勝率|+当地|-モータ|+級別 / 3:-勝率|+当地|-モータ|-近況|+級別 / 4:+勝率|+当地|-モータ|-近況|+級別 / 5:+勝率|+当地|-モータ|+級別 / 6:+勝率|-モータ|+級別,1:-勝率|+当地|-モータ|+級別 / 2:-勝率|+当地|-モータ|+級別 / 3:-勝率|+当地|-モータ|-近況|+級別 / 4:+勝率|+当地|-モータ|-近況|+級別 / 5:+勝率|+当地|-モータ|+級別 / 6:+勝率|-モータ|+級別,1-3-2,1110,,,,,,,https://boatrace.jp/owpc/pc/race/resultlist?hd=20260425&jcd=17,2026-04-25 16:16:31 JST,,,100,,,,3連単,5,,8.11,base素材○,base素材○ / 地力上位 / 級別傾向強い,2026-04-25 03:59:01 JST,,0
2026-04-25,14:19,常滑,9R,9,official_all,★★★★☆,3-4-2 / 3-2-4 / 3-4-1 / 3-2-1 / 3-1-4 / 3-1-2,-0.88,AI★☆☆☆☆,4-3-6 / 4-3-2 / 4-3-1 / 4-3-5 / 4-6-3 / 4-6-2,base危険 / 当地巧者 / 中枠攻め候補,-0.8,AI★☆☆☆☆,1-2-6 / 1-2-5 / 1-2-3 / 4-3-2 / 4-3-6 / 4-3-1,見送り寄り,"朝:base危険 / 当地巧者 / 中枠攻め候補 / base危険で買い上げ抑制 / 直前:気象安定 / 部品交換:1,4 / 足:1号艇足色良さげ / 整備:チルト:1:-0.5,2:0,3:-0.5,4:-0.5,5:0,6:-0.5 / 部品交換:1:リング,4:リング,電気 / 直前差小で朝寄り / 隊形:1逃げ本線 / 開催:2日目でやや本命寄り",2026-04-25 16:16:31 JST,"[""6.71"", ""6.70"", ""6.74"", ""6.75"", ""6.76"", ""6.70""]",1:3 / 2:1 / 3:4 / 4:5 / 5:6 / 6:1,晴,2.0,1.0,,,0.09,1:0.23 / 2:0.02 / 3:0.00 / 4:-0.04 / 5:-0.02 / 6:0.02,1:B1 / B1 / B2 / B2 / 2:B1 / B1 / B1 / B1 / 3:B1 / B1 / A2 / A2 / 4:B1 / B1 / B1 / A2 / 5:B2 / B2 / B2 / B2 / 6:B1 / B2 / B2 / B2,1:高田 綾 / 2:吉田翔悟 / 3:富山弘幸 / 4:佐藤 旭 / 5:井田涼介 / 6:川辺郭人,1:-勝率|+当地|-モータ|-ST|-級別 / 2:-勝率|+当地|-モータ|-ST / 3:-勝率|+当地|-モータ|-ST|-近況 / 4:-勝率|+当地|-モータ|-ST|-近況 / 5:+当地|-モータ|-級別 / 6:-モータ|-級別,1:-勝率|+当地|-モータ|-ST|-級別 / 2:-勝率|+当地|-モータ|-ST / 3:-勝率|+当地|-モータ|-ST|-近況 / 4:-勝率|+当地|-モータ|-ST|-近況 / 5:+当地|-モータ|-級別 / 6:-モータ|-級別,1-2-3,580,,,,,,,https://boatrace.jp/owpc/pc/race/resultlist?hd=20260425&jcd=08,2026-04-25 16:16:31 JST,,,100,,,,3連単,2,,-2.6,base素材危険,base素材危険 / 当地巧者 / 中枠攻め候補,2026-04-25 03:59:01 JST,,0
2026-04-25,14:23,鳴門,12R,12,official_all,★★☆☆☆,3-4-1 / 3-1-4 / 3-4-2 / 3-1-2 / 3-2-4 / 3-2-1,5.95,AI★★★★★,4-1-5 / 4-1-3 / 4-1-6 / 4-1-2 / 4-5-1 / 4-5-3,base土台◎ / 地力上位 / 当地巧者 / 級別傾向強い / 中枠攻め候補 / インやや強め,6.02,AI★★★★★,1-2-6 / 6-2-3 / 1-6-2 / 4-1-3 / 4-1-6 / 4-1-5,様子見,"公式低評価AI検証 / 朝:base土台◎ / 地力上位 / 当地巧者 / 級別傾向強い / 中枠攻め候補 / インやや強め / base土台を強めに保持 / 直前:展示差ややあり / 展示タイム差を確認 / 気象安定 / 足:足差ややあり / 展示F:1,2,4注意 / 部品交換:5,6 / 足:6号艇足色良さげ / 整備:チルト:1:0,2:-0.5,3:-0.5,4:0,5:0,6:0 / 部品交換:5:ピストン,リング,ピストンリング,6:ピストン,リング,ピストンリング,シリンダ,ギヤケース,電気,電気一式,キャブ,キャブレタ,シャフト,クランク / 直前差小で朝寄り / 朝評価をやや優先 / 隊形:6一撃注意 / 1逃げ本線 / 開催:2日目でやや本命寄り",2026-04-25 16:16:31 JST,"[""6.74"", ""6.69"", ""6.71"", ""6.83"", ""6.73"", ""6.70""]",1:5 / 2:1 / 3:3 / 4:6 / 5:4 / 6:2,晴,1.0,1.0,,,0.1,1:0.04 / 2:0.14 / 3:0.03 / 4:-0.30 / 5:-0.10 / 6:0.15,1:A1 / A1 / A1 / A1 / 2:B1 / B1 / A2 / A1 / 3:A2 / A1 / A2 / A1 / 4:A1 / A1 / A1 / A1 / 5:A2 / A2 / A2 / B1 / 6:B1 / A2 / A2 / A2,1:木村仁紀 / 2:荒井輝年 / 3:丸岡正典 / 4:木完 / 5:廣瀬将亨 / 6:松田竜馬,1:-勝率|+当地|-モータ|+級別 / 2:-勝率|+当地|-モータ|-ST|+級別 / 3:-勝率|+当地|-モータ|-ST|-近況|+級別 / 4:+勝率|+当地|-モータ|-近況|+級別 / 5:+当地|-モータ|+級別 / 6:-モータ|+級別,1:-勝率|+当地|-モータ|+級別 / 2:-勝率|+当地|-モータ|-ST|+級別 / 3:-勝率|+当地|-モータ|-ST|-近況|+級別 / 4:+勝率|+当地|-モータ|-近況|+級別 / 5:+当地|-モータ|+級別 / 6:-モータ|+級別,5-1-3,33210,,,,,,,https://boatrace.jp/owpc/pc/race/resultlist?hd=20260425&jcd=14,2026-04-25 16:16:31 JST,,,100,,,,3連単,2,,5.67,base素材○,base素材○ / 地力上位 / 当地巧者 / 級別傾向強い / 中枠攻め候補,2026-04-25 03:59:01 JST,,0
2026-04-25,14:24,平和島,8R,8,official_all,★★★★★,4-1-5 / 4-5-1 / 4-1-2 / 4-5-2 / 4-2-1 / 4-2-5,8.66,AI★★★★★,4-5-6 / 4-5-1 / 4-5-3 / 4-5-2 / 4-6-5 / 4-6-1,base土台◎ / 別格 / 地力上位 / 当地巧者 / 級別傾向強い / 中枠攻め候補 / 攻めやや注意,8.76,AI★★★★★,1-2-3 / 2-1-3 / 3-2-1 / 4-5-1 / 4-5-3 / 4-5-6,買い強め,"朝:base土台◎ / 別格 / 地力上位 / 当地巧者 / 級別傾向強い / 中枠攻め候補 / 攻めやや注意 / base土台を強めに保持 / 直前:展示差あり / 展示タイム差を確認 / 気象安定 / 足:足差あり / 展示F:4,5注意 / 足:ST気配あり / 部品交換:5 / 足:1号艇足色良さげ / 整備:チルト:1:-0.5,2:-0.5,3:-0.5,4:-0.5,5:0,6:-0.5 / 部品交換:5:リング / 直前差中で少し動かす / 隊形:1逃げ本線 / 2差し注意 / 開催:2日目でやや本命寄り",2026-04-25 16:16:31 JST,"[""6.84"", ""6.78"", ""6.77"", ""6.88"", ""6.98"", ""7.04""]",1:3 / 2:2 / 3:1 / 4:4 / 5:5 / 6:6,晴,2.0,3.0,,,0.04,1:0.17 / 2:0.13 / 3:0.13 / 4:-0.14 / 5:-0.28 / 6:-0.39,1:A2 / A2 / A2 / A2 / 2:B1 / B2 / B2 / B2 / 3:B1 / B1 / B1 / B1 / 4:A1 / A1 / A1 / A1 / 5:B1 / B1 / A2 / B1 / 6:B1 / B1 / B1 / B1,1:金子 萌 / 2:仁科さや / 3:杉山太陽 / 4:平本真之 / 5:渡邉英児 / 6:小川広大,1:-勝率|+当地|-モータ|-ST|+級別 / 2:-勝率|+当地|-モータ|-ST|-級別 / 3:-勝率|+当地|-モータ|-ST|-近況 / 4:+別格|+勝率|+当地|-モータ|-近況|+級別 / 5:+当地|-モータ / 6:-モータ,1:-勝率|+当地|-モータ|-ST|+級別 / 2:-勝率|+当地|-モータ|-ST|-級別 / 3:-勝率|+当地|-モータ|-ST|-近況 / 4:+別格|+勝率|+当地|-モータ|-近況|+級別 / 5:+当地|-モータ / 6:-モータ,4-5-1,1330,,,,,,,https://boatrace.jp/owpc/pc/race/resultlist?hd=20260425&jcd=04,2026-04-25 16:16:31 JST,,,100,,,,3連単,2,,4.13,base素材◎,base素材◎ / 別格 / 地力上位 / 当地巧者 / 級別傾向強い / 中枠攻め候補,2026-04-25 03:59:01 JST,,0
2026-04-25,14:25,福岡,5R,5,official_all,★★★★☆,1-6-4 / 1-4-6 / 1-6-3 / 1-4-3 / 1-3-6 / 1-3-4,9.85,AI★★★★★,6-4-1 / 6-4-3 / 6-4-2 / 6-4-5 / 6-1-4 / 6-1-3,base保留 / 地力上位 / 級別傾向強い / 差しやや警戒,9.92,AI★★★★★,1-2-6 / 2-6-4 / 2-4-6 / 6-4-3 / 6-4-2 / 6-4-1,様子見,"朝:base保留 / 地力上位 / 級別傾向強い / 差しやや警戒 / base保留で買い上げ慎重 / 直前:進入:1-2-3-4-6-5 / 前づけで波乱含み / 展示F:3,4,5,6注意 / 足:ST気配あり / 足:進入変化 / 部品交換:1,6 / 6前づけ / 足:2号艇足色良さげ / 整備:チルト:1:-0.5,2:0.5,3:0,4:-0.5,5:-0.5,6:-0.5 / 部品交換:1:ピストン,リング,ピストンリング,電気,電気一式,6:ピストン,リング,ピストンリング,電気,電気一式,キャブ,キャブレタ / 直前差小で朝寄り / 朝評価をやや優先 / 隊形:2差し注意 / 1逃げ本線 / 進入:1-2-3-4-6-5 / 開催:2日目でやや本命寄り",2026-04-25 16:16:31 JST,"[""6.84"", ""6.81"", ""6.89"", ""6.83"", ""6.86"", ""6.87""]",1:3 / 2:1 / 3:6 / 4:2 / 5:4 / 6:5,晴,3.0,3.0,,,0.0,1:-0.09 / 2:0.27 / 3:-0.12 / 4:0.01 / 5:-0.10 / 6:0.01,1:A2 / A2 / A2 / A2 / 2:B1 / B1 / B1 / A2 / 3:B1 / B1 / B1 / B1 / 4:A2 / A2 / A2 / A2 / 5:B2 / B2 / B2 / 6:A1 / A1 / A1 / A1,1:大場 敏 / 2:向所浩二 / 3:中島友和 / 4:藤堂里香 / 5:藤山湧太 / 6:原田篤志,1:-勝率|+当地|-モータ|-ST|+級別 / 2:-勝率|+当地|-モータ|-ST / 3:-勝率|+当地|-モータ|-ST|-近況 / 4:-勝率|+当地|-モータ|-近況|+級別 / 5:+当地|-モータ|-級別 / 6:+勝率|-モータ|+級別,1:-勝率|+当地|-モータ|-ST|+級別 / 2:-勝率|+当地|-モータ|-ST / 3:-勝率|+当地|-モータ|-ST|-近況 / 4:-勝率|+当地|-モータ|-近況|+級別 / 5:+当地|-モータ|-級別 / 6:+勝率|-モータ|+級別,1-3-6,1460,,,,,,,https://boatrace.jp/owpc/pc/race/resultlist?hd=20260425&jcd=22,2026-04-25 16:16:31 JST,,,100,,,,3連単,2,,5.33,base素材○,base素材○ / 地力上位 / 級別傾向強い,2026-04-25 03:59:01 JST,,0
2026-04-25,14:27,芦屋,12R,12,official_all,★☆☆☆☆,3-1-2 / 3-2-1 / 3-1-4 / 3-2-4 / 3-4-1 / 3-4-2,5.99,AI★★★★★,6-5-3 / 6-5-2 / 6-5-1 / 6-5-4 / 6-3-5 / 6-3-2,base保留 / 地力上位 / 級別傾向強い,6.02,AI★★★★★,1-3-6 / 4-3-6 / 1-3-4 / 6-5-2 / 6-3-2 / 6-5-3,様子見,"公式低評価AI検証 / 朝:base保留 / 地力上位 / 級別傾向強い / base保留で買い上げ慎重 / 直前:風向西 / 展示F:1,2,3注意 / 足:ST気配あり / 部品交換:2,3,4,6 / 整備:チルト:1:0,2:0,3:0,4:0,5:0,6:0 / 部品交換:2:ピストン,リング,ピストンリング,シリンダ,キャリア,キャリアボデー,ギヤケース,電気,電気一式,キャブ,キャブレタ,シャフト,クランク,3:ピストン,4:ピストン,リング,ピストンリング,シリンダ,キャリア,キャリアボデー,ギヤケース,電気,電気一式,キャブ,キャブレタ,シャフト,クランク,プロペラ,ペラ,6:ピストン,リング,ピストンリング,シリンダ,電気,電気一式,キャブ,キャブレタ / 直前差小で朝寄り / 朝評価をやや優先 / 隊形:4攻め注意 / 1逃げ本線 / 開催:2日目でやや本命寄り",2026-04-25 16:16:31 JST,"[""6.66"", ""6.64"", ""6.63"", ""6.64"", ""6.66"", ""6.67""]",1:4 / 2:2 / 3:1 / 4:2 / 5:4 / 6:6,晴,4.0,4.0,,西,0.0,1:-0.04 / 2:-0.00 / 3:0.04 / 4:0.07 / 5:-0.11 / 6:0.01,1:A1 / A1 / A1 / A1 / 2:A1 / A1 / A1 / A1 / 3:A1 / A1 / A1 / A1 / 4:A1 / A2 / A1 / A1 / 5:A1 / A1 / A1 / A1 / 6:A1 / A1 / A1 / A1,1:西山貴浩 / 2:篠崎仁志 / 3:松田大志 / 4:高倉和士 / 5:羽野直也 / 6:原田才一,1:-勝率|+当地|-モータ|+級別 / 2:-勝率|+当地|-モータ|+級別 / 3:-勝率|+当地|-モータ|-近況|+級別 / 4:-勝率|+当地|-モータ|-近況|+級別 / 5:+勝率|+当地|-モータ|+級別 / 6:+勝率|-モータ|+級別,1:-勝率|+当地|-モータ|+級別 / 2:-勝率|+当地|-モータ|+級別 / 3:-勝率|+当地|-モータ|-近況|+級別 / 4:-勝率|+当地|-モータ|-近況|+級別 / 5:+勝率|+当地|-モータ|+級別 / 6:+勝率|-モータ|+級別,1-3-2,610,,,,,,,https://boatrace.jp/owpc/pc/race/resultlist?hd=20260425&jcd=21,2026-04-25 16:16:31 JST,,,100,,,,3連単,2,,7.99,base素材○,base素材○ / 地力上位 / 級別傾向強い,2026-04-25 03:59:01 JST,,0
2026-04-25,14:29,児島,8R,8,official_all,★★★★☆,5-6-4 / 5-4-6 / 5-6-2 / 5-4-2 / 5-2-6 / 5-2-4,4.9,AI★★★★★,6-5-4 / 6-5-2 / 6-5-3 / 6-5-1 / 6-4-5 / 6-4-2,base土台○ / 地力上位 / 級別傾向強い / インやや強め,4.98,AI★★★★★,1-6-5 / 6-5-2 / 6-5-1 / 2-6-5 / 4-6-5 / 6-5-4,見送り寄り,"朝:base土台○ / 地力上位 / 級別傾向強い / インやや強め / base土台をやや保持 / 直前:展示差あり / 展示タイム差を確認 / 足:足差ややあり / 足:ST気配あり / 部品交換:1,6 / 足:6号艇足色良さげ / 整備:チルト:1:0,2:-0.5,3:0,4:0,5:-0.5,6:0 / 部品交換:1:ピストン,リング,ピストンリング,電気,電気一式,6:ピストン,リング,ピストンリング,シリンダ,ギヤケース,電気,電気一式,キャブ,キャブレタ,シャフト,クランク / 直前差中で少し動かす / 隊形:6一撃注意",2026-04-25 16:16:31 JST,"[""6.77"", ""6.74"", ""6.82"", ""6.80"", ""6.67"", ""6.73""]",1:4 / 2:3 / 3:6 / 4:5 / 5:1 / 6:2,晴,4.0,3.0,,,0.0,1:-0.01 / 2:-0.04 / 3:-0.31 / 4:-0.22 / 5:0.12 / 6:0.11,1:B1 / B1 / B2 / B2 / 2:B1 / A2 / B1 / B1 / 3:B1 / B1 / B1 / B1 / 4:B1 / B1 / B1 / B1 / 5:A2 / A2 / A2 / A2 / 6:A2 / A1 / A2 / A1,1:網代良芽 / 2:松尾光広 / 3:原村拓也 / 4:松下哲也 / 5:樋口 亮 / 6:木翔,1:-勝率|+当地|-モータ|-ST|-級別 / 2:-勝率|+当地|-モータ|-ST / 3:-勝率|+当地|-モータ|-ST|-近況 / 4:-勝率|+当地|-モータ|-ST|-近況 / 5:+当地|-モータ|+級別 / 6:+勝率|-モータ|+級別,1:-勝率|+当地|-モータ|-ST|-級別 / 2:-勝率|+当地|-モータ|-ST / 3:-勝率|+当地|-モータ|-ST|-近況 / 4:-勝率|+当地|-モータ|-ST|-近況 / 5:+当地|-モータ|+級別 / 6:+勝率|-モータ|+級別,4-5-6,3260,,,,,,,https://boatrace.jp/owpc/pc/race/resultlist?hd=20260425&jcd=16,2026-04-25 16:16:31 JST,,,100,,,,3連単,3,,2.95,base素材○,base素材○ / 地力上位 / 級別傾向強い,2026-04-25 03:59:01 JST,,0
2026-04-25,14:31,津,9R,9,official_all,★★★☆☆,3-1-5 / 3-5-1 / 3-1-2 / 3-5-2 / 3-2-1 / 3-2-5,7.81,AI★★★★★,5-2-3 / 5-2-1 / 5-2-4 / 5-2-6 / 5-3-2 / 5-3-1,base土台○ / 地力上位 / 当地巧者 / 級別傾向強い / インやや強め,7.86,AI★★★★★,1-3-6 / 3-1-6 / 6-3-1 / 5-3-1 / 5-2-6 / 5-2-3,買い,"公式低評価AI検証 / 朝:base土台○ / 地力上位 / 当地巧者 / 級別傾向強い / インやや強め / base土台をやや保持 / 直前:展示差ややあり / 展示タイム差を確認 / 気象安定 / 足:足差ややあり / 展示F:1,2,3,5注意 / 部品交換:3,4 / 足:4号艇足色良さげ / 整備:チルト:1:-0.5,2:0,3:-0.5,4:0,5:-0.5,6:-0.5 / 部品交換:3:リング,4:ギヤ / 直前差小で朝寄り / 朝評価をやや優先 / 開催:2日目でやや本命寄り",2026-04-25 16:16:31 JST,"[""6.84"", ""6.87"", ""6.80"", ""6.89"", ""6.85"", ""6.76""]",1:3 / 2:5 / 3:2 / 4:6 / 5:4 / 6:1,曇,3.0,2.0,,,0.04,1:-0.02 / 2:-0.13 / 3:0.01 / 4:-0.19 / 5:-0.10 / 6:0.10,1:A1 / A1 / A2 / A2 / 2:A1 / A2 / A1 / A1 / 3:A2 / A1 / A1 / A1 / 4:B1 / B1 / B1 / B1 / 5:A1 / A1 / A1 / A1 / 6:B2 / B2,1:池田雄一 / 2:古賀繁輝 / 3:下出卓矢 / 4:伊藤雄二 / 5:濱崎直矢 / 6:鈴木雄登,1:-勝率|+当地|-モータ|+級別 / 2:-勝率|+当地|-モータ|+級別 / 3:-勝率|+当地|-モータ|-ST|-近況|+級別 / 4:-勝率|+当地|-モータ|-ST|-近況 / 5:+勝率|+当地|-モータ|+級別 / 6:-モータ|-級別,1:-勝率|+当地|-モータ|+級別 / 2:-勝率|+当地|-モータ|+級別 / 3:-勝率|+当地|-モータ|-ST|-近況|+級別 / 4:-勝率|+当地|-モータ|-ST|-近況 / 5:+勝率|+当地|-モータ|+級別 / 6:-モータ|-級別,3-5-6,3180,,,,,,,https://boatrace.jp/owpc/pc/race/resultlist?hd=20260425&jcd=09,2026-04-25 16:16:31 JST,,,100,,,,3連単,2,,5.95,base素材○,base素材○ / 地力上位 / 当地巧者 / 級別傾向強い,2026-04-25 03:59:01 JST,,0
2026-04-25,14:37,尼崎,9R,9,official_all,★☆☆☆☆,1-5-2 / 1-2-5 / 1-5-6 / 1-2-6 / 1-6-5 / 1-6-2,1.99,AI★★★★☆,5-6-3 / 5-6-4 / 5-6-1 / 5-6-2 / 5-3-6 / 5-3-4,base危険 / 当地巧者 / 級別傾向強い,2.1,AI★★★☆☆,1-2-5 / 1-5-2 / 1-5-6 / 2-1-5 / 4-1-5 / 5-6-1,様子見,"公式低評価AI検証 / 朝:base危険 / 当地巧者 / 級別傾向強い / base危険で買い上げ抑制 / 直前:展示差あり / 展示タイム差を確認 / 気象安定 / 足:足差ややあり / 足:ST気配あり / 部品交換:2,3,6 / 整備:チルト:1:0,2:0,3:0,4:-0.5,5:-0.5,6:-0.5 / 部品交換:2:ピストン,リング,ピストンリング,シリンダ,キャリア,キャリアボデー,ギヤケース,電気,電気一式,キャブ,キャブレタ,シャフト,クランク,プロペラ,ペラ,3:ピストン,リング,ピストンリング,シリンダ,キャリア,キャリアボデー,ギヤケース,電気,電気一式,キャブ,キャブレタ,シャフト,クランク,6:ピストン,リング,ピストンリング,シリンダ,電気,電気一式,キャブ,キャブレタ / 直前差小で朝寄り / 隊形:1逃げ本線 / 開催:2日目でやや本命寄り",2026-04-25 16:16:31 JST,"[""6.72"", ""6.80"", ""6.83"", ""6.86"", ""6.77"", ""6.83""]",1:1 / 2:3 / 3:4 / 4:6 / 5:2 / 6:4,晴,3.0,0.0,,,0.05,1:0.28 / 2:-0.07 / 3:-0.23 / 4:-0.27 / 5:0.03 / 6:-0.15,1:A2 / A2 / B1 / B1 / 2:B1 / B1 / B1 / B1 / 3:B1 / A2 / A2 / A2 / 4:B1 / B1 / B1 / B1 / 5:A2 / A2 / A2 / B1 / 6:B1 / A2 / A1 / B1,1:武井莉里 / 2:畑 和宏 / 3:石田政吾 / 4:永井亮次 / 5:大串重幸 / 6:牧 宏次,1:-勝率|+当地|-モータ|-ST|+級別 / 2:-勝率|+当地|-モータ|-ST / 3:-勝率|+当地|-モータ|-ST|-近況|+級別 / 4:-勝率|+当地|-モータ|-ST|-近況 / 5:+当地|-モータ|+級別 / 6:-モータ|+級別,1:-勝率|+当地|-モータ|-ST|+級別 / 2:-勝率|+当地|-モータ|-ST / 3:-勝率|+当地|-モータ|-ST|-近況|+級別 / 4:-勝率|+当地|-モータ|-ST|-近況 / 5:+当地|-モータ|+級別 / 6:-モータ|+級別,1-2-5,660,,,,,,,https://boatrace.jp/owpc/pc/race/resultlist?hd=20260425&jcd=13,2026-04-25 16:16:31 JST,,,100,,,,3連単,2,,1.16,base素材保留,base素材保留 / 当地巧者 / 級別傾向強い,2026-04-25 03:59:01 JST,,0
2026-04-25,14:41,浜名湖,7R,7,official_all,★★☆☆☆,3-5-1 / 3-1-5 / 3-5-6 / 3-1-6 / 3-6-5 / 3-6-1,2.44,AI★★★★☆,5-3-1 / 5-3-6 / 5-3-4 / 5-3-2 / 5-1-3 / 5-1-6,base保留 / 当地巧者 / 級別傾向強い / 差しやや警戒,2.52,AI★★★☆☆,1-2-3 / 2-3-5 / 2-5-3 / 3-2-5 / 5-3-2 / 5-3-1,買い,"公式低評価AI検証 / 朝:base保留 / 当地巧者 / 級別傾向強い / 差しやや警戒 / base保留で買い上げ慎重 / 直前:気象安定 / 風向東 / 展示F:3注意 / 足:ST気配あり / 部品交換:1,2,6 / 足:2号艇足色良さげ / 整備:チルト:1:0,2:0,3:0,4:-0.5,5:0,6:-0.5 / 部品交換:1:ピストン,リング,ピストンリング,シリンダ,キャリア,キャリアボデー,ギヤケース,電気,電気一式,キャブ,キャブレタ,シャフト,クランク,2:ピストン,リング,ピストンリング,シリンダ,キャリア,キャリアボデー,ギヤケース,電気,電気一式,キャブ,キャブレタ,シャフト,クランク,プロペラ,ペラ,6:ピストン,リング,ピストンリング,シリンダ,電気,電気一式,キャブ,キャブレタ / 直前差小で朝寄り / 朝評価をやや優先 / 隊形:2差し注意 / 開催:2日目でやや本命寄り",2026-04-25 16:16:31 JST,"[""6.60"", ""6.60"", ""6.59"", ""6.63"", ""6.61"", ""6.67""]",1:2 / 2:2 / 3:1 / 4:5 / 5:4 / 6:6,晴,4.0,2.0,,東,0.04,1:-0.05 / 2:0.17 / 3:0.09 / 4:-0.01 / 5:0.04 / 6:-0.19,1:A2 / A2 / A2 / A1 / 2:B1 / B1 / B1 / B2 / 3:A1 / B1 / A2 / B1 / 4:B1 / B1 / B2 / B2 / 5:A2 / A2 / A2 / A2 / 6:B1 / B1 / B1 / B1,1:大豆生蒼 / 2:土屋 蘭 / 3:堀之内紀 / 4:樋江井舞 / 5:岩崎芳美 / 6:村上奈穂,1:-勝率|+当地|-モータ|-ST|+級別 / 2:-勝率|+当地|-モータ|-ST|-級別 / 3:-勝率|+当地|-モータ|-近況|+級別 / 4:-勝率|+当地|-モータ|-ST|-近況|-級別 / 5:+当地|-モータ|+級別 / 6:-モータ,1:-勝率|+当地|-モータ|-ST|+級別 / 2:-勝率|+当地|-モータ|-ST|-級別 / 3:-勝率|+当地|-モータ|-近況|+級別 / 4:-勝率|+当地|-モータ|-ST|-近況|-級別 / 5:+当地|-モータ|+級別 / 6:-モータ,1-5-2,3720,,,,,,,https://boatrace.jp/owpc/pc/race/resultlist?hd=20260425&jcd=06,2026-04-25 16:16:31 JST,,,100,,,,3連単,2,,1.29,base素材保留,base素材保留 / 当地巧者 / 級別傾向強い,2026-04-25 03:59:01 JST,,0
2026-04-25,14:46,常滑,10R,10,official_all,★★★★☆,1-2-4 / 1-4-2 / 1-2-6 / 1-4-6 / 1-6-2 / 1-6-4,5.34,AI★★★★★,4-1-5 / 4-1-6 / 4-1-3 / 4-1-2 / 4-5-1 / 4-5-6,base土台○ / 当地巧者 / 級別傾向強い / 中枠攻め候補 / 差しやや警戒,5.42,AI★★★★★,1-4-5 / 4-1-5 / 1-5-4 / 5-1-4 / 6-4-5 / 4-1-6,様子見,"朝:base土台○ / 当地巧者 / 級別傾向強い / 中枠攻め候補 / 差しやや警戒 / base土台をやや保持 / 直前:気象安定 / 足:ST気配あり / 部品交換:1,6 / 足:6号艇足色良さげ / 整備:チルト:1:-0.5,2:0,3:0,4:0,5:0,6:-0.5 / 部品交換:1:ピストン,リング,ピストンリング,電気,電気一式,キャブ,キャブレタ,6:ピストン,リング,ピストンリング,電気,電気一式 / 直前差小で朝寄り / 朝評価をやや優先 / 隊形:1逃げ本線 / 4攻め注意 / 開催:2日目でやや本命寄り",2026-04-25 16:16:31 JST,"[""6.72"", ""6.74"", ""6.79"", ""6.71"", ""6.72"", ""6.80""]",1:2 / 2:4 / 3:5 / 4:1 / 5:2 / 6:6,晴,2.0,1.0,,,0.09,1:0.10 / 2:-0.11 / 3:-0.05 / 4:0.09 / 5:0.02 / 6:-0.05,1:A1 / A1 / A1 / A1 / 2:B1 / B1 / B1 / B1 / 3:B1 / B1 / B1 / B1 / 4:A1 / A1 / A1 / A2 / 5:A2 / A2 / A2 / B1 / 6:B1 / B1 / B1 / B1,1:河合佑樹 / 2:福田翔吾 / 3:片岡大地 / 4:大瀧明日 / 5:中田夕貴 / 6:牟田奨太,1:-勝率|+当地|-モータ|+級別 / 2:-勝率|+当地|-モータ|-ST / 3:-勝率|+当地|-モータ|-ST|-近況 / 4:-勝率|+当地|-モータ|-近況|+級別 / 5:+当地|-モータ|+級別 / 6:-モータ,1:-勝率|+当地|-モータ|+級別 / 2:-勝率|+当地|-モータ|-ST / 3:-勝率|+当地|-モータ|-ST|-近況 / 4:-勝率|+当地|-モータ|-近況|+級別 / 5:+当地|-モータ|+級別 / 6:-モータ,1-3-4,520,,,,,,,https://boatrace.jp/owpc/pc/race/resultlist?hd=20260425&jcd=08,2026-04-25 16:16:31 JST,,,100,,,,3連単,2,,5.03,base素材○,base素材○ / 当地巧者 / 級別傾向強い / 中枠攻め候補,2026-04-25 03:59:01 JST,,0
2026-04-25,14:48,宮島,9R,9,official_all,★☆☆☆☆,1-3-2 / 1-2-3 / 1-3-4 / 1-2-4 / 1-4-3 / 1-4-2,5.1,AI★★★★★,6-4-3 / 6-4-5 / 6-4-2 / 6-4-1 / 6-3-4 / 6-3-5,base保留 / 地力上位 / 級別傾向強い / 差しやや警戒,5.21,AI★★★★★,1-6-4 / 6-4-5 / 4-6-5 / 5-6-4 / 2-6-4 / 6-4-2,様子見,"公式低評価AI検証 / 朝:base保留 / 地力上位 / 級別傾向強い / 差しやや警戒 / base保留で買い上げ慎重 / 直前:進入:1-2-4-5-6-3 / 前づけで波乱含み / 風向北 / 展示F:2注意 / 足:ST気配あり / 足:進入変化 / 部品交換:2,3,4,6 / 4前づけ / 5前づけ / 整備:チルト:1:-0.5,2:-0.5,3:-0.5,4:-0.5,5:-0.5,6:-0.5 / 部品交換:2:ピストン,リング,ピストンリング,シリンダ,キャリア,キャリアボデー,ギヤケース,電気,電気一式,キャブ,キャブレタ,シャフト,クランク,プロペラ,ペラ,3:ピストン,4:ピストン,リング,ピストンリング,6:ピストン,リング,ピストンリング,シリンダ,電気,電気一式,キャブ,キャブレタ / 進入変化ありで少し動かす / 隊形:6一撃注意 / 4攻め注意 / 進入:1-2-4-5-6-3",2026-04-25 16:16:31 JST,"[""6.65"", ""6.64"", ""6.66"", ""6.64"", ""6.67"", ""6.64""]",1:4 / 2:1 / 3:5 / 4:1 / 5:6 / 6:1,晴,4.0,4.0,,北,0.0,1:-0.06 / 2:0.04 / 3:-0.12 / 4:0.24 / 5:0.12 / 6:0.29,1:A1 / A1 / A1 / A1 / 2:A1 / A1 / A1 / A1 / 3:A1 / A1 / A1 / A1 / 4:A1 / A1 / A1 / A1 / 5:A1 / A2 / A1 / A1 / 6:A1 / A1 / A1 / A2,1:森高一真 / 2:柴田 光 / 3:北村征嗣 / 4:平尾崇典 / 5:木康 / 6:仲口博崇,1:-勝率|+当地|-モータ|+級別 / 2:-勝率|+当地|-モータ|+級別 / 3:-勝率|+当地|-モータ|-近況|+級別 / 4:+勝率|+当地|-モータ|-近況|+級別 / 5:+勝率|+当地|-モータ|+級別 / 6:+勝率|-モータ|+級別,1:-勝率|+当地|-モータ|+級別 / 2:-勝率|+当地|-モータ|+級別 / 3:-勝率|+当地|-モータ|-近況|+級別 / 4:+勝率|+当地|-モータ|-近況|+級別 / 5:+勝率|+当地|-モータ|+級別 / 6:+勝率|-モータ|+級別,1-5-3,3340,,,,,,,https://boatrace.jp/owpc/pc/race/resultlist?hd=20260425&jcd=17,2026-04-25 16:16:31 JST,,,100,,,,3連単,5,,7.04,base素材○,base素材○ / 地力上位 / 級別傾向強い,2026-04-25 03:59:01 JST,,0
2026-04-25,14:54,福岡,6R,6,official_all,★★★★☆,6-5-1 / 6-1-5 / 6-5-4 / 6-1-4 / 6-4-5 / 6-4-1,9.49,AI★★★★★,6-1-4 / 6-1-5 / 6-1-3 / 6-1-2 / 6-4-1 / 6-4-5,base保留 / 地力上位 / 級別傾向強い / 差しやや警戒,9.55,AI★★★★★,1-6-5 / 6-1-4 / 5-6-4 / 2-6-5 / 4-6-5 / 6-1-5,見送り寄り,"朝:base保留 / 地力上位 / 級別傾向強い / 差しやや警戒 / base保留で買い上げ慎重 / 直前:展示差ややあり / 展示タイム差を確認 / 進入:1-2-3-6-4-5 / 前づけで波乱含み / 足:ST気配あり / 足:進入変化 / 部品交換:5,6 / 6前づけ / 足:5号艇足色良さげ / 整備:チルト:1:-0.5,2:0,3:0,4:-0.5,5:-0.5,6:-0.5 / 部品交換:5:ピストン,リング,ピストンリング,6:ピストン,リング,ピストンリング,シリンダ,ギヤケース,電気,電気一式,キャブ,キャブレタ,シャフト,クランク / 進入変化ありで少し動かす / 隊形:6一撃注意 / 進入:1-2-3-6-4-5 / 開催:2日目でやや本命寄り",2026-04-25 16:16:31 JST,"[""6.97"", ""6.92"", ""6.90"", ""6.86"", ""6.92"", ""6.88""]",1:6 / 2:4 / 3:3 / 4:1 / 5:4 / 6:2,晴,3.0,3.0,,,0.0,1:-0.10 / 2:0.00 / 3:-0.11 / 4:0.06 / 5:0.06 / 6:0.17,1:A2 / A2 / A2 / B1 / 2:B1 / B1 / B1 / B1 / 3:B1 / B1 / B1 / B1 / 4:B1 / B1 / A2 / B1 / 5:B1 / B1 / B2 / B2 / 6:A1 / A1 / A1 / A2,1:鈴木智啓 / 2:小澤和也 / 3:川崎公靖 / 4:國分将太 / 5:矢野真梨 / 6:堀本和也,1:-勝率|+当地|-モータ|-ST|+級別 / 2:-勝率|+当地|-モータ|-ST / 3:-勝率|+当地|-モータ|-ST|-近況 / 4:-勝率|+当地|-モータ|-ST|-近況 / 5:+当地|-モータ|-級別 / 6:+勝率|-モータ|+級別,1:-勝率|+当地|-モータ|-ST|+級別 / 2:-勝率|+当地|-モータ|-ST / 3:-勝率|+当地|-モータ|-ST|-近況 / 4:-勝率|+当地|-モータ|-ST|-近況 / 5:+当地|-モータ|-級別 / 6:+勝率|-モータ|+級別,1-4-2,2630,,,,,,,https://boatrace.jp/owpc/pc/race/resultlist?hd=20260425&jcd=22,2026-04-25 16:16:31 JST,,,100,,,,3連単,2,,3.85,base素材○,base素材○ / 地力上位 / 級別傾向強い,2026-04-25 03:59:01 JST,,0
2026-04-25,14:56,平和島,9R,9,official_all,★★★☆☆,5-2-1 / 5-1-2 / 5-2-4 / 5-1-4 / 5-4-2 / 5-4-1,4.48,AI★★★★★,2-5-1 / 2-5-6 / 2-5-4 / 2-5-3 / 2-1-5 / 2-1-6,base土台◎ / 当地巧者 / 級別傾向強い,4.55,AI★★★★★,1-2-4 / 4-2-1 / 1-4-2 / 2-5-1 / 2-5-4 / 2-1-5,買い,"公式低評価AI検証 / 朝:base土台◎ / 当地巧者 / 級別傾向強い / base土台を強めに保持 / 直前:展示差あり / 展示タイム差を確認 / 気象安定 / 足:足差ややあり / 展示F:2,3,6注意 / 部品交換:5,6 / 足:4号艇足色良さげ / 整備:チルト:1:-0.5,2:0,3:0,4:-0.5,5:-0.5,6:-0.5 / 部品交換:5:ピストン,リング,ピストンリング,6:ピストン,リング,ピストンリング,シリンダ,ギヤケース,電気,電気一式,キャブ,キャブレタ,シャフト,クランク / 直前差小で朝寄り / 朝評価をやや優先 / 隊形:1逃げ本線 / 4攻め注意 / 開催:2日目でやや本命寄り",2026-04-25 16:16:31 JST,"[""6.81"", ""6.79"", ""6.93"", ""6.86"", ""6.91"", ""6.95""]",1:2 / 2:1 / 3:5 / 4:3 / 5:4 / 6:6,晴,1.0,3.0,,,0.05,1:0.16 / 2:0.17 / 3:-0.17 / 4:0.07 / 5:-0.23 / 6:-0.39,1:A2 / A1 / A1 / A1 / 2:A1 / A1 / A1 / A1 / 3:B1 / B1 / B1 / B1 / 4:B1 / B1 / B1 / B1 / 5:A1 / B1 / A1 / A1 / 6:B1 / B1 / B1 / B1,1:大須賀友 / 2:井上一輝 / 3:市川健太 / 4:石岡将太 / 5:谷野錬志 / 6:佐藤大騎,1:-勝率|+当地|-モータ|-ST|+級別 / 2:-勝率|+当地|-モータ|+級別 / 3:-勝率|+当地|-モータ|-ST|-近況 / 4:-勝率|+当地|-モータ|-ST|-近況 / 5:+当地|-モータ|+級別 / 6:-モータ,1:-勝率|+当地|-モータ|-ST|+級別 / 2:-勝率|+当地|-モータ|+級別 / 3:-勝率|+当地|-モータ|-ST|-近況 / 4:-勝率|+当地|-モータ|-ST|-近況 / 5:+当地|-モータ|+級別 / 6:-モータ,1-2-5,650,,,,,,,https://boatrace.jp/owpc/pc/race/resultlist?hd=20260425&jcd=04,2026-04-25 16:16:31 JST,,,100,,,,3連単,2,,4.55,base素材○,base素材○ / 当地巧者 / 級別傾向強い,2026-04-25 03:59:01 JST,,0
2026-04-25,15:01,児島,9R,9,official_all,★★★★★,1-5-4 / 1-4-5 / 1-5-2 / 1-4-2 / 1-2-5 / 1-2-4,6.37,AI★★★★★,1-6-5 / 1-6-4 / 1-6-2 / 1-6-3 / 1-5-6 / 1-5-4,base土台◎ / 当地巧者 / 級別傾向強い / 1号艇有利 / インやや強め,6.41,AI★★★★★,1-6-5 / 1-5-4 / 1-6-4 / 3-1-5 / 4-1-5 / 3-5-1,買い,"朝:base土台◎ / 当地巧者 / 級別傾向強い / 1号艇有利 / インやや強め / base土台を強めに保持 / 直前:展示差あり / 展示タイム差を確認 / 風向西 / 足:足差ややあり / 足:ST気配あり / 部品交換:1,6 / 足:6号艇足色良さげ / 整備:チルト:1:-0.5,2:-0.5,3:-0.5,4:-0.5,5:0,6:-0.5 / 部品交換:1:リング,6:キャブ / 直前差小で朝寄り / 朝評価をやや優先 / 隊形:1逃げ本線",2026-04-25 16:16:31 JST,"[""6.70"", ""6.82"", ""6.79"", ""6.81"", ""6.75"", ""6.85""]",1:1 / 2:5 / 3:3 / 4:4 / 5:2 / 6:6,晴,4.0,3.0,,西,0.0,1:0.23 / 2:-0.21 / 3:-0.02 / 4:-0.11 / 5:0.05 / 6:-0.21,1:A1 / A1 / A1 / A1 / 2:B1 / B1 / B1 / B1 / 3:B1 / B1 / B2 / B2 / 4:B1 / B1 / B1 / B1 / 5:B1 / B1 / B1 / B1 / 6:B1 / B1 / B1 / B1,1:西村拓也 / 2:成貞琳平 / 3:吉田一心 / 4:向井田佑 / 5:三宅健太 / 6:渥美卓郎,1:-勝率|+当地|-モータ|+級別 / 2:-勝率|+当地|-モータ|-ST / 3:-勝率|+当地|-モータ|-ST|-近況|-級別 / 4:-勝率|+当地|-モータ|-ST|-近況 / 5:+当地|-モータ / 6:-モータ,1:-勝率|+当地|-モータ|+級別 / 2:-勝率|+当地|-モータ|-ST / 3:-勝率|+当地|-モータ|-ST|-近況|-級別 / 4:-勝率|+当地|-モータ|-ST|-近況 / 5:+当地|-モータ / 6:-モータ,1-4-2,2470,,,,,,,https://boatrace.jp/owpc/pc/race/resultlist?hd=20260425&jcd=16,2026-04-25 16:16:31 JST,,,100,,,,3連単,3,,2.55,base素材○,base素材○ / 当地巧者 / 級別傾向強い / 1号艇有利,2026-04-25 03:59:01 JST,,0
2026-04-25,15:03,津,10R,10,official_all,★★★★★,2-6-4 / 2-4-6 / 2-6-1 / 2-4-1 / 2-1-6 / 2-1-4,5.08,AI★★★★★,6-4-5 / 6-4-2 / 6-4-3 / 6-4-1 / 6-5-4 / 6-5-2,base土台○ / 地力上位 / 級別傾向強い / インやや強め,5.15,AI★★★★★,1-2-4 / 4-2-5 / 1-2-5 / 2-1-4 / 6-4-2 / 6-4-5,買い,"朝:base土台○ / 地力上位 / 級別傾向強い / インやや強め / base土台をやや保持 / 直前:展示差ややあり / 展示タイム差を確認 / 気象安定 / 足:ST気配あり / 部品交換:2,4,6 / 整備:チルト:1:0,2:0,3:-0.5,4:0,5:-0.5,6:-0.5 / 部品交換:2:ピストン,リング,ピストンリング,電気,電気一式,4:ピストン,リング,ピストンリング,電気,電気一式,キャブ,キャブレタ,6:ピストン,リング,ピストンリング,シリンダ,ギヤケース,電気,電気一式,キャブ,キャブレタ,シャフト,クランク / 直前差小で朝寄り / 朝評価をやや優先 / 隊形:1逃げ本線 / 4攻め注意 / 開催:2日目でやや本命寄り",2026-04-25 16:16:31 JST,"[""6.88"", ""6.85"", ""6.94"", ""6.84"", ""6.88"", ""6.88""]",1:3 / 2:2 / 3:6 / 4:1 / 5:3 / 6:3,曇,3.0,2.0,,,0.04,1:0.15 / 2:0.01 / 3:-0.31 / 4:0.09 / 5:0.02 / 6:-0.03,1:A2 / B2 / B1 / B1 / 2:B2 / A1 / A1 / A1 / 3:B1 / B1 / B1 / B1 / 4:A2 / A2 / A2 / A2 / 5:B1 / B1 / B1 / B1 / 6:A1 / A2 / A2 / A2,1:加藤高史 / 2:毒島 誠 / 3:鋤柄貴俊 / 4:鶴田勇雄 / 5:武田正紀 / 6:川崎智幸,1:-勝率|+当地|-モータ|-ST|+級別 / 2:+実力A1級|-勝率|+当地|-モータ|-ST|+級別 / 3:-勝率|+当地|-モータ|-ST|-近況 / 4:-勝率|+当地|-モータ|-近況|+級別 / 5:+当地|-モータ / 6:+勝率|-モータ|+級別,1:-勝率|+当地|-モータ|-ST|+級別 / 2:+実力A1級|-勝率|+当地|-モータ|-ST|+級別 / 3:-勝率|+当地|-モータ|-ST|-近況 / 4:-勝率|+当地|-モータ|-近況|+級別 / 5:+当地|-モータ / 6:+勝率|-モータ|+級別,2-3-6,5970,,,,,,,https://boatrace.jp/owpc/pc/race/resultlist?hd=20260425&jcd=09,2026-04-25 16:16:31 JST,,,100,,,,3連単,2,,2.83,base素材○,base素材○ / 地力上位 / 級別傾向強い,2026-04-25 03:59:01 JST,,0
2026-04-25,15:07,尼崎,10R,10,official_all,★★☆☆☆,2-1-4 / 2-4-1 / 2-1-5 / 2-4-5 / 2-5-1 / 2-5-4,5.25,AI★★★★★,2-4-1 / 2-4-6 / 2-4-5 / 2-4-3 / 2-1-4 / 2-1-6,base土台◎ / 当地巧者 / 級別傾向強い / 差しやや警戒,5.31,AI★★★★★,1-2-5 / 1-2-6 / 1-2-3 / 2-4-1 / 2-1-4 / 2-1-6,様子見,"公式低評価AI検証 / 朝:base土台◎ / 当地巧者 / 級別傾向強い / 差しやや警戒 / base土台を強めに保持 / 直前:気象安定 / 展示F:2,3,5,6注意 / 部品交換:1,2,3,5 / 足:1号艇足色良さげ / 整備:チルト:1:0,2:-0.5,3:0,4:0,5:-0.5,6:0 / 部品交換:1:ピストン,2:ピストン,リング,ピストンリング,3:ピストン,リング,ピストンリング,シリンダ,キャリア,キャリアボデー,ギヤケース,電気,電気一式,キャブ,キャブレタ,シャフト,クランク,プロペラ,ペラ,5:ピストン,リング,ピストンリング,シリンダ,キャリア,キャリアボデー,ギヤケース,電気,電気一式,キャブ,キャブレタ,シャフト,クランク / 直前差小で朝寄り / 朝評価をやや優先 / 隊形:1逃げ本線 / 開催:2日目でやや本命寄り",2026-04-25 16:16:31 JST,"[""6.79"", ""6.79"", ""6.82"", ""6.85"", ""6.78"", ""6.82""]",1:2 / 2:2 / 3:4 / 4:6 / 5:1 / 6:4,晴,2.0,0.0,,,0.09,1:0.19 / 2:0.00 / 3:-0.03 / 4:-0.07 / 5:-0.02 / 6:-0.06,1:A2 / A2 / A1 / A2 / 2:A1 / A1 / A1 / A1 / 3:B1 / B1 / A2 / A2 / 4:A2 / A1 / B1 / A1 / 5:B1 / B2 / A2 / B1 / 6:B1 / B1 / B1 / B1,1:坪口竜也 / 2:細川裕子 / 3:中島昂章 / 4:烏野賢太 / 5:河野主樹 / 6:花本 剛,1:-勝率|+当地|-モータ|-ST|+級別 / 2:-勝率|+当地|-モータ|+級別 / 3:-勝率|+当地|-モータ|-ST|-近況 / 4:-勝率|+当地|-モータ|-近況|+級別 / 5:+当地|-モータ|-級別 / 6:-モータ,1:-勝率|+当地|-モータ|-ST|+級別 / 2:-勝率|+当地|-モータ|+級別 / 3:-勝率|+当地|-モータ|-ST|-近況 / 4:-勝率|+当地|-モータ|-近況|+級別 / 5:+当地|-モータ|-級別 / 6:-モータ,1-2-5,770,,,,,,,https://boatrace.jp/owpc/pc/race/resultlist?hd=20260425&jcd=13,2026-04-25 16:16:31 JST,,,100,,,,3連単,2,,3.68,base素材○,base素材○ / 当地巧者 / 級別傾向強い,2026-04-25 03:59:01 JST,,0
2026-04-25,15:10,浜名湖,8R,8,official_all,★★★★☆,4-1-5 / 4-5-1 / 4-1-3 / 4-5-3 / 4-3-1 / 4-3-5,8.82,AI★★★★★,4-1-5 / 4-1-6 / 4-1-3 / 4-1-2 / 4-5-1 / 4-5-6,base土台○ / 地力上位 / 当地巧者 / 級別傾向強い / 中枠攻め候補 / 差しやや警戒,8.89,AI★★★★★,1-2-4 / 4-1-5 / 4-1-3 / 3-2-4 / 2-4-5 / 1-4-5,様子見,"朝:base土台○ / 地力上位 / 当地巧者 / 級別傾向強い / 中枠攻め候補 / 差しやや警戒 / base土台をやや保持 / 直前:気象安定 / 風向東 / 足:ST気配あり / 部品交換:1,2,3,6 / 足:4号艇足色良さげ / 整備:チルト:1:-0.5,2:-0.5,3:-0.5,4:0,5:0,6:-0.5 / 部品交換:1:ピストン,2:ピストン,リング,ピストンリング,シリンダ,キャリア,キャリアボデー,ギヤケース,電気,電気一式,キャブ,キャブレタ,シャフト,クランク,プロペラ,ペラ,3:ピストン,リング,ピストンリング,シリンダ,キャリア,キャリアボデー,ギヤケース,電気,電気一式,キャブ,キャブレタ,シャフト,クランク,6:ピストン,リング,ピストンリング,シリンダ,電気,電気一式,キャブ,キャブレタ / 直前差小で朝寄り / 朝評価をやや優先 / 隊形:1逃げ本線 / 4攻め注意 / 開催:2日目でやや本命寄り",2026-04-25 16:16:31 JST,"[""6.65"", ""6.65"", ""6.65"", ""6.66"", ""6.65"", ""6.68""]",1:1 / 2:1 / 3:1 / 4:5 / 5:1 / 6:6,晴,4.0,2.0,,東,0.04,1:0.12 / 2:0.06 / 3:0.05 / 4:0.17 / 5:0.06 / 6:-0.11,1:A2 / A2 / A1 / A2 / 2:B1 / B1 / B1 / B1 / 3:B1 / B1 / B1 / B1 / 4:A1 / A1 / A1 / A1 / 5:B1 / B1 / B1 / B1 / 6:B1 / B2 / B2 / B1,1:馬野 耀 / 2:宇野博之 / 3:秋田健太 / 4:和田兼輔 / 5:山口晃朋 / 6:表 健太,1:-勝率|+当地|-モータ|-ST|+級別 / 2:-勝率|+当地|-モータ|-ST / 3:-勝率|+当地|-モータ|-ST|-近況 / 4:+勝率|+当地|-モータ|-近況|+級別 / 5:+当地|-モータ / 6:-モータ|-級別,1:-勝率|+当地|-モータ|-ST|+級別 / 2:-勝率|+当地|-モータ|-ST / 3:-勝率|+当地|-モータ|-ST|-近況 / 4:+勝率|+当地|-モータ|-近況|+級別 / 5:+当地|-モータ / 6:-モータ|-級別,1-4-5,710,,,,,,,https://boatrace.jp/owpc/pc/race/resultlist?hd=20260425&jcd=06,2026-04-25 16:16:31 JST,,,100,,,,3連単,2,,3.97,base素材○,base素材○ / 地力上位 / 当地巧者 / 級別傾向強い / 中枠攻め候補,2026-04-25 03:59:01 JST,,0
2026-04-25,15:13,常滑,11R,11,official_all,★★★★☆,1-3-4 / 1-4-3 / 1-3-5 / 1-4-5 / 1-5-3 / 1-5-4,3.52,AI★★★★★,5-3-4 / 5-3-1 / 5-3-2 / 5-3-6 / 5-4-3 / 5-4-1,base保留 / 当地巧者 / 級別傾向強い,3.7,AI★★★★☆,1-5-6 / 5-3-6 / 2-5-6 / 6-5-2 / 3-5-6 / 5-3-4,見送り寄り,"朝:base保留 / 当地巧者 / 級別傾向強い / base保留で買い上げ慎重 / 直前:展示差あり / 展示タイム差を確認 / 進入:1-2-5-3-4-6 / 前づけで波乱含み / 気象安定 / 足:足差ややあり / 展示F:5注意 / 足:ST気配あり / 足:進入変化 / チルト高:5:2 / 整備:チルト:1:0,2:-0.5,3:-0.5,4:0,5:2,6:-0.5 / 部品交換:2:ピストン,リング,ピストンリング,シリンダ,キャリア,キャリアボデー,ギヤケース,電気,電気一式,キャブ,キャブレタ,シャフト,クランク,3:ピストン,リング,ピストンリング,4:ピストン,リング,ピストンリング,シリンダ,キャリア,キャリアボデー,ギヤケース,電気,電気一式,キャブ,キャブレタ,シャフト,クランク,プロペラ,ペラ,6:ピストン / 進入変化ありで直前重視 / 隊形:5一撃注意 / 進入:1-2-5-3-4-6 / 開催:2日目でやや本命寄り",2026-04-25 16:16:31 JST,"[""6.76"", ""6.77"", ""6.70"", ""6.77"", ""6.59"", ""6.64""]",1:4 / 2:5 / 3:3 / 4:5 / 5:1 / 6:2,晴,2.0,1.0,,,0.09,1:-0.16 / 2:-0.06 / 3:-0.21 / 4:-0.43 / 5:0.30 / 6:0.05,1:A2 / A2 / A2 / A1 / 2:B1 / B1 / B1 / B1 / 3:A1 / A2 / A1 / A1 / 4:A2 / A2 / A1 / A2 / 5:A2 / A1 / A2 / A1 / 6:B2 / B2 / B2 / B2,1:一瀬 明 / 2:今泉 徹 / 3:権藤俊光 / 4:小林 泰 / 5:藤山翔大 / 6:宮崎奏磨,1:-勝率|+当地|-モータ|-ST|+級別 / 2:-勝率|+当地|-モータ|-ST / 3:-勝率|+当地|-モータ|-近況|+級別 / 4:-勝率|+当地|-モータ|-近況|+級別 / 5:+当地|-モータ|+級別 / 6:-モータ|-級別,1:-勝率|+当地|-モータ|-ST|+級別 / 2:-勝率|+当地|-モータ|-ST / 3:-勝率|+当地|-モータ|-近況|+級別 / 4:-勝率|+当地|-モータ|-近況|+級別 / 5:+当地|-モータ|+級別 / 6:-モータ|-級別,3-5-1,1880,,,,,,,https://boatrace.jp/owpc/pc/race/resultlist?hd=20260425&jcd=08,2026-04-25 16:16:31 JST,,,100,,,,3連単,2,,3.56,base素材○,base素材○ / 当地巧者 / 級別傾向強い,2026-04-25 03:59:01 JST,,0
2026-04-25,15:17,住之江,1R,1,official_all,★★★★★,6-1-5 / 6-5-1 / 6-1-3 / 6-5-3 / 6-3-1 / 6-3-5,4.3,AI★★★★★,6-5-4 / 6-5-3 / 6-5-2 / 6-5-1 / 6-4-5 / 6-4-3,base保留 / 選手力上位 / 級別傾向強い / 攻めやや注意,4.35,AI★★★★★,1-6-5 / 6-5-2 / 6-5-1 / 2-6-5 / 6-2-5 / 6-5-3,様子見,"朝:base保留 / 選手力上位 / 級別傾向強い / 攻めやや注意 / base保留で買い上げ慎重 / 直前:展示差ややあり / 展示タイム差を確認 / 気象安定 / 展示F:1,2,5注意 / 足:ST気配あり / 部品交換:3 / 足:6号艇足色良さげ / 整備:チルト:1:-0.5,2:-0.5,3:-0.5,4:-0.5,5:-0.5,6:0 / 部品交換:3:リング / 直前差小で朝寄り / 朝評価をやや優先 / 隊形:6一撃注意 / 1逃げ本線",2026-04-25 16:16:31 JST,"[""6.90"", ""6.86"", ""6.94"", ""6.90"", ""6.84"", ""6.89""]",1:4 / 2:2 / 3:6 / 4:4 / 5:1 / 6:3,晴,0.0,1.0,,,0.1,1:0.03 / 2:0.02 / 3:-0.19 / 4:-0.18 / 5:0.02 / 6:0.13,1:B1 / B1 / B1 / B1 / 2:B1 / B1 / B1 / B1 / 3:B1 / B1 / A2 / B1 / 4:B1 / B1 / B1 / B1 / 5:B1 / B1 / B1 / B1 / 6:A2 / A1 / B1 / A2,1:井手良太 / 2:泉 具巳 / 3:米田隆弘 / 4:来田衣織 / 5:幸田智裕 / 6:興津 藍,1:-勝率|+当地|-モータ|-ST / 2:-勝率|+当地|-モータ|-ST / 3:-勝率|+当地|-モータ|-ST|-近況 / 4:-勝率|+当地|-モータ|-ST|-近況 / 5:+当地|-モータ / 6:-モータ|+級別,1:-勝率|+当地|-モータ|-ST / 2:-勝率|+当地|-モータ|-ST / 3:-勝率|+当地|-モータ|-ST|-近況 / 4:-勝率|+当地|-モータ|-ST|-近況 / 5:+当地|-モータ / 6:-モータ|+級別,1-3-5,1300,,,,,,,https://boatrace.jp/owpc/pc/race/resultlist?hd=20260425&jcd=12,2026-04-25 16:16:31 JST,,,100,,,,3連単,3,,1.15,base素材危険,base素材危険 / 選手力上位 / 級別傾向強い,2026-04-25 03:59:01 JST,,0
2026-04-25,15:18,桐生,1R,1,official_all,★★★★☆,6-2-1 / 6-1-2 / 6-2-4 / 6-1-4 / 6-4-2 / 6-4-1,3.01,AI★★★★★,6-5-3 / 6-5-4 / 6-5-1 / 6-5-2 / 6-3-5 / 6-3-4,base土台○ / 選手力上位 / 級別傾向強い / インやや強め,3.11,AI★★★★☆,1-3-4 / 3-1-4 / 1-3-2 / 4-1-3 / 6-3-4 / 6-5-3,買い,"朝:base土台○ / 選手力上位 / 級別傾向強い / インやや強め / base土台をやや保持 / 直前:展示差あり / 展示タイム差を確認 / 風向東 / 足:足差あり / 足:ST気配あり / 部品交換:3 / 足:5号艇足色良さげ / 整備:チルト:1:-0.5,2:-0.5,3:-0.5,4:-0.5,5:-0.5,6:-0.5 / 部品交換:3:電気 / 直前差中で少し動かす / 隊形:1逃げ本線 / 3攻め注意 / 開催:2日目でやや本命寄り",2026-04-25 16:16:31 JST,"[""6.61"", ""6.74"", ""6.59"", ""6.68"", ""6.81"", ""6.70""]",1:2 / 2:5 / 3:1 / 4:3 / 5:6 / 6:4,晴,4.0,3.0,,東,0.0,1:0.14 / 2:-0.17 / 3:0.22 / 4:-0.05 / 5:-0.25 / 6:-0.26,1:B1 / A2 / B1 / B1 / 2:B1 / B1 / B1 / B1 / 3:A2 / B1 / B1 / B1 / 4:B1 / B1 / B1 / B1 / 5:B1 / B1 / B1 / B1 / 6:A2 / B1 / A2 / A2,1:川原 涼 / 2:山地正樹 / 3:大橋栄里 / 4:岡部貴司 / 5:土井歩夢 / 6:渡邉睦広,1:-勝率|+当地|-モータ|-ST / 2:-勝率|+当地|-モータ|-ST / 3:-勝率|+当地|-モータ|-ST|-近況|+級別 / 4:-勝率|+当地|-モータ|-ST|-近況 / 5:+当地|-モータ / 6:-モータ|+級別,1:-勝率|+当地|-モータ|-ST / 2:-勝率|+当地|-モータ|-ST / 3:-勝率|+当地|-モータ|-ST|-近況|+級別 / 4:-勝率|+当地|-モータ|-ST|-近況 / 5:+当地|-モータ / 6:-モータ|+級別,1-2-4,880,,,,,,,https://boatrace.jp/owpc/pc/race/resultlist?hd=20260425&jcd=01,2026-04-25 16:16:31 JST,,,100,,,,3連単,2,,0.5,base素材危険,base素材危険 / 選手力上位 / 級別傾向強い,2026-04-25 03:59:01 JST,,0
2026-04-25,15:20,若松,1R,1,official_all,★★★★☆,3-1-4 / 3-4-1 / 3-1-5 / 3-4-5 / 3-5-1 / 3-5-4,-1.26,AI★☆☆☆☆,6-4-1 / 6-4-3 / 6-4-5 / 6-4-2 / 6-1-4 / 6-1-3,base危険 / 選手力上位 / 差しやや警戒,-1.23,AI★☆☆☆☆,1-3-2 / 3-1-2 / 3-1-6 / 6-4-3 / 6-1-3 / 6-4-1,見送り寄り,"朝:base危険 / 選手力上位 / 差しやや警戒 / base危険で買い上げ抑制 / 直前:展示差あり / 展示タイム差を確認 / 足:足差ややあり / 展示F:1,2,4,5,6注意 / 部品交換:5,6 / 整備:チルト:1:0,2:0,3:0,4:-0.5,5:-0.5,6:-0.5 / 部品交換:5:ピストン,リング,ピストンリング,6:ピストン,リング,ピストンリング,シリンダ,ギヤケース,電気,電気一式,キャブ,キャブレタ,シャフト,クランク / 直前差小で朝寄り / 隊形:3攻め注意 / 1逃げ本線",2026-04-25 16:16:31 JST,"[""6.97"", ""7.05"", ""6.93"", ""7.05"", ""7.08"", ""7.00""]",1:2 / 2:4 / 3:1 / 4:4 / 5:6 / 6:3,晴,4.0,4.0,,,0.0,1:0.01 / 2:-0.13 / 3:0.18 / 4:-0.13 / 5:-0.38 / 6:-0.10,1:B1 / B1 / B1 / B1 / 2:B2 / B2 / B2 / B2 / 3:B2 / B1 / B1 / B1 / 4:B1 / B2 / B1 / B1 / 5:B2 / B2 / B2 / B1 / 6:B1 / B2 / B1 / B2,1:間庭菜摘 / 2:坂本奈央 / 3:五反田忍 / 4:田村美和 / 5:深見亜由 / 6:植木美帆,1:-勝率|+当地|-モータ|-ST / 2:-勝率|+当地|-モータ|-ST|-級別 / 3:-勝率|+当地|-モータ|-ST|-近況|-級別 / 4:-勝率|+当地|-モータ|-ST|-近況|-級別 / 5:+当地|-モータ|-級別 / 6:-モータ|-級別,1:-勝率|+当地|-モータ|-ST / 2:-勝率|+当地|-モータ|-ST|-級別 / 3:-勝率|+当地|-モータ|-ST|-近況|-級別 / 4:-勝率|+当地|-モータ|-ST|-近況|-級別 / 5:+当地|-モータ|-級別 / 6:-モータ|-級別,3-4-1,2710,,,,,,,https://boatrace.jp/owpc/pc/race/resultlist?hd=20260425&jcd=20,2026-04-25 16:16:31 JST,,,100,,,,3連単,4,,-3.69,base素材危険,base素材危険 / 選手力上位,2026-04-25 03:59:01 JST,,0
2026-04-25,15:21,蒲郡,1R,1,official_all,★★★★☆,3-5-1 / 3-1-5 / 3-5-4 / 3-1-4 / 3-4-5 / 3-4-1,2.93,AI★★★★★,3-6-5 / 3-6-4 / 3-6-2 / 3-6-1 / 3-5-6 / 3-5-4,base土台◎ / 当地巧者 / 級別傾向強い / 中枠攻め候補 / インやや強め,2.99,AI★★★☆☆,1-2-6 / 6-2-1 / 2-1-6 / 3-6-5 / 3-6-1 / 3-6-2,見送り寄り,"朝:base土台◎ / 当地巧者 / 級別傾向強い / 中枠攻め候補 / インやや強め / base土台を強めに保持 / 直前:気象安定 / 風向西 / 展示F:1,2,3注意 / 部品交換:5,6 / 足:6号艇足色良さげ / 整備:チルト:1:-0.5,2:-0.5,3:-0.5,4:-0.5,5:-0.5,6:-0.5 / 部品交換:5:ピストン,リング,ピストンリング,6:ピストン,リング,ピストンリング,シリンダ,ギヤケース,電気,電気一式,キャブ,キャブレタ,シャフト,クランク / 直前差小で朝寄り / 朝評価をやや優先 / 隊形:1逃げ本線 / 6一撃注意 / 開催:2日目でやや本命寄り",2026-04-25 16:16:31 JST,"[""6.68"", ""6.66"", ""6.68"", ""6.74"", ""6.67"", ""6.67""]",1:4 / 2:1 / 3:4 / 4:6 / 5:2 / 6:2,晴,2.0,1.0,,西,0.09,1:0.08 / 2:0.10 / 3:0.01 / 4:-0.17 / 5:-0.02 / 6:0.08,1:B1 / B1 / B1 / B1 / 2:B1 / B1 / B1 / B1 / 3:A2 / A1 / A1 / A2 / 4:B1 / B1 / B1 / B1 / 5:B1 / B1 / B1 / B1 / 6:B1 / B1 / B1 / B1,1:西尾亮輔 / 2:豊田祥生 / 3:金子和之 / 4:天野 誠 / 5:西川新太 / 6:福田 理,1:-勝率|+当地|-モータ|-ST / 2:-勝率|+当地|-モータ|-ST / 3:-勝率|+当地|-モータ|-ST|-近況|+級別 / 4:-勝率|+当地|-モータ|-ST|-近況 / 5:+当地|-モータ / 6:-モータ,1:-勝率|+当地|-モータ|-ST / 2:-勝率|+当地|-モータ|-ST / 3:-勝率|+当地|-モータ|-ST|-近況|+級別 / 4:-勝率|+当地|-モータ|-ST|-近況 / 5:+当地|-モータ / 6:-モータ,4-1-5,14110,,,,,,,https://boatrace.jp/owpc/pc/race/resultlist?hd=20260425&jcd=07,2026-04-25 16:16:31 JST,,,100,,,,3連単,2,,0.67,base素材危険,base素材危険 / 当地巧者 / 級別傾向強い / 中枠攻め候補,2026-04-25 03:59:01 JST,,0
2026-04-25,15:22,福岡,7R,7,official_all,★★★★☆,1-5-2 / 1-2-5 / 1-5-4 / 1-2-4 / 1-4-5 / 1-4-2,0.08,AI★☆☆☆☆,5-1-4 / 5-1-3 / 5-1-2 / 5-1-6 / 5-4-1 / 5-4-3,base危険 / 当地巧者 / 差しやや警戒,0.17,AI★☆☆☆☆,1-2-6 / 6-2-1 / 1-6-5 / 5-1-3 / 5-1-6 / 5-1-4,見送り寄り,"朝:base危険 / 当地巧者 / 差しやや警戒 / base危険で買い上げ抑制 / 直前:進入:1-2-3-4-6 / 前づけで波乱含み / 気象安定 / 風向南 / 展示F:2,3,6注意 / 足:ST気配あり / 足:進入変化 / 部品交換:1,2,5,6 / 6前づけ / 整備:チルト:1:0,2:-0.5,3:0,4:-0.5,5:0,6:0 / 部品交換:1:ピストン,リング,ピストンリング,電気,電気一式,2:ピストン,リング,ピストンリング,電気,電気一式,キャブ,キャブレタ,5:ピストン,6:ピストン,リング,ピストンリング,シリンダ,ギヤケース,電気,電気一式,キャブ,キャブレタ,シャフト,クランク / 直前差小で朝寄り / 隊形:1逃げ本線 / 6一撃注意 / 進入:1-2-3-4-6 / 開催:2日目でやや本命寄り",2026-04-25 16:16:31 JST,"[""6.90"", ""6.90"", ""6.91"", ""6.98"", ""6.90"", ""6.90""]",1:1 / 2:1 / 3:5 / 4:6 / 5:1 / 6:1,晴,2.0,2.0,,南,0.08,1:0.12 / 2:0.04 / 3:0.01 / 4:-0.01 / 5:0.00 / 6:0.10,1:A2 / A2 / A2 / A2 / 2:B1 / B1 / B1 / B1 / 3:B1 / B1 / B1 / B1 / 4:B1 / B1 / B1 / B1 / 5:B1 / B1 / B1 / A2 / 6:B2 / B2,1:藤田浩人 / 2:小林愛実 / 3:松本弓雄 / 4:川合理司 / 5:海老澤泰 / 6:古園井綾,1:-勝率|+当地|-モータ|-ST|+級別 / 2:-勝率|+当地|-モータ|-ST / 3:-勝率|+当地|-モータ|-ST|-近況 / 4:-勝率|+当地|-モータ|-ST|-近況 / 5:+当地|-モータ / 6:-モータ|-級別,1:-勝率|+当地|-モータ|-ST|+級別 / 2:-勝率|+当地|-モータ|-ST / 3:-勝率|+当地|-モータ|-ST|-近況 / 4:-勝率|+当地|-モータ|-ST|-近況 / 5:+当地|-モータ / 6:-モータ|-級別,1-3-4,800,,,,,,,https://boatrace.jp/owpc/pc/race/resultlist?hd=20260425&jcd=22,2026-04-25 16:16:31 JST,,,100,,,,3連単,2,,-1.29,base素材危険,base素材危険 / 当地巧者,2026-04-25 03:59:01 JST,,0
2026-04-25,15:24,宮島,10R,10,official_all,★☆☆☆☆,1-2-3 / 1-3-2 / 1-2-4 / 1-3-4 / 1-4-2 / 1-4-3,5.99,AI★★★★★,6-5-4 / 6-5-2 / 6-5-1 / 6-5-3 / 6-4-5 / 6-4-2,base保留 / 地力上位 / 級別傾向強い,6.02,AI★★★★★,1-2-4 / 1-2-5 / 1-2-6 / 6-5-1 / 6-4-5 / 6-5-4,買い,"公式低評価AI検証 / 朝:base保留 / 地力上位 / 級別傾向強い / base保留で買い上げ慎重 / 直前:展示F:5,6注意 / 足:ST気配あり / 部品交換:5,6 / 足:1号艇足色良さげ / 整備:チルト:1:0,2:-0.5,3:-0.5,4:-0.5,5:-0.5,6:0 / 部品交換:5:ピストン,リング,ピストンリング,6:ピストン,リング,ピストンリング,シリンダ,ギヤケース,電気,電気一式,キャブ,キャブレタ,シャフト,クランク / 直前差小で朝寄り / 朝評価をやや優先 / 隊形:1逃げ本線 / 2差し注意",2026-04-25 16:16:31 JST,"[""6.65"", ""6.65"", ""6.66"", ""6.65"", ""6.64"", ""6.68""]",1:2 / 2:2 / 3:5 / 4:2 / 5:1 / 6:6,晴,4.0,4.0,,,0.0,1:0.19 / 2:0.04 / 3:-0.08 / 4:0.06 / 5:0.01 / 6:-0.03,1:A1 / A1 / A1 / A1 / 2:A1 / A1 / A1 / A1 / 3:A1 / A2 / A1 / A1 / 4:A1 / A1 / A1 / A1 / 5:A1 / A1 / A1 / A1 / 6:A1 / A1 / A1 / A1,1:石渡鉄兵 / 2:中澤和志 / 3:福島勇樹 / 4:菊地孝平 / 5:平田忠則 / 6:辻 栄蔵,1:-勝率|+当地|-モータ|+級別 / 2:-勝率|+当地|-モータ|+級別 / 3:-勝率|+当地|-モータ|-近況|+級別 / 4:+別格|+勝率|+当地|-モータ|-近況|+級別 / 5:+勝率|+当地|-モータ|+級別 / 6:+勝率|-モータ|+級別,1:-勝率|+当地|-モータ|+級別 / 2:-勝率|+当地|-モータ|+級別 / 3:-勝率|+当地|-モータ|-近況|+級別 / 4:+別格|+勝率|+当地|-モータ|-近況|+級別 / 5:+勝率|+当地|-モータ|+級別 / 6:+勝率|-モータ|+級別,1-4-6,3040,,,,,,,https://boatrace.jp/owpc/pc/race/resultlist?hd=20260425&jcd=17,2026-04-25 16:16:31 JST,,,100,,,,3連単,5,,8.12,base素材○,base素材○ / 地力上位 / 級別傾向強い,2026-04-25 03:59:01 JST,,0
2026-04-25,15:26,丸亀,1R,1,official_all,★☆☆☆☆,1-4-5 / 1-5-4 / 1-4-6 / 1-5-6 / 1-6-4 / 1-6-5,0.02,AI★☆☆☆☆,6-5-4 / 6-5-3 / 6-5-2 / 6-5-1 / 6-4-5 / 6-4-3,base危険 / 選手力上位,0.12,AI★☆☆☆☆,1-6-4 / 6-5-4 / 1-6-5 / 4-6-1 / 3-6-1 / 6-5-1,見送り寄り,"公式低評価AI検証 / 朝:base危険 / 選手力上位 / base危険で買い上げ抑制 / 直前:展示差あり / 展示タイム差を確認 / 風向西 / 足:足差ややあり / 足:ST気配あり / 部品交換:5,6 / 足:6号艇足色良さげ / 整備:チルト:1:0,2:-0.5,3:0,4:-0.5,5:-0.5,6:-0.5 / 部品交換:5:ピストン,リング,ピストンリング,6:ピストン,リング,ピストンリング,シリンダ,ギヤケース,電気,電気一式,キャブ,キャブレタ,シャフト,クランク / 直前差小で朝寄り / 隊形:1逃げ本線 / 6一撃注意 / 開催:2日目でやや本命寄り",2026-04-25 16:16:31 JST,"[""6.72"", ""6.89"", ""6.75"", ""6.74"", ""6.80"", ""6.74""]",1:1 / 2:6 / 3:4 / 4:2 / 5:5 / 6:2,晴,3.0,3.0,,西,0.0,1:0.13 / 2:-0.30 / 3:0.00 / 4:0.08 / 5:-0.06 / 6:0.16,1:B1 / B1 / B1 / B1 / 2:B1 / B1 / B1 / B2 / 3:B1 / B1 / B1 / B1 / 4:B1 / B1 / B1 / B1 / 5:B1 / B1 / B1 / B1 / 6:B1 / B1 / B1 / B1,1:上田隆章 / 2:三嶌ここ / 3:松下知幸 / 4:川上清人 / 5:塩田雄一 / 6:大西隆洋,1:-勝率|+当地|-モータ|-ST / 2:-勝率|+当地|-モータ|-ST|-級別 / 3:-勝率|+当地|-モータ|-ST|-近況 / 4:-勝率|+当地|-モータ|-ST|-近況 / 5:+当地|-モータ / 6:-モータ,1:-勝率|+当地|-モータ|-ST / 2:-勝率|+当地|-モータ|-ST|-級別 / 3:-勝率|+当地|-モータ|-ST|-近況 / 4:-勝率|+当地|-モータ|-ST|-近況 / 5:+当地|-モータ / 6:-モータ,1-4-2,2300,,,,,,,https://boatrace.jp/owpc/pc/race/resultlist?hd=20260425&jcd=15,2026-04-25 16:16:31 JST,,,100,,,,3連単,2,,-1.29,base素材危険,base素材危険 / 選手力上位,2026-04-25 03:59:01 JST,,0
2026-04-25,15:29,平和島,10R,10,official_all,★★★★★,3-1-6 / 3-6-1 / 3-1-4 / 3-6-4 / 3-4-1 / 3-4-6,7.87,AI★★★★★,6-3-5 / 6-3-1 / 6-3-4 / 6-3-2 / 6-5-3 / 6-5-1,base保留 / 地力上位 / 級別傾向強い / 攻めやや注意,7.97,AI★★★★★,1-3-2 / 3-1-2 / 1-3-6 / 2-3-1 / 6-3-1 / 6-3-5,買い,"朝:base保留 / 地力上位 / 級別傾向強い / 攻めやや注意 / base保留で買い上げ慎重 / 直前:展示差あり / 展示タイム差を確認 / 気象安定 / 足:足差ややあり / 展示F:4,6注意 / 足:ST気配あり / 部品交換:1,2,3,6 / 足:5号艇足色良さげ / 整備:チルト:1:-0.5,2:-0.5,3:-0.5,4:-0.5,5:-0.5,6:-0.5 / 部品交換:1:ピストン,リング,ピストンリング,シリンダ,キャリア,キャリアボデー,ギヤケース,電気,電気一式,キャブ,キャブレタ,シャフト,クランク,2:ピストン,リング,ピストンリング,3:ピストン,リング,ピストンリング,シリンダ,キャリア,キャリアボデー,ギヤケース,電気,電気一式,キャブ,キャブレタ,シャフト,クランク,プロペラ,ペラ,6:ピストン / 直前差中で少し動かす / 隊形:1逃げ本線 / 3攻め注意 / 開催:2日目でやや本命寄り",2026-04-25 16:16:31 JST,"[""6.70"", ""6.76"", ""6.72"", ""6.86"", ""6.86"", ""6.73""]",1:1 / 2:4 / 3:2 / 4:5 / 5:5 / 6:3,晴,2.0,3.0,,,0.04,1:0.15 / 2:-0.01 / 3:0.12 / 4:-0.23 / 5:-0.20 / 6:-0.04,1:A2 / A2 / A2 / A2 / 2:B1 / B1 / B1 / B1 / 3:A1 / A1 / A1 / A1 / 4:B1 / B1 / B1 / B1 / 5:B1 / B1 / B1 / B1 / 6:A1 / A1 / A1 / A1,1:木和 / 2:石井孝之 / 3:木下翔太 / 4:広瀬聖仁 / 5:小黒竜吾 / 6:和田拓也,1:-勝率|+当地|-モータ|-ST|+級別 / 2:-勝率|+当地|-モータ|-ST / 3:-勝率|+当地|-モータ|-近況|+級別 / 4:-勝率|+当地|-モータ|-ST|-近況 / 5:+当地|-モータ / 6:+勝率|-モータ|+級別,1:-勝率|+当地|-モータ|-ST|+級別 / 2:-勝率|+当地|-モータ|-ST / 3:-勝率|+当地|-モータ|-近況|+級別 / 4:-勝率|+当地|-モータ|-ST|-近況 / 5:+当地|-モータ / 6:+勝率|-モータ|+級別,1-3-6,650,,,,,,,https://boatrace.jp/owpc/pc/race/resultlist?hd=20260425&jcd=04,2026-04-25 16:16:31 JST,,,100,,,,3連単,2,,6.67,base素材○,base素材○ / 地力上位 / 級別傾向強い,2026-04-25 03:59:01 JST,,0
2026-04-25,15:33,児島,10R,10,official_all,★☆☆☆☆,1-5-2 / 1-2-5 / 1-5-6 / 1-2-6 / 1-6-5 / 1-6-2,2.33,AI★★★★☆,5-6-1 / 5-6-4 / 5-6-2 / 5-6-3 / 5-1-6 / 5-1-4,base保留 / 当地巧者 / 級別傾向強い / インやや強め,2.36,AI★★★☆☆,1-4-6 / 4-1-6 / 4-1-5 / 5-1-6 / 5-6-4 / 5-6-1,様子見,"公式低評価AI検証 / 朝:base保留 / 当地巧者 / 級別傾向強い / インやや強め / base保留で買い上げ慎重 / 直前:展示差ややあり / 展示タイム差を確認 / 足:足差ややあり / 展示F:2,3,5,6注意 / 足:ST気配あり / 部品交換:1,4,5,6 / 足:4号艇足色良さげ / 整備:チルト:1:-0.5,2:0,3:-0.5,4:-0.5,5:0,6:-0.5 / 部品交換:1:ピストン,リング,ピストンリング,シリンダ,キャリア,キャリアボデー,ギヤケース,電気,電気一式,キャブ,キャブレタ,シャフト,クランク,4:ピストン,リング,ピストンリング,5:ピストン,6:ピストン,リング,ピストンリング,シリンダ,電気,電気一式,キャブ,キャブレタ / 直前差小で朝寄り / 朝評価をやや優先 / 隊形:4攻め注意 / 1逃げ本線",2026-04-25 16:16:31 JST,"[""6.74"", ""6.78"", ""6.85"", ""6.74"", ""6.77"", ""6.72""]",1:2 / 2:5 / 3:6 / 4:2 / 5:4 / 6:1,晴,4.0,3.0,,,0.0,1:-0.00 / 2:-0.07 / 3:-0.28 / 4:0.17 / 5:-0.03 / 6:0.05,1:A2 / A2 / A2 / A2 / 2:B1 / A2 / B1 / B1 / 3:B1 / B1 / B1 / B1 / 4:B1 / B1 / B1 / A2 / 5:A2 / B1 / A2 / A2 / 6:B1 / B1 / B1 / B1,1:室田泰史 / 2:森安弘雅 / 3:山田和佐 / 4:浜崎準也 / 5:松本一毅 / 6:梅木敬太,1:-勝率|+当地|-モータ|-ST|+級別 / 2:-勝率|+当地|-モータ|-ST / 3:-勝率|+当地|-モータ|-ST|-近況 / 4:-勝率|+当地|-モータ|-ST|-近況 / 5:+当地|-モータ|+級別 / 6:-モータ,1:-勝率|+当地|-モータ|-ST|+級別 / 2:-勝率|+当地|-モータ|-ST / 3:-勝率|+当地|-モータ|-ST|-近況 / 4:-勝率|+当地|-モータ|-ST|-近況 / 5:+当地|-モータ|+級別 / 6:-モータ,1-2-4,710,,,,,,,https://boatrace.jp/owpc/pc/race/resultlist?hd=20260425&jcd=16,2026-04-25 16:16:31 JST,,,100,,,,3連単,3,,0.45,base素材危険,base素材危険 / 当地巧者 / 級別傾向強い,2026-04-25 03:59:01 JST,,0
2026-04-25,15:37,浜名湖,9R,9,official_all,★☆☆☆☆,4-2-6 / 4-6-2 / 4-2-1 / 4-6-1 / 4-1-2 / 4-1-6,2.78,AI★★★★★,6-4-2 / 6-4-5 / 6-4-3 / 6-4-1 / 6-2-4 / 6-2-5,base保留 / 選手力上位 / 級別傾向強い / 差しやや警戒,2.85,AI★★★☆☆,1-2-5 / 4-2-5 / 1-2-4 / 6-2-4 / 6-4-5 / 6-4-2,様子見,"公式低評価AI検証 / 朝:base保留 / 選手力上位 / 級別傾向強い / 差しやや警戒 / base保留で買い上げ慎重 / 直前:展示差ややあり / 展示タイム差を確認 / 気象安定 / 風向東 / 足:足差ややあり / 部品交換:1,2,5,6 / 整備:チルト:1:-0.5,2:-0.5,3:-0.5,4:-0.5,5:-0.5,6:0 / 部品交換:1:ピストン,リング,ピストンリング,2:ピストン,リング,ピストンリング,シリンダ,キャリア,キャリアボデー,ギヤケース,電気,電気一式,キャブ,キャブレタ,シャフト,クランク,5:ピストン,6:ピストン,リング,ピストンリング,シリンダ,電気,電気一式,キャブ,キャブレタ / 直前差小で朝寄り / 朝評価をやや優先 / 隊形:4攻め注意 / 1逃げ本線 / 開催:2日目でやや本命寄り",2026-04-25 16:16:31 JST,"[""6.63"", ""6.62"", ""6.73"", ""6.61"", ""6.63"", ""6.62""]",1:4 / 2:2 / 3:6 / 4:1 / 5:4 / 6:2,晴,4.0,2.0,,東,0.04,1:0.01 / 2:0.07 / 3:-0.26 / 4:0.14 / 5:0.09 / 6:-0.01,1:B1 / B1 / A2 / A2 / 2:A2 / A2 / A2 / A2 / 3:B1 / B1 / B1 / B1 / 4:A2 / A2 / A2 / A2 / 5:B1 / B1 / B1 / B1 / 6:A2 / A2 / A2 / A2,2:吉田慎二 / 3:村松遥輝 / 4:中村辰也 / 5:大崎 翔 / 6:亀山雅幸,1:-勝率|+当地|-モータ|-ST / 2:-勝率|+当地|-モータ|-ST|+級別 / 3:-勝率|+当地|-モータ|-ST|-近況 / 4:-勝率|+当地|-モータ|-近況|+級別 / 5:+当地|-モータ / 6:-モータ|+級別,1:-勝率|+当地|-モータ|-ST / 2:-勝率|+当地|-モータ|-ST|+級別 / 3:-勝率|+当地|-モータ|-ST|-近況 / 4:-勝率|+当地|-モータ|-近況|+級別 / 5:+当地|-モータ / 6:-モータ|+級別,1-2-6,3230,,,,,,,https://boatrace.jp/owpc/pc/race/resultlist?hd=20260425&jcd=06,2026-04-25 16:16:31 JST,,,100,,,,3連単,2,,1.71,base素材保留,base素材保留 / 選手力上位 / 級別傾向強い,2026-04-25 03:59:01 JST,,0
2026-04-25,15:39,津,11R,11,official_all,★★★☆☆,1-4-3 / 1-3-4 / 1-4-5 / 1-3-5 / 1-5-4 / 1-5-3,4.2,AI★★★★★,1-4-5 / 1-4-3 / 1-4-6 / 1-4-2 / 1-5-4 / 1-5-3,base土台◎ / 当地巧者 / 級別傾向強い / 1号艇有利 / インやや強め,4.27,AI★★★★★,1-6-5 / 6-3-5 / 1-4-6 / 3-6-5 / 1-4-5 / 1-5-3,様子見,"公式低評価AI検証 / 朝:base土台◎ / 当地巧者 / 級別傾向強い / 1号艇有利 / インやや強め / base土台を強めに保持 / 直前:展示差ややあり / 展示タイム差を確認 / 気象安定 / 足:ST気配あり / 部品交換:2,6 / 足:6号艇足色良さげ / 整備:チルト:1:0,2:-0.5,3:-0.5,4:-0.5,5:-0.5,6:0 / 部品交換:2:ピストン,リング,ピストンリング,シリンダ,キャリア,キャリアボデー,ギヤケース,電気,電気一式,キャブ,キャブレタ,シャフト,クランク,プロペラ,ペラ,6:ピストン,リング,ピストンリング,シリンダ,電気,電気一式,キャブ,キャブレタ / 直前差小で朝寄り / 朝評価をやや優先 / 隊形:6一撃注意 / 1逃げ本線 / 開催:2日目でやや本命寄り",2026-04-25 16:16:31 JST,"[""6.90"", ""6.92"", ""6.91"", ""6.94"", ""6.86"", ""6.84""]",1:3 / 2:5 / 3:4 / 4:6 / 5:2 / 6:1,曇,4.0,2.0,,,0.04,1:0.01 / 2:-0.06 / 3:-0.02 / 4:-0.28 / 5:0.01 / 6:0.21,1:A1 / A1 / A1 / A1 / 2:A2 / B1 / B1 / B1 / 3:A2 / A2 / A2 / A2 / 4:A1 / A1 / A2 / A2 / 5:A2 / A2 / A2 / A2 / 6:B1 / B1 / B1 / B1,1:尾上雅也 / 2:倉田茂将 / 3:武富智亮 / 4:大澤普司 / 5:松村康太 / 6:小倉康典,1:-勝率|+当地|-モータ|+級別 / 2:-勝率|+当地|-モータ|-ST|+級別 / 3:-勝率|+当地|-モータ|-ST|-近況|+級別 / 4:-勝率|+当地|-モータ|-近況|+級別 / 5:+当地|-モータ|+級別 / 6:-モータ,1:-勝率|+当地|-モータ|+級別 / 2:-勝率|+当地|-モータ|-ST|+級別 / 3:-勝率|+当地|-モータ|-ST|-近況|+級別 / 4:-勝率|+当地|-モータ|-近況|+級別 / 5:+当地|-モータ|+級別 / 6:-モータ,1-3-2,890,,,,,,,https://boatrace.jp/owpc/pc/race/resultlist?hd=20260425&jcd=09,2026-04-25 16:16:31 JST,,,100,,,,3連単,2,,4.22,base素材○,base素材○ / 当地巧者 / 級別傾向強い / 1号艇有利,2026-04-25 03:59:01 JST,,0
2026-04-25,15:42,桐生,2R,2,official_all,★★★☆☆,3-6-1 / 3-1-6 / 3-6-2 / 3-1-2 / 3-2-6 / 3-2-1,0.74,AI★★☆☆☆,6-3-4 / 6-3-2 / 6-3-1 / 6-3-5 / 6-4-3 / 6-4-2,base危険 / 選手力上位 / インやや強め,0.98,AI★★☆☆☆,1-2-6 / 2-1-6 / 1-6-2 / 6-1-2 / 4-1-2 / 6-3-4,見送り寄り,"公式低評価AI検証 / 朝:base危険 / 選手力上位 / インやや強め / base危険で買い上げ抑制 / 直前:展示差あり / 展示タイム差を確認 / 進入:1-2-3-4-6-5 / 前づけで波乱含み / 気象安定 / 風向東 / 足:足差あり / 足:ST気配あり / 足:進入変化 / 部品交換:3 / 整備:チルト:1:0,2:-0.5,3:-0.5,4:-0.5,5:-0.5,6:0 / 部品交換:3:電気 / 進入変化ありで少し動かす / 隊形:1逃げ本線 / 進入:1-2-3-4-6-5 / 開催:2日目でやや本命寄り",2026-04-25 16:16:31 JST,"[""6.57"", ""6.67"", ""6.79"", ""6.72"", ""6.75"", ""6.75""]",1:1 / 2:2 / 3:6 / 4:3 / 5:4 / 6:4,晴,3.0,2.0,,東,0.04,1:0.55 / 2:0.02 / 3:-0.38 / 4:-0.14 / 5:-0.40 / 6:-0.09,1:B1 / B1 / B1 / B1 / 2:B1 / B1 / B1 / B1 / 3:A2 / A2 / B1 / B1 / 4:B1 / B1 / B1 / B1 / 5:B2 / B2 / B2 / B2 / 6:B1 / B1 / B1 / A2,1:佐竹太一 / 2:井上尚悟 / 4:本岡勝利 / 5:田中瀬里 / 6:木場悠介,1:-勝率|+当地|-モータ|-ST / 2:-勝率|+当地|-モータ|-ST / 3:-勝率|+当地|-モータ|-ST|-近況|+級別 / 4:-勝率|+当地|-モータ|-ST|-近況 / 5:+当地|-モータ|-級別 / 6:-モータ,1:-勝率|+当地|-モータ|-ST / 2:-勝率|+当地|-モータ|-ST / 3:-勝率|+当地|-モータ|-ST|-近況|+級別 / 4:-勝率|+当地|-モータ|-ST|-近況 / 5:+当地|-モータ|-級別 / 6:-モータ,1-2-4,1770,,,,,,,https://boatrace.jp/owpc/pc/race/resultlist?hd=20260425&jcd=01,2026-04-25 16:16:31 JST,,,100,,,,3連単,2,,-1.08,base素材危険,base素材危険 / 選手力上位,2026-04-25 03:59:01 JST,,0
2026-04-25,15:44,尼崎,11R,11,official_all,★☆☆☆☆,1-4-3 / 1-3-4 / 1-4-6 / 1-3-6 / 1-6-4 / 1-6-3,4.82,AI★★★★★,1-6-4 / 1-6-5 / 1-6-3 / 1-6-2 / 1-4-6 / 1-4-5,base土台◎ / 当地巧者 / 級別傾向強い / 1号艇有利 / 差しやや警戒,4.9,AI★★★★★,1-4-5 / 1-6-4 / 1-6-5 / 3-1-4 / 4-1-3 / 3-1-5,買い,"公式低評価AI検証 / 朝:base土台◎ / 当地巧者 / 級別傾向強い / 1号艇有利 / 差しやや警戒 / base土台を強めに保持 / 直前:気象安定 / 足:ST気配あり / 部品交換:1,2,3,5 / 足:1号艇足色良さげ / 整備:チルト:1:0,2:0,3:0,4:0,5:-0.5,6:0 / 部品交換:1:ピストン,リング,ピストンリング,シリンダ,キャリア,キャリアボデー,ギヤケース,電気,電気一式,キャブ,キャブレタ,シャフト,クランク,2:ピストン,3:ピストン,リング,ピストンリング,シリンダ,キャリア,キャリアボデー,ギヤケース,電気,電気一式,キャブ,キャブレタ,シャフト,クランク,プロペラ,ペラ,5:ピストン,リング,ピストンリング / 直前差小で朝寄り / 朝評価をやや優先 / 隊形:1逃げ本線 / 開催:2日目でやや本命寄り",2026-04-25 16:16:31 JST,"[""6.77"", ""6.81"", ""6.77"", ""6.80"", ""6.79"", ""6.85""]",1:1 / 2:5 / 3:1 / 4:4 / 5:3 / 6:6,晴,2.0,0.0,,,0.09,1:0.36 / 2:-0.02 / 3:0.05 / 4:0.00 / 5:-0.02 / 6:-0.31,1:A1 / A1 / A1 / A1 / 2:B1 / B1 / B1 / A2 / 3:B1 / B1 / B1 / B1 / 4:A2 / A2 / A2 / A2 / 5:B1 / B1 / A2 / A2 / 6:A2 / A2 / A2 / A2,1:桑原 悠 / 2:伊藤喜智 / 3:渡邊伸太 / 4:丸尾義孝 / 5:明石正之 / 6:佐藤大佑,1:-勝率|+当地|-モータ|+級別 / 2:-勝率|+当地|-モータ|-ST / 3:-勝率|+当地|-モータ|-ST|-近況 / 4:-勝率|+当地|-モータ|-近況|+級別 / 5:+当地|-モータ / 6:-モータ|+級別,1:-勝率|+当地|-モータ|+級別 / 2:-勝率|+当地|-モータ|-ST / 3:-勝率|+当地|-モータ|-ST|-近況 / 4:-勝率|+当地|-モータ|-近況|+級別 / 5:+当地|-モータ / 6:-モータ|+級別,4-5-2,52510,,,,,,,https://boatrace.jp/owpc/pc/race/resultlist?hd=20260425&jcd=13,2026-04-25 16:16:31 JST,,,100,,,,3連単,2,,3.74,base素材○,base素材○ / 当地巧者 / 級別傾向強い / 1号艇有利,2026-04-25 03:59:01 JST,,0
2026-04-25,15:46,若松,2R,2,official_all,★★☆☆☆,5-6-2 / 5-2-6 / 5-6-3 / 5-2-3 / 5-3-6 / 5-3-2,6.51,AI★★★★★,5-6-4 / 5-6-2 / 5-6-3 / 5-6-1 / 5-4-6 / 5-4-2,base土台○ / 地力上位 / 当地巧者 / 級別傾向強い / 差しやや警戒,6.53,AI★★★★★,1-2-6 / 6-2-1 / 5-6-2 / 3-2-6 / 5-6-4 / 5-6-3,様子見,"公式低評価AI検証 / 朝:base土台○ / 地力上位 / 当地巧者 / 級別傾向強い / 差しやや警戒 / base土台をやや保持 / 直前:展示F:3注意 / 足:ST気配あり / 部品交換:5,6 / 足:6号艇足色良さげ / 整備:チルト:1:-0.5,2:-0.5,3:-0.5,4:0,5:0,6:-0.5 / 部品交換:5:ピストン,リング,ピストンリング,6:ピストン,リング,ピストンリング,シリンダ,ギヤケース,電気,電気一式,キャブ,キャブレタ,シャフト,クランク / 直前差小で朝寄り / 朝評価をやや優先 / 隊形:6一撃注意 / 1逃げ本線",2026-04-25 16:16:31 JST,"[""6.91"", ""6.87"", ""6.89"", ""6.86"", ""6.92"", ""6.88""]",1:5 / 2:2 / 3:4 / 4:1 / 5:6 / 6:3,晴,4.0,4.0,,,0.0,1:0.03 / 2:0.04 / 3:0.01 / 4:-0.04 / 5:-0.02 / 6:0.16,1:B1 / B1 / B1 / B1 / 2:A2 / B1 / B1 / B1 / 3:B1 / B1 / A2 / B1 / 4:B1 / B1 / A2 / B1 / 5:A1 / A2 / A1 / A2 / 6:B1 / B1 / B1 / B1,1:池田奈津 / 2:湯淺紀香 / 3:小野 桜 / 4:松瀬弘美 / 5:前田紗希 / 6:山下友貴,1:-勝率|+当地|-モータ|-ST / 2:-勝率|+当地|-モータ|-ST|+級別 / 3:-勝率|+当地|-モータ|-ST|-近況 / 4:-勝率|+当地|-モータ|-ST|-近況 / 5:+勝率|+当地|-モータ|+級別 / 6:-モータ,1:-勝率|+当地|-モータ|-ST / 2:-勝率|+当地|-モータ|-ST|+級別 / 3:-勝率|+当地|-モータ|-ST|-近況 / 4:-勝率|+当地|-モータ|-ST|-近況 / 5:+勝率|+当地|-モータ|+級別 / 6:-モータ,3-2-4,20390,,,,,,,https://boatrace.jp/owpc/pc/race/resultlist?hd=20260425&jcd=20,2026-04-25 16:16:31 JST,,,100,,,,3連単,4,,2.64,base素材○,base素材○ / 地力上位 / 当地巧者 / 級別傾向強い,2026-04-25 03:59:01 JST,,0
2026-04-25,15:48,蒲郡,2R,2,official_all,★★★★★,3-5-1 / 3-1-5 / 3-5-4 / 3-1-4 / 3-4-5 / 3-4-1,2.89,AI★★★★★,5-3-1 / 5-3-6 / 5-3-2 / 5-3-4 / 5-1-3 / 5-1-6,base保留 / 当地巧者 / 級別傾向強い,3.01,AI★★★★☆,1-3-2 / 3-1-2 / 1-3-4 / 4-1-3 / 5-1-3 / 5-3-1,買い,"朝:base保留 / 当地巧者 / 級別傾向強い / base保留で買い上げ慎重 / 直前:展示差ややあり / 展示タイム差を確認 / 気象安定 / 足:足差ややあり / 足:ST気配あり / 部品交換:5,6 / 足:1号艇足色良さげ / 整備:チルト:1:-0.5,2:-0.5,3:-0.5,4:0,5:-0.5,6:-0.5 / 部品交換:5:ピストン,リング,ピストンリング,6:ピストン,リング,ピストンリング,シリンダ,ギヤケース,電気,電気一式,キャブ,キャブレタ,シャフト,クランク / 直前差小で朝寄り / 朝評価をやや優先 / 隊形:1逃げ本線 / 3攻め注意(相手寄り) / 開催:2日目でやや本命寄り",2026-04-25 16:16:31 JST,"[""6.62"", ""6.62"", ""6.57"", ""6.63"", ""6.66"", ""6.70""]",1:2 / 2:2 / 3:1 / 4:4 / 5:5 / 6:6,晴,2.0,1.0,,,0.09,1:0.28 / 2:-0.10 / 3:0.21 / 4:-0.02 / 5:-0.11 / 6:-0.34,1:B1 / B1 / B1 / B1 / 2:B2 / B1 / B1 / B1 / 3:A1 / A2 / A2 / A2 / 4:B2 / B1 / B2 / B2 / 5:A2 / A2 / A2 / A2 / 6:B2 / B2 / B2,1:長尾萌加 / 2:眞崎武蔵 / 3:宮下元胤 / 4:宮崎心之 / 5:津久井拓 / 6:塚越陸斗,1:-勝率|+当地|-モータ|-ST / 2:-勝率|+当地|-モータ|-ST|-級別 / 3:-勝率|+当地|-モータ|-近況|+級別 / 4:-勝率|+当地|-モータ|-ST|-近況|-級別 / 5:+当地|-モータ|+級別 / 6:-モータ|-級別,1:-勝率|+当地|-モータ|-ST / 2:-勝率|+当地|-モータ|-ST|-級別 / 3:-勝率|+当地|-モータ|-近況|+級別 / 4:-勝率|+当地|-モータ|-ST|-近況|-級別 / 5:+当地|-モータ|+級別 / 6:-モータ|-級別,3-1-5,730,,,,,,,https://boatrace.jp/owpc/pc/race/resultlist?hd=20260425&jcd=07,2026-04-25 16:16:31 JST,,,100,,,,3連単,2,,1.23,base素材保留,base素材保留 / 当地巧者 / 級別傾向強い,2026-04-25 03:59:01 JST,,0
2026-04-25,15:51,福岡,8R,8,official_all,★★★★★,1-4-3 / 1-3-4 / 1-4-5 / 1-3-5 / 1-5-4 / 1-5-3,1.88,AI★★★★☆,4-1-5 / 4-1-6 / 4-1-3 / 4-1-2 / 4-5-1 / 4-5-6,base保留 / 当地巧者 / 級別傾向強い / 中枠攻め候補 / 差しやや警戒,2.03,AI★★★☆☆,1-2-6 / 6-2-1 / 2-6-1 / 4-1-6 / 3-2-6 / 1-6-2,様子見,"朝:base保留 / 当地巧者 / 級別傾向強い / 中枠攻め候補 / 差しやや警戒 / base保留で買い上げ慎重 / 直前:展示差あり / 展示タイム差を確認 / 進入:1-2-3-4-6-5 / 前づけで波乱含み / 気象安定 / 足:足差あり / 展示F:5注意 / 足:ST気配あり / 足:進入変化 / 部品交換:2,3,6 / 整備:チルト:1:0,2:-0.5,3:-0.5,4:-0.5,5:-0.5,6:-0.5 / 部品交換:2:ピストン,リング,ピストンリング,シリンダ,キャリア,キャリアボデー,ギヤケース,電気,電気一式,キャブ,キャブレタ,シャフト,クランク,3:ピストン,6:ピストン,リング,ピストンリング / 進入変化ありで直前重視 / 隊形:6一撃注意 / 1逃げ本線 / 進入:1-2-3-4-6-5 / 開催:2日目でやや本命寄り",2026-04-25 16:16:31 JST,"[""6.94"", ""6.82"", ""6.91"", ""6.94"", ""7.02"", ""6.87""]",1:4 / 2:1 / 3:3 / 4:4 / 5:6 / 6:2,晴,2.0,2.0,,,0.08,1:0.00 / 2:0.12 / 3:-0.04 / 4:0.02 / 5:-0.52 / 6:0.14,1:A2 / A2 / A2 / A1 / 2:B1 / B1 / B1 / B1 / 3:B1 / B1 / B1 / B1 / 4:A1 / A2 / B1 / B2 / 5:B1 / B1 / B1 / A2 / 6:B1 / B2 / B1 / B1,1:荒川健太 / 2:中野和裕 / 3:水口由紀 / 4:小池公生 / 5:吉田 光 / 6:高山敬悟,1:-勝率|+当地|-モータ|-ST|+級別 / 2:-勝率|+当地|-モータ|-ST / 3:-勝率|+当地|-モータ|-ST|-近況 / 4:-勝率|+当地|-モータ|-近況|+級別 / 5:+当地|-モータ / 6:-モータ|-級別,1:-勝率|+当地|-モータ|-ST|+級別 / 2:-勝率|+当地|-モータ|-ST / 3:-勝率|+当地|-モータ|-ST|-近況 / 4:-勝率|+当地|-モータ|-近況|+級別 / 5:+当地|-モータ / 6:-モータ|-級別,1-6-4,4030,,,,,,,https://boatrace.jp/owpc/pc/race/resultlist?hd=20260425&jcd=22,2026-04-25 16:16:31 JST,,,100,,,,3連単,2,,0.23,base素材危険,base素材危険 / 当地巧者 / 級別傾向強い / 中枠攻め候補,2026-04-25 03:59:01 JST,,0
2026-04-25,15:52,丸亀,2R,2,official_all,★★★★☆,3-5-2 / 3-2-5 / 3-5-6 / 3-2-6 / 3-6-5 / 3-6-2,5.78,AI★★★★★,5-3-6 / 5-3-4 / 5-3-2 / 5-3-1 / 5-6-3 / 5-6-4,base土台○ / 地力上位 / 当地巧者 / 級別傾向強い / 攻めやや注意,5.87,AI★★★★★,1-3-5 / 1-5-3 / 1-4-5 / 3-1-5 / 5-3-1 / 5-3-6,様子見,"朝:base土台○ / 地力上位 / 当地巧者 / 級別傾向強い / 攻めやや注意 / base土台をやや保持 / 直前:展示差ややあり / 展示タイム差を確認 / 展示F:3,4注意 / 足:ST気配あり / 部品交換:5,6 / 足:1号艇足色良さげ / 整備:チルト:1:-0.5,2:-0.5,3:-0.5,4:-0.5,5:-0.5,6:-0.5 / 部品交換:5:ピストン,リング,ピストンリング,6:ピストン,リング,ピストンリング,シリンダ,ギヤケース,電気,電気一式,キャブ,キャブレタ,シャフト,クランク / 直前差小で朝寄り / 朝評価をやや優先 / 隊形:1逃げ本線 / 開催:2日目でやや本命寄り",2026-04-25 16:16:31 JST,"[""6.71"", ""6.80"", ""6.74"", ""6.77"", ""6.71"", ""6.82""]",1:1 / 2:5 / 3:3 / 4:4 / 5:1 / 6:6,晴,4.0,4.0,,,0.0,1:0.31 / 2:-0.15 / 3:-0.02 / 4:-0.02 / 5:0.05 / 6:-0.26,1:B1 / B1 / B1 / B1 / 2:B1 / A2 / B1 / B1 / 3:A2 / A1 / A2 / A1 / 4:B1 / B1 / B1 / B2 / 5:A1 / A2 / A1 / A2 / 6:B1 / B2 / B1 / B1,1:長谷川親 / 2:深川和仁 / 3:濱野斗馬 / 4:大廣咲季 / 5:木谷賢太 / 6:中岡健人,1:-勝率|+当地|-モータ|-ST / 2:-勝率|+当地|-モータ|-ST / 3:-勝率|+当地|-モータ|-ST|-近況|+級別 / 4:-勝率|+当地|-モータ|-ST|-近況|-級別 / 5:+勝率|+当地|-モータ|+級別 / 6:-モータ|-級別,1:-勝率|+当地|-モータ|-ST / 2:-勝率|+当地|-モータ|-ST / 3:-勝率|+当地|-モータ|-ST|-近況|+級別 / 4:-勝率|+当地|-モータ|-ST|-近況|-級別 / 5:+勝率|+当地|-モータ|+級別 / 6:-モータ|-級別,5-2-6,13620,,,,,,,https://boatrace.jp/owpc/pc/race/resultlist?hd=20260425&jcd=15,2026-04-25 16:16:31 JST,,,100,,,,3連単,2,,3.31,base素材○,base素材○ / 地力上位 / 当地巧者 / 級別傾向強い,2026-04-25 03:59:01 JST,,0
2026-04-25,15:54,住之江,2R,2,official_all,★★★☆☆,4-2-1 / 4-1-2 / 4-2-5 / 4-1-5 / 4-5-2 / 4-5-1,1.31,AI★★★☆☆,4-5-3 / 4-5-2 / 4-5-1 / 4-5-6 / 4-3-5 / 4-3-2,base保留 / 当地巧者 / 級別傾向強い / 中枠攻め候補,1.43,AI★★☆☆☆,1-2-6 / 1-3-6 / 1-6-2 / 3-1-6 / 2-1-6 / 4-5-3,様子見,"公式低評価AI検証 / 朝:base保留 / 当地巧者 / 級別傾向強い / 中枠攻め候補 / base保留で買い上げ慎重 / 直前:展示差あり / 展示タイム差を確認 / 進入:1-2-3-5-4-6 / 前づけで波乱含み / 気象安定 / 風向西 / 足:足差ややあり / 展示F:3,4,6注意 / 足:進入変化 / 部品交換:5,6 / 整備:チルト:1:-0.5,2:-0.5,3:-0.5,4:-0.5,5:-0.5,6:-0.5 / 部品交換:5:ピストン,リング,ピストンリング,6:ピストン,リング,ピストンリング,シリンダ,ギヤケース,電気,電気一式,キャブ,キャブレタ,シャフト,クランク / 直前差小で朝寄り / 隊形:1逃げ本線 / 2差し注意 / 進入:1-2-3-5-4-6",2026-04-25 16:16:31 JST,"[""6.84"", ""6.87"", ""6.86"", ""6.92"", ""6.94"", ""6.78""]",1:2 / 2:4 / 3:3 / 4:5 / 5:6 / 6:1,晴,0.0,1.0,,西,0.1,1:0.23 / 2:-0.04 / 3:-0.07 / 4:-0.27 / 5:-0.27 / 6:0.07,1:B1 / A2 / B1 / B2 / 2:B1 / B1 / B1 / A2 / 3:B1 / B1 / B1 / B1 / 4:A2 / A2 / A2 / B1 / 5:B1 / A2 / A2 / B1 / 6:B2 / B2,1:小池礼乃 / 2:久永祥平 / 3:西村豪洋 / 4:西舘 健 / 5:松下直也 / 6:薗頭 心,1:-勝率|+当地|-モータ|-ST / 2:-勝率|+当地|-モータ|-ST / 3:-勝率|+当地|-モータ|-ST|-近況 / 4:-勝率|+当地|-モータ|-近況|+級別 / 5:+当地|-モータ|+級別 / 6:-モータ|-級別,1:-勝率|+当地|-モータ|-ST / 2:-勝率|+当地|-モータ|-ST / 3:-勝率|+当地|-モータ|-ST|-近況 / 4:-勝率|+当地|-モータ|-近況|+級別 / 5:+当地|-モータ|+級別 / 6:-モータ|-級別,2-6-1,31340,,,,,,,https://boatrace.jp/owpc/pc/race/resultlist?hd=20260425&jcd=12,2026-04-25 16:16:31 JST,,,100,,,,3連単,3,,-0.08,base素材危険,base素材危険 / 当地巧者 / 級別傾向強い / 中枠攻め候補,2026-04-25 03:59:01 JST,,0
2026-04-25,16:00,宮島,11R,11,official_all,★☆☆☆☆,1-2-5 / 1-5-2 / 1-2-3 / 1-5-3 / 1-3-2 / 1-3-5,6.27,AI★★★★★,6-4-3 / 6-4-5 / 6-4-2 / 6-4-1 / 6-3-4 / 6-3-5,base保留 / 地力上位 / 級別傾向強い / 差しやや警戒,6.31,AI★★★★★,1-2-3 / 3-2-1 / 1-3-2 / 2-1-3 / 6-3-5 / 6-4-3,買い,"公式低評価AI検証 / 朝:base保留 / 地力上位 / 級別傾向強い / 差しやや警戒 / base保留で買い上げ慎重 / 直前:進入:1-2-3-4-6-5 / 前づけで波乱含み / 足:進入変化 / 部品交換:5 / 6前づけ / 足:3号艇足色良さげ / 足:6前づけ注意 / 整備:チルト:1:-0.5,2:-0.5,3:-0.5,4:-0.5,5:0,6:-0.5 / 部品交換:5:リング / 進入変化ありで少し動かす / 隊形:3攻め注意 / 1逃げ本線 / 進入:1-2-3-4-6-5",2026-04-25 16:16:31 JST,"[""6.65"", ""6.67"", ""6.65"", ""6.71"", ""6.65"", ""6.75""]",1:1 / 2:4 / 3:1 / 4:5 / 5:1 / 6:6,晴,4.0,4.0,,,0.0,1:0.11 / 2:0.04 / 3:0.20 / 4:0.00 / 5:-0.06 / 6:-0.05,1:A1 / A1 / A1 / A1 / 2:A1 / A1 / A1 / A1 / 3:A1 / A1 / A1 / A1 / 4:A1 / A1 / A1 / A1 / 5:A1 / A2 / A1 / A1 / 6:A1 / A1 / A1 / A1,1:瓜生正義 / 2:原田幸哉 / 3:服部幸男 / 4:田中信一 / 5:益田啓司 / 6:赤岩善生,1:+別格|-勝率|+当地|-モータ|+級別 / 2:-勝率|+当地|-モータ|+級別 / 3:-勝率|+当地|-モータ|-近況|+級別 / 4:+勝率|+当地|-モータ|-近況|+級別 / 5:+勝率|+当地|-モータ|+級別 / 6:+勝率|-モータ|+級別,1:+別格|-勝率|+当地|-モータ|+級別 / 2:-勝率|+当地|-モータ|+級別 / 3:-勝率|+当地|-モータ|-近況|+級別 / 4:+勝率|+当地|-モータ|-近況|+級別 / 5:+勝率|+当地|-モータ|+級別 / 6:+勝率|-モータ|+級別,1-5-2,3410,,,,,,,https://boatrace.jp/owpc/pc/race/resultlist?hd=20260425&jcd=17,2026-04-25 16:16:31 JST,,,100,,,,3連単,5,,7.69,base素材○,base素材○ / 地力上位 / 級別傾向強い,2026-04-25 03:59:01 JST,,0
2026-04-25,16:00,常滑,12R,12,official_all,★★★☆☆,3-1-6 / 3-6-1 / 3-1-2 / 3-6-2 / 3-2-1 / 3-2-6,4.82,AI★★★★★,6-3-1 / 6-3-4 / 6-3-5 / 6-3-2 / 6-1-3 / 6-1-4,base保留 / 地力上位 / 級別傾向強い,5.04,AI★★★★★,1-6-3 / 6-3-1 / 3-6-1 / 4-6-3 / 2-6-3 / 6-3-4,様子見,"公式低評価AI検証 / 朝:base保留 / 地力上位 / 級別傾向強い / base保留で買い上げ慎重 / 直前:展示差ややあり / 展示タイム差を確認 / 進入:1-3-6-2-4-5 / 前づけで波乱含み / 気象安定 / 展示F:3,4注意 / 足:ST気配あり / 足:進入変化 / 部品交換:2 / 整備:チルト:1:0,2:0,3:-0.5,4:0,5:0,6:-0.5 / 部品交換:2:ギヤ / 進入変化ありで直前重視 / 隊形:6一撃注意 / 3攻め注意 / 進入:1-3-6-2-4-5 / 開催:2日目でやや本命寄り",2026-04-25 16:16:31 JST,"[""6.69"", ""6.77"", ""6.69"", ""6.66"", ""6.73"", ""6.71""]",1:2 / 2:6 / 3:2 / 4:1 / 5:5 / 6:4,晴,2.0,1.0,,,0.09,1:-0.04 / 2:-0.18 / 3:0.10 / 4:-0.01 / 5:-0.15 / 6:0.22,1:A1 / A1 / A1 / A1 / 2:B1 / A2 / B1 / A2 / 3:A1 / A1 / A1 / A1 / 4:A2 / A2 / B1 / A2 / 5:B1 / B1 / B1 / B1 / 6:A1 / A2 / A1 / A1,1:上田龍星 / 2:牧原 崇 / 3:上條暢嵩 / 4:原 豊土 / 5:土屋太朗 / 6:野中一平,1:-勝率|+当地|-モータ|+級別 / 2:-勝率|+当地|-モータ|-ST / 3:-勝率|+当地|-モータ|-近況|+級別 / 4:-勝率|+当地|-モータ|-近況|+級別 / 5:+当地|-モータ / 6:+勝率|-モータ|+級別,1:-勝率|+当地|-モータ|+級別 / 2:-勝率|+当地|-モータ|-ST / 3:-勝率|+当地|-モータ|-近況|+級別 / 4:-勝率|+当地|-モータ|-近況|+級別 / 5:+当地|-モータ / 6:+勝率|-モータ|+級別,3-1-6,1240,,,,,,,https://boatrace.jp/owpc/pc/race/resultlist?hd=20260425&jcd=08,2026-04-25 16:16:31 JST,,,100,,,,3連単,2,,5.77,base素材○,base素材○ / 地力上位 / 級別傾向強い,2026-04-25 03:59:01 JST,,0
2026-04-25,16:03,平和島,11R,11,official_all,★★★★★,1-6-3 / 1-3-6 / 1-6-4 / 1-3-4 / 1-4-6 / 1-4-3,8.25,AI★★★★★,6-1-4 / 6-1-5 / 6-1-3 / 6-1-2 / 6-4-1 / 6-4-5,base保留 / 地力上位 / 級別傾向強い / 攻めやや注意,8.36,AI★★★★★,1-2-3 / 2-1-3 / 1-2-6 / 3-2-1 / 6-1-2 / 6-1-4,買い,"朝:base保留 / 地力上位 / 級別傾向強い / 攻めやや注意 / base保留で買い上げ慎重 / 直前:展示差あり / 展示タイム差を確認 / 気象安定 / 足:足差あり / 展示F:5注意 / 部品交換:2,3,6 / 足:3号艇足色良さげ / 整備:チルト:1:-0.5,2:-0.5,3:-0.5,4:0,5:-0.5,6:0.5 / 部品交換:2:ピストン,3:ピストン,リング,ピストンリング,6:ピストン,リング,ピストンリング,シリンダ,電気,電気一式,キャブ,キャブレタ / 直前差小で朝寄り / 朝評価をやや優先 / 隊形:1逃げ本線 / 2差し注意 / 開催:2日目でやや本命寄り",2026-04-25 16:16:31 JST,"[""6.68"", ""6.73"", ""6.86"", ""6.89"", ""6.91"", ""6.83""]",1:1 / 2:2 / 3:4 / 4:5 / 5:6 / 6:3,晴,1.0,3.0,,,0.05,1:0.41 / 2:0.08 / 3:-0.08 / 4:-0.21 / 5:-0.43 / 6:-0.23,1:A1 / A1 / A1 / A1 / 2:B1 / B1 / B1 / B2 / 3:B1 / B1 / B1 / B1 / 4:A2 / B1 / B1 / B1 / 5:B1 / B1 / B1 / B1 / 6:A1 / A1 / A1 / A1,1:山崎 郡 / 2:鈴木唯央 / 3:雑賀勇貴 / 4:古賀智之 / 5:冨田秀幸 / 6:市橋卓士,1:-勝率|+当地|-モータ|+級別 / 2:-勝率|+当地|-モータ|-ST|-級別 / 3:-勝率|+当地|-モータ|-ST|-近況 / 4:-勝率|+当地|-モータ|-近況|+級別 / 5:+当地|-モータ / 6:+勝率|-モータ|+級別,1:-勝率|+当地|-モータ|+級別 / 2:-勝率|+当地|-モータ|-ST|-級別 / 3:-勝率|+当地|-モータ|-ST|-近況 / 4:-勝率|+当地|-モータ|-近況|+級別 / 5:+当地|-モータ / 6:+勝率|-モータ|+級別,1-3-2,990,,,,,,,https://boatrace.jp/owpc/pc/race/resultlist?hd=20260425&jcd=04,2026-04-25 16:16:31 JST,,,100,,,,3連単,2,,6.38,base素材○,base素材○ / 地力上位 / 級別傾向強い,2026-04-25 03:59:01 JST,,0
2026-04-25,16:05,浜名湖,10R,10,official_all,★☆☆☆☆,5-1-2 / 5-2-1 / 5-1-3 / 5-2-3 / 5-3-1 / 5-3-2,3.7,AI★★★★★,5-6-1 / 5-6-4 / 5-6-3 / 5-6-2 / 5-1-6 / 5-1-4,base保留 / 当地巧者 / 級別傾向強い / 差しやや警戒,3.8,AI★★★★☆,1-3-5 / 5-6-3 / 3-1-5 / 2-1-3 / 1-3-6 / 5-6-1,買い,"公式低評価AI検証 / 朝:base保留 / 当地巧者 / 級別傾向強い / 差しやや警戒 / base保留で買い上げ慎重 / 直前:展示差ややあり / 展示タイム差を確認 / 気象安定 / 風向東 / 足:足差ややあり / 展示F:6注意 / 足:ST気配あり / 部品交換:4,6 / 足:5号艇足色良さげ / 整備:チルト:1:-0.5,2:0,3:-0.5,4:-0.5,5:0,6:0 / 部品交換:4:ピストン,リング,ピストンリング,シリンダ,キャリア,キャリアボデー,ギヤケース,電気,電気一式,キャブ,キャブレタ,シャフト,クランク,プロペラ,ペラ,6:ピストン,リング,ピストンリング,シリンダ,電気,電気一式,キャブ,キャブレタ / 直前差小で朝寄り / 朝評価をやや優先 / 隊形:1逃げ本線 / 5一撃注意 / 開催:2日目でやや本命寄り",2026-04-25 16:16:31 JST,"[""6.62"", ""6.64"", ""6.60"", ""6.72"", ""6.68"", ""6.62""]",1:2 / 2:4 / 3:1 / 4:6 / 5:5 / 6:2,晴,4.0,2.0,,東,0.04,1:0.12 / 2:-0.11 / 3:0.18 / 4:-0.28 / 5:0.07 / 6:-0.02,1:A2 / A2 / A2 / A2 / 2:B1 / B1 / B1 / B1 / 3:B1 / B1 / B1 / B1 / 4:B1 / B1 / B2 / B1 / 5:A2 / A2 / A1 / A2 / 6:A2 / B1 / B1 / B1,1:吉島祥之 / 2:山本浩輔 / 3:間野兼礼 / 4:石川哲秀 / 5:柳内敬太 / 6:栗原直也,1:-勝率|+当地|-モータ|-ST|+級別 / 2:-勝率|+当地|-モータ|-ST / 3:-勝率|+当地|-モータ|-ST|-近況 / 4:-勝率|+当地|-モータ|-ST|-近況|-級別 / 5:+当地|-モータ|+級別 / 6:-モータ|+級別,1:-勝率|+当地|-モータ|-ST|+級別 / 2:-勝率|+当地|-モータ|-ST / 3:-勝率|+当地|-モータ|-ST|-近況 / 4:-勝率|+当地|-モータ|-ST|-近況|-級別 / 5:+当地|-モータ|+級別 / 6:-モータ|+級別,5-1-2,4640,,,,,,,https://boatrace.jp/owpc/pc/race/resultlist?hd=20260425&jcd=06,2026-04-25 16:16:31 JST,,,100,,,,3連単,2,,1.71,base素材保留,base素材保留 / 当地巧者 / 級別傾向強い,2026-04-25 03:59:01 JST,,0
2026-04-25,16:08,桐生,3R,3,official_all,★★★★★,5-2-1 / 5-1-2 / 5-2-4 / 5-1-4 / 5-4-2 / 5-4-1,10.64,AI★★★★★,5-4-3 / 5-4-6 / 5-4-2 / 5-4-1 / 5-3-4 / 5-3-6,base土台○ / 地力上位 / 当地巧者 / 級別傾向強い / インやや強め,10.71,AI★★★★★,1-3-6 / 4-3-6 / 2-3-6 / 3-4-6 / 5-4-6 / 5-4-3,様子見,"朝:base土台○ / 地力上位 / 当地巧者 / 級別傾向強い / インやや強め / base土台をやや保持 / 直前:展示差あり / 展示タイム差を確認 / 風向東 / 足:足差あり / 展示F:3注意 / 足:ST気配あり / 部品交換:5,6 / 足:2号艇足色良さげ / 整備:チルト:1:-0.5,2:-0.5,3:-0.5,4:-0.5,5:0,6:-0.5 / 部品交換:5:ピストン,リング,ピストンリング,6:ピストン,リング,ピストンリング,シリンダ,ギヤケース,電気,電気一式,キャブ,キャブレタ,シャフト,クランク / 直前差中で少し動かす / 朝評価をやや優先 / 隊形:4攻め注意 / 2差し注意 / 開催:2日目でやや本命寄り",2026-04-25 16:16:31 JST,"[""6.78"", ""6.81"", ""6.69"", ""6.67"", ""6.89"", ""6.71""]",1:4 / 2:5 / 3:2 / 4:1 / 5:6 / 6:3,晴,4.0,3.0,,東,0.0,1:-0.05 / 2:0.01 / 3:0.11 / 4:0.13 / 5:-0.42 / 6:0.01,1:B1 / B1 / B1 / B1 / 2:B1 / B1 / B1 / B1 / 3:B1 / B1 / B1 / B1 / 4:B1 / B1 / B1 / B1 / 5:A1 / A1 / A1 / A1 / 6:B1 / B2 / B2 / B2,1:小森信雄 / 2:梶山涼斗 / 3:上村慎太 / 4:福島陽子 / 5:畑田汰一 / 6:高木茉白,1:-勝率|+当地|-モータ|-ST / 2:-勝率|+当地|-モータ|-ST / 3:-勝率|+当地|-モータ|-ST|-近況 / 4:-勝率|+当地|-モータ|-ST|-近況 / 5:+勝率|+当地|-モータ|+級別 / 6:-モータ|-級別,1:-勝率|+当地|-モータ|-ST / 2:-勝率|+当地|-モータ|-ST / 3:-勝率|+当地|-モータ|-ST|-近況 / 4:-勝率|+当地|-モータ|-ST|-近況 / 5:+勝率|+当地|-モータ|+級別 / 6:-モータ|-級別,5-2-1,2280,,,,,,,https://boatrace.jp/owpc/pc/race/resultlist?hd=20260425&jcd=01,2026-04-25 16:16:31 JST,,,100,,,,3連単,2,,3.83,base素材○,base素材○ / 地力上位 / 当地巧者 / 級別傾向強い,2026-04-25 03:59:01 JST,,0
2026-04-25,16:10,児島,11R,11,official_all,★★★★☆,1-5-6 / 1-6-5 / 1-5-2 / 1-6-2 / 1-2-5 / 1-2-6,6.16,AI★★★★★,5-6-1 / 5-6-4 / 5-6-3 / 5-6-2 / 5-1-6 / 5-1-4,base土台○ / 地力上位 / 当地巧者 / 級別傾向強い / インやや強め,6.28,AI★★★★★,1-2-5 / 1-5-2 / 1-4-5 / 2-1-5 / 5-1-4 / 5-6-1,買い,"朝:base土台○ / 地力上位 / 当地巧者 / 級別傾向強い / インやや強め / base土台をやや保持 / 直前:展示差あり / 展示タイム差を確認 / 足:足差あり / 足:ST気配あり / 部品交換:5,6 / 足:1号艇足色良さげ / 整備:チルト:1:0,2:-0.5,3:-0.5,4:-0.5,5:-0.5,6:-0.5 / 部品交換:5:ピストン,リング,ピストンリング,6:ピストン,リング,ピストンリング,シリンダ,ギヤケース,電気,電気一式,キャブ,キャブレタ,シャフト,クランク / 直前差中で少し動かす / 隊形:1逃げ本線 / 2差し注意",2026-04-25 16:16:31 JST,"[""6.68"", ""6.81"", ""6.89"", ""6.87"", ""6.76"", ""6.86""]",1:1 / 2:3 / 3:6 / 4:5 / 5:2 / 6:4,晴,3.0,3.0,,,0.0,1:0.51 / 2:-0.08 / 3:-0.36 / 4:-0.20 / 5:-0.00 / 6:-0.32,1:A2 / A1 / A1 / A2 / 2:B2 / B1 / B1 / B1 / 3:B1 / B1 / B1 / B1 / 4:B1 / B1 / B1 / B1 / 5:A1 / A1 / A2 / A1 / 6:A2 / A2 / A2 / B1,1:河野 大 / 2:藤井公人 / 3:神田達也 / 4:松尾基成 / 5:秦 英悟 / 6:金田智博,1:-勝率|+当地|-モータ|-ST|+級別 / 2:-勝率|+当地|-モータ|-ST|-級別 / 3:-勝率|+当地|-モータ|-ST|-近況 / 4:-勝率|+当地|-モータ|-ST|-近況 / 5:+勝率|+当地|-モータ|+級別 / 6:-モータ|+級別,1:-勝率|+当地|-モータ|-ST|+級別 / 2:-勝率|+当地|-モータ|-ST|-級別 / 3:-勝率|+当地|-モータ|-ST|-近況 / 4:-勝率|+当地|-モータ|-ST|-近況 / 5:+勝率|+当地|-モータ|+級別 / 6:-モータ|+級別,1-3-5,840,,,,,,,https://boatrace.jp/owpc/pc/race/resultlist?hd=20260425&jcd=16,2026-04-25 16:35:31 JST,,,100,,,,3連単,3,,4.09,base素材○,base素材○ / 地力上位 / 当地巧者 / 級別傾向強い,2026-04-25 03:59:01 JST,,0
2026-04-25,16:12,若松,3R,3,official_all,★★★★★,2-4-5 / 2-5-4 / 2-4-3 / 2-5-3 / 2-3-4 / 2-3-5,5.22,AI★★★★★,2-4-5 / 2-4-3 / 2-4-6 / 2-4-1 / 2-5-4 / 2-5-3,base土台◎ / 当地巧者 / 級別傾向強い / 差しやや警戒,5.24,AI★★★★★,1-2-5 / 5-2-1 / 1-5-2 / 2-4-5 / 2-4-1 / 2-5-4,買い,"朝:base土台◎ / 当地巧者 / 級別傾向強い / 差しやや警戒 / base土台を強めに保持 / 直前:展示F:3,6注意 / 部品交換:5,6 / 足:5号艇足色良さげ / 整備:チルト:1:-0.5,2:-0.5,3:-0.5,4:-0.5,5:-0.5,6:-0.5 / 部品交換:5:ピストン,リング,ピストンリング,6:ピストン,リング,ピストンリング,シリンダ,ギヤケース,電気,電気一式,キャブ,キャブレタ,シャフト,クランク / 直前差小で朝寄り / 朝評価をやや優先 / 隊形:1逃げ本線 / 5一撃注意",2026-04-25 16:16:31 JST,"[""6.86"", ""6.90"", ""6.95"", ""6.89"", ""6.88"", ""6.90""]",1:1 / 2:4 / 3:6 / 4:3 / 5:2 / 6:4,晴,4.0,4.0,,,0.0,1:0.16 / 2:0.01 / 3:-0.16 / 4:-0.02 / 5:0.13 / 6:-0.03,1:B1 / B2 / B1 / B1 / 2:A1 / A1 / A1 / A1 / 3:A2 / B1 / A2 / A2 / 4:A1 / A2 / B1 / A2 / 5:B1 / A2 / A1 / A2 / 6:B1 / B2 / B2 / B2,1:渡邉真奈 / 2:平山智加 / 3:落合直子 / 4:米丸乃絵 / 5:中谷朋子 / 6:岩崎麗子,1:-勝率|+当地|-モータ|-ST|-級別 / 2:-勝率|+当地|-モータ|+級別 / 3:-勝率|+当地|-モータ|-ST|-近況|+級別 / 4:-勝率|+当地|-モータ|-近況|+級別 / 5:+当地|-モータ|+級別 / 6:-モータ|-級別,1:-勝率|+当地|-モータ|-ST|-級別 / 2:-勝率|+当地|-モータ|+級別 / 3:-勝率|+当地|-モータ|-ST|-近況|+級別 / 4:-勝率|+当地|-モータ|-近況|+級別 / 5:+当地|-モータ|+級別 / 6:-モータ|-級別,2-5-6,55400,,,,,,,https://boatrace.jp/owpc/pc/race/resultlist?hd=20260425&jcd=20,2026-04-25 16:35:31 JST,,,100,,,,3連単,4,,4.0,base素材○,base素材○ / 当地巧者 / 級別傾向強い,2026-04-25 03:59:01 JST,,0
2026-04-25,16:15,津,12R,12,official_all,★★★★☆,1-3-4 / 1-4-3 / 1-3-2 / 1-4-2 / 1-2-3 / 1-2-4,5.05,AI★★★★★,3-1-5 / 3-1-6 / 3-1-4 / 3-1-2 / 3-5-1 / 3-5-6,base土台◎ / 当地巧者 / 級別傾向強い / 中枠攻め候補 / インやや強め,5.12,AI★★★★★,1-4-2 / 4-1-2 / 1-4-6 / 3-1-4 / 3-1-6 / 3-1-5,様子見,"朝:base土台◎ / 当地巧者 / 級別傾向強い / 中枠攻め候補 / インやや強め / base土台を強めに保持 / 直前:気象安定 / 展示F:5注意 / 足:ST気配あり / 部品交換:4,6 / 足:4号艇足色良さげ / 整備:チルト:1:-0.5,2:0,3:0,4:-0.5,5:0,6:-0.5 / 部品交換:4:ピストン,リング,ピストンリング,6:ピストン,リング,ピストンリング,シリンダ,電気,電気一式,キャブ,キャブレタ / 直前差小で朝寄り / 朝評価をやや優先 / 隊形:1逃げ本線 / 4攻め注意 / 開催:2日目でやや本命寄り",2026-04-25 16:16:31 JST,"[""6.85"", ""6.93"", ""6.93"", ""6.94"", ""6.92"", ""6.90""]",1:1 / 2:4 / 3:4 / 4:6 / 5:3 / 6:2,晴,4.0,2.0,,,0.04,1:0.30 / 2:-0.05 / 3:-0.16 / 4:0.02 / 5:-0.10 / 6:-0.03,1:A1 / A1 / A1 / A1 / 2:A2 / B1 / A2 / B1 / 3:A1 / A1 / A1 / A1 / 4:B1 / B1 / A2 / B1 / 5:A2 / A1 / A1 / A1 / 6:A2 / B1 / B1 / B1,1:吉田裕平 / 2:塚越海斗 / 3:岡村慶太 / 4:堤 昇 / 5:石塚久也 / 6:上原健次,1:-勝率|+当地|-モータ|+級別 / 2:-勝率|+当地|-モータ|-ST|+級別 / 3:-勝率|+当地|-モータ|-近況|+級別 / 4:-勝率|+当地|-モータ|-ST|-近況 / 5:+当地|-モータ|+級別 / 6:-モータ|+級別,1:-勝率|+当地|-モータ|+級別 / 2:-勝率|+当地|-モータ|-ST|+級別 / 3:-勝率|+当地|-モータ|-近況|+級別 / 4:-勝率|+当地|-モータ|-ST|-近況 / 5:+当地|-モータ|+級別 / 6:-モータ|+級別,1-5-3,1700,,,,,,,https://boatrace.jp/owpc/pc/race/resultlist?hd=20260425&jcd=09,2026-04-25 16:35:31 JST,,,100,,,,3連単,2,,5.39,base素材○,base素材○ / 当地巧者 / 級別傾向強い / 中枠攻め候補,2026-04-25 03:59:01 JST,,0
2026-04-25,16:16,蒲郡,3R,3,official_all,★★★★★,2-3-5 / 2-5-3 / 2-3-1 / 2-5-1 / 2-1-3 / 2-1-5,5.97,AI★★★★★,2-6-5 / 2-6-3 / 2-6-1 / 2-6-4 / 2-5-6 / 2-5-3,base土台◎ / 当地巧者 / 級別傾向強い / インやや強め,6.07,AI★★★★★,1-3-2 / 2-6-1 / 2-6-5 / 3-1-2 / 4-3-1 / 2-6-3,買い強め,"朝:base土台◎ / 当地巧者 / 級別傾向強い / インやや強め / base土台を強めに保持 / 直前:展示差あり / 展示タイム差を確認 / 進入:2-1-3-4-5-6 / 1がイン外し / 気象安定 / 足:足差あり / 展示F:1,2,4,5,6注意 / 足:進入変化 / 部品交換:6 / 整備:チルト:1:-0.5,2:-0.5,3:-0.5,4:-0.5,5:-0.5,6:0 / 部品交換:6:リング / 進入変化ありで少し動かす / 隊形:2前づけ注意 / 1逃げ本線 / 進入:2-1-3-4-5-6 / 開催:2日目でやや本命寄り",2026-04-25 16:16:31 JST,"[""6.54"", ""6.76"", ""6.67"", ""6.70"", ""6.65"", ""6.68""]",1:1 / 2:6 / 3:3 / 4:5 / 5:2 / 6:4,晴,2.0,1.0,,,0.09,1:0.16 / 2:-0.15 / 3:-0.11 / 4:-0.20 / 5:-0.13 / 6:-0.21,1:B1 / A2 / B1 / B1 / 2:A1 / A1 / A1 / A1 / 3:A2 / B1 / A2 / A2 / 4:B2 / B2 / B2 / B2 / 5:B1 / B1 / B1 / A2 / 6:B1 / A2 / B1 / B1,1:上野俊樹 / 2:秋元 哲 / 3:高橋英之 / 4:根岸真優 / 5:大谷直弘 / 6:齊藤 優,1:-勝率|+当地|-モータ|-ST / 2:-勝率|+当地|-モータ|+級別 / 3:-勝率|+当地|-モータ|-ST|-近況|+級別 / 4:-勝率|+当地|-モータ|-ST|-近況|-級別 / 5:+当地|-モータ / 6:-モータ,1:-勝率|+当地|-モータ|-ST / 2:-勝率|+当地|-モータ|+級別 / 3:-勝率|+当地|-モータ|-ST|-近況|+級別 / 4:-勝率|+当地|-モータ|-ST|-近況|-級別 / 5:+当地|-モータ / 6:-モータ,1-2-5,1060,,,,,,,https://boatrace.jp/owpc/pc/race/resultlist?hd=20260425&jcd=07,2026-04-25 16:35:31 JST,,,100,,,,3連単,2,,3.04,base素材○,base素材○ / 当地巧者 / 級別傾向強い,2026-04-25 03:59:01 JST,,0
2026-04-25,16:19,住之江,3R,3,official_all,★★★☆☆,2-5-1 / 2-1-5 / 2-5-6 / 2-1-6 / 2-6-5 / 2-6-1,2.44,AI★★★★☆,5-2-6 / 5-2-1 / 5-2-3 / 5-2-4 / 5-6-2 / 5-6-1,base保留 / 当地巧者 / 級別傾向強い / 攻めやや注意,2.5,AI★★★☆☆,1-2-3 / 2-1-3 / 1-2-4 / 5-2-3 / 5-2-1 / 5-2-6,買い,"公式低評価AI検証 / 朝:base保留 / 当地巧者 / 級別傾向強い / 攻めやや注意 / base保留で買い上げ慎重 / 直前:気象安定 / 風向西 / 展示F:6注意 / 部品交換:5,6 / 足:2号艇足色良さげ / 整備:チルト:1:0,2:-0.5,3:-0.5,4:-0.5,5:-0.5,6:-0.5 / 部品交換:5:ピストン,リング,ピストンリング,6:ピストン,リング,ピストンリング,シリンダ,ギヤケース,電気,電気一式,キャブ,キャブレタ,シャフト,クランク / 直前差小で朝寄り / 朝評価をやや優先 / 隊形:1逃げ本線 / 2差し注意",2026-04-25 16:16:31 JST,"[""6.89"", ""6.87"", ""6.89"", ""6.88"", ""6.90"", ""6.88""]",1:4 / 2:1 / 3:4 / 4:2 / 5:6 / 6:2,晴,1.0,1.0,,西,0.1,1:0.12 / 2:0.21 / 3:0.03 / 4:0.00 / 5:-0.10 / 6:-0.04,1:B1 / A2 / A2 / A2 / 2:A2 / A2 / A2 / A2 / 3:B1 / B1 / B2 / B2 / 4:B2 / B2 / B2 / B2 / 5:A2 / B1 / A2 / A2 / 6:B1 / B1 / B2 / B2,1:立間充宏 / 2:小坂宗司 / 3:横田海人 / 4:出口舞有 / 5:三好勇人 / 6:西岡蒼志,1:-勝率|+当地|-モータ|-ST|+級別 / 2:-勝率|+当地|-モータ|-ST|+級別 / 3:-勝率|+当地|-モータ|-ST|-近況|-級別 / 4:-勝率|+当地|-モータ|-ST|-近況|-級別 / 5:+当地|-モータ|+級別 / 6:-モータ|-級別,1:-勝率|+当地|-モータ|-ST|+級別 / 2:-勝率|+当地|-モータ|-ST|+級別 / 3:-勝率|+当地|-モータ|-ST|-近況|-級別 / 4:-勝率|+当地|-モータ|-ST|-近況|-級別 / 5:+当地|-モータ|+級別 / 6:-モータ|-級別,5-6-2,12570,,,,,,,https://boatrace.jp/owpc/pc/race/resultlist?hd=20260425&jcd=12,2026-04-25 16:35:31 JST,,,100,,,,3連単,3,,0.31,base素材危険,base素材危険 / 当地巧者 / 級別傾向強い,2026-04-25 03:59:01 JST,,0
2026-04-25,16:21,福岡,9R,9,official_all,★★★★☆,4-6-1 / 4-1-6 / 4-6-2 / 4-1-2 / 4-2-6 / 4-2-1,3.05,AI★★★★★,6-4-5 / 6-4-1 / 6-4-3 / 6-4-2 / 6-5-4 / 6-5-1,base保留 / 選手力上位 / 級別傾向強い / 差しやや警戒,3.11,AI★★★★☆,1-2-6 / 2-1-6 / 1-2-3 / 6-4-2 / 6-4-1 / 6-4-5,様子見,"朝:base保留 / 選手力上位 / 級別傾向強い / 差しやや警戒 / base保留で買い上げ慎重 / 直前:展示差ややあり / 展示タイム差を確認 / 展示F:3,4,6注意 / 足:ST気配あり / 部品交換:3,4,5,6 / 足:2号艇足色良さげ / 整備:チルト:1:0,2:0,3:0,4:-0.5,5:-0.5,6:-0.5 / 部品交換:3:ピストン,4:ピストン,リング,ピストンリング,5:ピストン,リング,ピストンリング,シリンダ,キャリア,キャリアボデー,ギヤケース,電気,電気一式,キャブ,キャブレタ,シャフト,クランク,6:ピストン,リング,ピストンリング,シリンダ,電気,電気一式,キャブ,キャブレタ / 直前差小で朝寄り / 朝評価をやや優先 / 隊形:1逃げ本線 / 2差し注意 / 開催:2日目でやや本命寄り",2026-04-25 16:16:31 JST,"[""6.84"", ""6.86"", ""6.88"", ""6.94"", ""6.90"", ""6.88""]",1:1 / 2:2 / 3:3 / 4:6 / 5:5 / 6:3,晴,3.0,3.0,,,0.0,1:0.18 / 2:0.18 / 3:-0.03 / 4:-0.24 / 5:-0.19 / 6:-0.03,1:A2 / B1 / A2 / B1 / 2:B1 / B1 / B1 / B1 / 3:B1 / B1 / B1 / B1 / 4:A2 / A2 / A2 / A2 / 5:B1 / B1 / B1 / B1 / 6:A2 / A2 / A2 / A2,1:藤本佳史 / 2:阪本勇介 / 3:松下誉士 / 4:大場 敏 / 5:占部一真 / 6:藤堂里香,1:-勝率|+当地|-モータ|-ST|+級別 / 2:-勝率|+当地|-モータ|-ST / 3:-勝率|+当地|-モータ|-ST|-近況 / 4:-勝率|+当地|-モータ|-近況|+級別 / 5:+当地|-モータ / 6:-モータ|+級別,1:-勝率|+当地|-モータ|-ST|+級別 / 2:-勝率|+当地|-モータ|-ST / 3:-勝率|+当地|-モータ|-ST|-近況 / 4:-勝率|+当地|-モータ|-近況|+級別 / 5:+当地|-モータ / 6:-モータ|+級別,1-5-4,6370,,,,,,,https://boatrace.jp/owpc/pc/race/resultlist?hd=20260425&jcd=22,2026-04-25 16:35:31 JST,,,100,,,,3連単,2,,1.65,base素材保留,base素材保留 / 選手力上位 / 級別傾向強い,2026-04-25 03:59:01 JST,,0
2026-04-25,16:23,丸亀,3R,3,official_all,★★★★★,4-6-2 / 4-2-6 / 4-6-3 / 4-2-3 / 4-3-6 / 4-3-2,8.21,AI★★★★★,4-6-2 / 4-6-5 / 4-6-1 / 4-6-3 / 4-2-6 / 4-2-5,base土台○ / 地力上位 / 当地巧者 / 級別傾向強い / 中枠攻め候補 / 攻めやや注意,8.25,AI★★★★★,1-3-4 / 3-4-2 / 4-6-2 / 2-3-4 / 4-6-3 / 4-6-1,買い,"朝:base土台○ / 地力上位 / 当地巧者 / 級別傾向強い / 中枠攻め候補 / 攻めやや注意 / base土台をやや保持 / 直前:展示差ややあり / 展示タイム差を確認 / 風向西 / 足:足差ややあり / 展示F:1,2,3注意 / 部品交換:5,6 / 足:6号艇足色良さげ / 整備:チルト:1:-0.5,2:-0.5,3:-0.5,4:-0.5,5:-0.5,6:0 / 部品交換:5:ピストン,リング,ピストンリング,6:ピストン,リング,ピストンリング,シリンダ,ギヤケース,電気,電気一式,キャブ,キャブレタ,シャフト,クランク / 直前差小で朝寄り / 朝評価をやや優先 / 隊形:3攻め注意 / 1逃げ本線 / 開催:2日目でやや本命寄り",2026-04-25 16:16:31 JST,"[""6.77"", ""6.75"", ""6.71"", ""6.74"", ""6.80"", ""6.83""]",1:4 / 2:3 / 3:1 / 4:2 / 5:5 / 6:6,晴,3.0,3.0,,西,0.0,1:-0.03 / 2:-0.01 / 3:0.17 / 4:0.05 / 5:-0.14 / 6:-0.18,1:B1 / B1 / B2 / B2 / 2:B1 / B1 / B1 / B1 / 3:B2 / B2 / B2 / A2 / 4:A1 / A1 / A1 / A1 / 5:B2 / B2 / B2 / 6:A2 / A2 / A2 / A1,1:三嶌さら / 2:谷口知優 / 3:西村美智 / 4:竹田和哉 / 5:中岡 駿 / 6:松尾 祭,1:-勝率|+当地|-モータ|-ST|-級別 / 2:-勝率|+当地|-モータ|-ST / 3:-勝率|+当地|-モータ|-ST|-近況|-級別 / 4:+勝率|+当地|-モータ|-近況|+級別 / 5:+当地|-モータ|-級別 / 6:-モータ|+級別,1:-勝率|+当地|-モータ|-ST|-級別 / 2:-勝率|+当地|-モータ|-ST / 3:-勝率|+当地|-モータ|-ST|-近況|-級別 / 4:+勝率|+当地|-モータ|-近況|+級別 / 5:+当地|-モータ|-級別 / 6:-モータ|+級別,1-4-2,2060,,,,,,,https://boatrace.jp/owpc/pc/race/resultlist?hd=20260425&jcd=15,2026-04-25 16:35:31 JST,,,100,,,,3連単,2,,4.65,base素材○,base素材○ / 地力上位 / 当地巧者 / 級別傾向強い / 中枠攻め候補,2026-04-25 03:59:01 JST,,0
2026-04-25,16:27,尼崎,12R,12,official_all,★☆☆☆☆,2-1-4 / 2-4-1 / 2-1-5 / 2-4-5 / 2-5-1 / 2-5-4,5.72,AI★★★★★,5-6-3 / 5-6-2 / 5-6-1 / 5-6-4 / 5-3-6 / 5-3-2,base土台○ / 地力上位 / 当地巧者 / 級別傾向強い / 差しやや警戒,5.79,AI★★★★★,1-4-5 / 4-1-5 / 4-5-1 / 5-6-2 / 2-4-5 / 5-6-1,様子見,"公式低評価AI検証 / 朝:base土台○ / 地力上位 / 当地巧者 / 級別傾向強い / 差しやや警戒 / base土台をやや保持 / 直前:気象安定 / 足:ST気配あり / 部品交換:2,4,6 / 足:4号艇足色良さげ / 整備:チルト:1:-0.5,2:0,3:-0.5,4:0,5:-0.5,6:0 / 部品交換:2:ピストン,4:ピストン,リング,ピストンリング,シリンダ,キャリア,キャリアボデー,ギヤケース,電気,電気一式,キャブ,キャブレタ,シャフト,クランク,6:ピストン,リング,ピストンリング,シリンダ,電気,電気一式,キャブ,キャブレタ / 直前差小で朝寄り / 朝評価をやや優先 / 隊形:4攻め注意 / 1逃げ本線 / 開催:2日目でやや本命寄り",2026-04-25 16:16:31 JST,"[""6.77"", ""6.78"", ""6.80"", ""6.77"", ""6.75"", ""6.78""]",1:2 / 2:4 / 3:6 / 4:2 / 5:1 / 6:4,晴,3.0,0.0,,,0.05,1:0.09 / 2:-0.02 / 3:-0.11 / 4:0.15 / 5:0.05 / 6:-0.03,1:A1 / A1 / A1 / A1 / 2:A1 / A1 / A1 / A1 / 3:A1 / A1 / A1 / A1 / 4:A1 / A1 / A2 / A1 / 5:A1 / A1 / A1 / A1 / 6:A1 / A1 / A1 / A2,1:遠藤エミ / 2:高野哲史 / 3:小山 勉 / 4:田村隆信 / 5:上條嘉嗣 / 6:高橋竜矢,1:+別格|-勝率|+当地|-モータ|+級別 / 2:-勝率|+当地|-モータ|+級別 / 3:-勝率|+当地|-モータ|-近況|+級別 / 4:-勝率|+当地|-モータ|-近況|+級別 / 5:+勝率|+当地|-モータ|+級別 / 6:+勝率|-モータ|+級別,1:+別格|-勝率|+当地|-モータ|+級別 / 2:-勝率|+当地|-モータ|+級別 / 3:-勝率|+当地|-モータ|-近況|+級別 / 4:-勝率|+当地|-モータ|-近況|+級別 / 5:+勝率|+当地|-モータ|+級別 / 6:+勝率|-モータ|+級別,1-6-3,11580,,,,,,,https://boatrace.jp/owpc/pc/race/resultlist?hd=20260425&jcd=13,2026-04-25 16:35:31 JST,,,100,,,,3連単,2,,7.57,base素材○,base素材○ / 地力上位 / 当地巧者 / 級別傾向強い,2026-04-25 03:59:01 JST,,0
2026-04-25,16:32,浜名湖,11R,11,official_all,★☆☆☆☆,2-1-6 / 2-6-1 / 2-1-4 / 2-6-4 / 2-4-1 / 2-4-6,1.63,AI★★★☆☆,6-4-5 / 6-4-2 / 6-4-1 / 6-4-3 / 6-5-4 / 6-5-2,base危険 / 選手力上位 / 級別傾向強い / 差しやや警戒,1.69,AI★★☆☆☆,1-2-6 / 2-1-6 / 1-2-5 / 6-5-2 / 6-4-2 / 6-4-5,様子見,"公式低評価AI検証 / 朝:base危険 / 選手力上位 / 級別傾向強い / 差しやや警戒 / base危険で買い上げ抑制 / 直前:気象安定 / 風向東 / 足:ST気配あり / 部品交換:2,3,4,6 / 足:2号艇足色良さげ / 整備:チルト:1:-0.5,2:0,3:-0.5,4:-0.5,5:-0.5,6:-0.5 / 部品交換:2:ピストン,リング,ピストンリング,シリンダ,キャリア,キャリアボデー,ギヤケース,電気,電気一式,キャブ,キャブレタ,シャフト,クランク,プロペラ,ペラ,3:ピストン,リング,ピストンリング,電気,4:ピストン,リング,6:ピストン,リング,ピストンリング,シリンダ,電気,電気一式,キャブ,キャブレタ,シャフト / 直前差小で朝寄り / 隊形:2差し注意 / 1逃げ本線 / 開催:2日目でやや本命寄り",2026-04-25 16:16:31 JST,"[""6.56"", ""6.66"", ""6.59"", ""6.65"", ""6.67"", ""6.63""]",1:1 / 2:5 / 3:2 / 4:4 / 5:6 / 6:3,晴,4.0,2.0,,東,0.04,1:0.17 / 2:-0.13 / 3:0.11 / 4:-0.08 / 5:-0.21 / 6:-0.10,1:A2 / A2 / A2 / A2 / 2:A2 / A2 / A2 / A2 / 3:B1 / B1 / B1 / B1 / 4:A2 / B1 / A2 / B1 / 5:B1 / B1 / A2 / B1 / 6:A2 / A2 / B1 / B1,1:芝田浩治 / 2:岩崎芳美 / 3:伊倉 光 / 4:鈴木裕隆 / 5:新田智彰 / 6:廣瀬真也,1:-勝率|+当地|-モータ|-ST|+級別 / 2:-勝率|+当地|-モータ|-ST|+級別 / 3:-勝率|+当地|-モータ|-ST|-近況 / 4:-勝率|+当地|-モータ|-近況|+級別 / 5:+当地|-モータ / 6:-モータ|+級別,1:-勝率|+当地|-モータ|-ST|+級別 / 2:-勝率|+当地|-モータ|-ST|+級別 / 3:-勝率|+当地|-モータ|-ST|-近況 / 4:-勝率|+当地|-モータ|-近況|+級別 / 5:+当地|-モータ / 6:-モータ|+級別,1-2-3,820,,,,,,,https://boatrace.jp/owpc/pc/race/resultlist?hd=20260425&jcd=06,2026-04-25 16:44:56 JST,,,100,,,,3連単,2,,0.51,base素材危険,base素材危険 / 選手力上位 / 級別傾向強い,2026-04-25 03:59:01 JST,,0
2026-04-25,16:34,桐生,4R,4,official_all,★★★☆☆,6-2-4 / 6-4-2 / 6-2-5 / 6-4-5 / 6-5-2 / 6-5-4,6.89,AI★★★★★,6-5-3 / 6-5-2 / 6-5-4 / 6-5-1 / 6-3-5 / 6-3-2,base土台○ / 地力上位 / 級別傾向強い / インやや強め,6.92,AI★★★★★,1-3-2 / 3-1-2 / 1-3-5 / 6-3-5 / 6-5-2 / 6-5-3,様子見,"公式低評価AI検証 / 朝:base土台○ / 地力上位 / 級別傾向強い / インやや強め / base土台をやや保持 / 直前:風向東 / 部品交換:5,6 / 整備:部品交換:5:ピストン,リング,ピストンリング,電気,電気一式,キャブ,キャブレタ,6:ピストン,リング,ピストンリング,シリンダ,キャリア,キャリアボデー,ギヤケース,電気,電気一式,キャブ,キャブレタ,シャフト,クランク / 直前差小で朝寄り / 朝評価をやや優先 / 隊形:1逃げ本線 / 開催:2日目でやや本命寄り",2026-04-25 16:16:31 JST,"[""6.79"", ""6.66"", ""6.82"", ""6.78"", ""6.69"", ""6.79""]",1:4 / 2:1 / 3:6 / 4:3 / 5:2 / 6:4,晴,3.0,2.0,,東,0.04,1:-0.02 / 2:0.19 / 3:-0.42 / 4:-0.09 / 5:0.04 / 6:-0.02,1:B1 / B1 / B1 / B1 / 2:B1 / B1 / B1 / A2 / 3:B1 / B1 / B1 / B1 / 4:B1 / B1 / B2 / B2 / 5:A2 / B1 / B1 / B1 / 6:A1 / A1 / A2 / A2,1:佐藤駿介 / 3:大場広孝 / 4:濱崎 誠 / 5:藤原早菜 / 6:鶴本崇文,1:-勝率|+当地|-モータ|-ST / 2:-勝率|+当地|-モータ|-ST / 3:-勝率|+当地|-モータ|-ST|-近況 / 4:-勝率|+当地|-モータ|-ST|-近況|-級別 / 5:+当地|-モータ|+級別 / 6:+勝率|-モータ|+級別,1:-勝率|+当地|-モータ|-ST / 2:-勝率|+当地|-モータ|-ST / 3:-勝率|+当地|-モータ|-ST|-近況 / 4:-勝率|+当地|-モータ|-ST|-近況|-級別 / 5:+当地|-モータ|+級別 / 6:+勝率|-モータ|+級別,4-2-6,2450,,,,,,,https://boatrace.jp/owpc/pc/race/resultlist?hd=20260425&jcd=01,2026-04-25 16:44:56 JST,,,100,,,,3連単,2,,3.01,base素材○,base素材○ / 地力上位 / 級別傾向強い,2026-04-25 03:59:01 JST,,0
2026-04-25,16:35,平和島,12R,12,official_all,★★★★☆,3-1-6 / 3-6-1 / 3-1-5 / 3-6-5 / 3-5-1 / 3-5-6,1.86,AI★★★★☆,5-1-3 / 5-1-6 / 5-1-2 / 5-1-4 / 5-3-1 / 5-3-6,base危険 / 当地巧者 / 級別傾向強い / 攻めやや注意,1.92,AI★★★☆☆,1-3-6 / 3-1-6 / 1-3-5 / 4-3-6 / 5-1-6 / 5-1-3,様子見,"朝:base危険 / 当地巧者 / 級別傾向強い / 攻めやや注意 / base危険で買い上げ抑制 / 直前:展示差あり / 展示タイム差を確認 / 気象安定 / 足:足差ややあり / 展示F:4,5,6注意 / 足:ST気配あり / 部品交換:1,5,6 / 足:1号艇足色良さげ / 整備:チルト:1:0,2:-0.5,3:-0.5,4:-0.5,5:-0.5,6:0 / 部品交換:1:ピストン,リング,ピストンリング,5:ピストン,6:ピストン,リング,ピストンリング,シリンダ,電気,電気一式,キャブ,キャブレタ / 直前差小で朝寄り / 隊形:1逃げ本線 / 開催:2日目でやや本命寄り",2026-04-25 16:35:31 JST,"[""6.93"", ""6.80"", ""6.81"", ""6.80"", ""6.80"", ""6.76""]",1:6 / 2:2 / 3:5 / 4:2 / 5:2 / 6:1,晴,2.0,3.0,,,0.04,1:-0.01 / 2:-0.06 / 3:0.03 / 4:-0.03 / 5:-0.04 / 6:0.06,1:A1 / A1 / B1 / A2 / 2:B1 / B1 / B1 / B1 / 3:A2 / A2 / A2 / A2 / 4:B1 / B2 / B2 / B2 / 5:A1 / B1 / B1 / B1 / 6:B1 / B1 / B1 / B1,1:高憧四季 / 2:嶋田有里 / 3:宇野弥生 / 4:仁科さや / 5:井上遥妃 / 6:野田部宏,1:-勝率|+当地|-モータ|+級別 / 2:-勝率|+当地|-モータ|-ST / 3:-勝率|+当地|-モータ|-ST|-近況|+級別 / 4:-勝率|+当地|-モータ|-ST|-近況|-級別 / 5:+当地|-モータ|+級別 / 6:-モータ,1:-勝率|+当地|-モータ|+級別 / 2:-勝率|+当地|-モータ|-ST / 3:-勝率|+当地|-モータ|-ST|-近況|+級別 / 4:-勝率|+当地|-モータ|-ST|-近況|-級別 / 5:+当地|-モータ|+級別 / 6:-モータ,1-5-2,1290,,,,,,,https://boatrace.jp/owpc/pc/race/resultlist?hd=20260425&jcd=04,2026-04-25 16:44:56 JST,,,100,,,,3連単,2,,1.42,base素材保留,base素材保留 / 当地巧者 / 級別傾向強い,2026-04-25 03:59:01 JST,,0
2026-04-25,16:38,宮島,12R,12,official_all,★☆☆☆☆,1-3-5 / 1-5-3 / 1-3-2 / 1-5-2 / 1-2-3 / 1-2-5,5.84,AI★★★★★,6-5-4 / 6-5-3 / 6-5-2 / 6-5-1 / 6-4-5 / 6-4-3,base保留 / 地力上位 / 級別傾向強い,5.87,AI★★★★★,1-2-4 / 2-3-4 / 1-2-6 / 4-2-6 / 6-4-5 / 6-5-4,買い,"公式低評価AI検証 / 朝:base保留 / 地力上位 / 級別傾向強い / base保留で買い上げ慎重 / 直前:展示F:1注意 / 足:ST気配あり / 部品交換:5 / 足:2号艇足色良さげ / 整備:チルト:1:-0.5,2:-0.5,3:0,4:-0.5,5:-0.5,6:-0.5 / 部品交換:5:リング / 直前差小で朝寄り / 朝評価をやや優先 / 隊形:1逃げ本線 / 2差し注意",2026-04-25 16:35:31 JST,"[""6.67"", ""6.74"", ""6.66"", ""6.70"", ""6.69"", ""6.69""]",1:2 / 2:6 / 3:1 / 4:5 / 5:3 / 6:3,晴,4.0,4.0,,,0.0,1:0.01 / 2:0.06 / 3:0.00 / 4:0.03 / 5:-0.02 / 6:0.00,1:A1 / A1 / A1 / A1 / 2:A1 / A1 / A1 / A1 / 3:A1 / A1 / A1 / A1 / 4:A1 / A1 / A1 / A1 / 5:A1 / A1 / A1 / A1 / 6:A1 / A1 / A1 / A1,1:池田浩二 / 2:上平真二 / 3:白井英治 / 4:杉山正樹 / 6:齊藤 仁,1:+別格|-勝率|+当地|-モータ|+級別 / 2:-勝率|+当地|-モータ|+級別 / 3:+別格|-勝率|+当地|-モータ|-近況|+級別 / 4:+勝率|+当地|-モータ|-近況|+級別 / 5:+勝率|+当地|-モータ|+級別 / 6:+勝率|-モータ|+級別,1:+別格|-勝率|+当地|-モータ|+級別 / 2:-勝率|+当地|-モータ|+級別 / 3:+別格|-勝率|+当地|-モータ|-近況|+級別 / 4:+勝率|+当地|-モータ|-近況|+級別 / 5:+勝率|+当地|-モータ|+級別 / 6:+勝率|-モータ|+級別,3-4-1,29210,,,,,,,https://boatrace.jp/owpc/pc/race/resultlist?hd=20260425&jcd=17,2026-04-25 16:44:56 JST,,,100,,,,3連単,5,,8.11,base素材○,base素材○ / 地力上位 / 級別傾向強い,2026-04-25 03:59:01 JST,,0
2026-04-25,16:38,若松,4R,4,official_all,★★★★★,3-5-6 / 3-6-5 / 3-5-4 / 3-6-4 / 3-4-5 / 3-4-6,6.22,AI★★★★★,3-6-5 / 3-6-4 / 3-6-2 / 3-6-1 / 3-5-6 / 3-5-4,base土台○ / 当地巧者 / 級別傾向強い / 中枠攻め候補 / 差しやや警戒,6.25,AI★★★★★,1-5-6 / 5-1-6 / 1-5-2 / 4-5-6 / 3-5-6 / 3-6-5,様子見,"朝:base土台○ / 当地巧者 / 級別傾向強い / 中枠攻め候補 / 差しやや警戒 / base土台をやや保持 / 直前:展示差あり / 展示タイム差を確認 / 足:足差ややあり / 展示F:2,3注意 / 足:ST気配あり / 部品交換:2,3 / 足:1号艇足色良さげ / 整備:チルト:1:0,2:0,3:-0.5,4:0,5:-0.5,6:0 / 部品交換:2:リング,3:リング / 直前差中で少し動かす / 隊形:5一撃注意 / 1逃げ本線",2026-04-25 16:35:31 JST,"[""7.05"", ""6.96"", ""6.98"", ""6.93"", ""6.87"", ""6.95""]",1:6 / 2:4 / 3:5 / 4:2 / 5:1 / 6:3,晴,3.0,3.0,,,0.0,1:-0.03 / 2:-0.08 / 3:-0.14 / 4:-0.06 / 5:0.15 / 6:-0.07,1:B1 / B1 / B1 / B1 / 2:B1 / B1 / B1 / B1 / 3:A1 / A1 / A1 / A1 / 4:B1 / B1 / B1 / B1 / 5:A1 / A2 / B1 / A2 / 6:A2 / A1 / A2 / A2,1:加藤奈月 / 2:木村紗友 / 3:川野芽唯 / 4:中里優子 / 5:山本梨菜 / 6:今井裕梨,1:-勝率|+当地|-モータ|-ST / 2:-勝率|+当地|-モータ|-ST / 3:-勝率|+当地|-モータ|-近況|+級別 / 4:-勝率|+当地|-モータ|-ST|-近況 / 5:+当地|-モータ|+級別 / 6:-モータ|+級別,1:-勝率|+当地|-モータ|-ST / 2:-勝率|+当地|-モータ|-ST / 3:-勝率|+当地|-モータ|-近況|+級別 / 4:-勝率|+当地|-モータ|-ST|-近況 / 5:+当地|-モータ|+級別 / 6:-モータ|+級別,1-3-5,2600,,,,,,,https://boatrace.jp/owpc/pc/race/resultlist?hd=20260425&jcd=20,2026-04-25 16:44:56 JST,,,100,,,,3連単,4,,5.02,base素材○,base素材○ / 当地巧者 / 級別傾向強い / 中枠攻め候補,2026-04-25 03:59:01 JST,,0
2026-04-25,16:44,蒲郡,4R,4,official_all,★★★★☆,2-3-1 / 2-1-3 / 2-3-6 / 2-1-6 / 2-6-3 / 2-6-1,5.43,AI★★★★★,3-2-6 / 3-2-5 / 3-2-4 / 3-2-1 / 3-6-2 / 3-6-5,base土台◎ / 当地巧者 / 級別傾向強い / 中枠攻め候補 / インやや強め,5.49,AI★★★★★,1-2-4 / 2-1-4 / 1-2-5 / 3-2-4 / 3-2-5 / 3-2-6,様子見,"朝:base土台◎ / 当地巧者 / 級別傾向強い / 中枠攻め候補 / インやや強め / base土台を強めに保持 / 直前:展示差あり / 展示タイム差を確認 / 気象荒れ気味 / 足:足差ややあり / 足:ST気配あり / 部品交換:5,6 / 足:1号艇足色良さげ / 整備:チルト:1:0,2:-0.5,3:-0.5,4:-0.5,5:-0.5,6:-0.5 / 部品交換:5:ピストン,リング,ピストンリング,6:ピストン,リング,ピストンリング,シリンダ,ギヤケース,電気,電気一式,キャブ,キャブレタ,シャフト,クランク / 直前差小で朝寄り / 朝評価をやや優先 / 隊形:1逃げ本線 / 2差し注意 / 開催:2日目でやや本命寄り",2026-04-25 16:44:56 JST,"[""6.66"", ""6.65"", ""6.78"", ""6.63"", ""6.65"", ""6.69""]",1:4 / 2:2 / 3:6 / 4:1 / 5:2 / 6:5,晴,5.0,2.0,,,-0.06,1:0.12 / 2:0.11 / 3:-0.42 / 4:0.17 / 5:0.01 / 6:-0.08,1:B1 / B1 / B1 / B1 / 2:A1 / A1 / A1 / A1 / 3:A1 / A1 / A1 / A1 / 4:B1 / B1 / B2 / B2 / 5:B1 / B1 / B1 / B1 / 6:A2 / B1 / B1 / A2,1:木下陽介 / 2:黒井達矢 / 3:稲田浩二 / 4:佐藤世那 / 5:宮野 仁 / 6:平川香織,1:-勝率|+当地|-モータ|-ST / 2:-勝率|+当地|-モータ|+級別 / 3:-勝率|+当地|-モータ|-近況|+級別 / 4:-勝率|+当地|-モータ|-ST|-近況|-級別 / 5:+当地|-モータ / 6:-モータ|+級別,1:-勝率|+当地|-モータ|-ST / 2:-勝率|+当地|-モータ|+級別 / 3:-勝率|+当地|-モータ|-近況|+級別 / 4:-勝率|+当地|-モータ|-ST|-近況|-級別 / 5:+当地|-モータ / 6:-モータ|+級別,2-5-6,31990,,,,,,,https://boatrace.jp/owpc/pc/race/resultlist?hd=20260425&jcd=07,2026-04-25 16:55:02 JST,,,100,,,,3連単,2,,5.13,base素材○,base素材○ / 当地巧者 / 級別傾向強い / 中枠攻め候補,2026-04-25 03:59:01 JST,,0
2026-04-25,16:47,住之江,4R,4,official_all,★☆☆☆☆,5-4-3 / 5-3-4 / 5-4-1 / 5-3-1 / 5-1-4 / 5-1-3,2.4,AI★★★★☆,5-4-6 / 5-4-3 / 5-4-2 / 5-4-1 / 5-6-4 / 5-6-3,base保留 / 当地巧者 / 級別傾向強い / 攻めやや注意,2.5,AI★★★☆☆,1-3-5 / 1-3-4 / 1-3-2 / 3-1-5 / 5-4-1 / 5-4-6,買い,"公式低評価AI検証 / 朝:base保留 / 当地巧者 / 級別傾向強い / 攻めやや注意 / base保留で買い上げ慎重 / 直前:展示差ややあり / 展示タイム差を確認 / 気象安定 / 風向東 / 足:足差ややあり / 展示F:2注意 / 足:ST気配あり / 部品交換:5,6 / 足:1号艇足色良さげ / 整備:チルト:1:-0.5,2:-0.5,3:-0.5,4:0,5:0,6:-0.5 / 部品交換:5:ピストン,リング,ピストンリング,6:ピストン,リング,ピストンリング,シリンダ,ギヤケース,電気,電気一式,キャブ,キャブレタ,シャフト,クランク / 直前差小で朝寄り / 朝評価をやや優先 / 隊形:1逃げ本線",2026-04-25 16:44:56 JST,"[""6.87"", ""6.92"", ""6.88"", ""6.88"", ""6.89"", ""7.00""]",1:1 / 2:5 / 3:2 / 4:2 / 5:4 / 6:6,晴,1.0,1.0,,東,0.1,1:0.45 / 2:-0.01 / 3:0.10 / 4:0.00 / 5:-0.02 / 6:-0.45,1:B1 / B1 / B1 / B1 / 2:B1 / B1 / B1 / B1 / 3:B1 / B1 / B1 / B1 / 4:A2 / A2 / A2 / A2 / 5:A2 / A1 / B1 / B1 / 6:B1 / B1 / B1 / B1,1:島田一生 / 2:坂東 満 / 3:庄司孝輔 / 4:中山 将 / 5:庄司樹良 / 6:田添康介,1:-勝率|+当地|-モータ|-ST / 2:-勝率|+当地|-モータ|-ST / 3:-勝率|+当地|-モータ|-ST|-近況 / 4:-勝率|+当地|-モータ|-近況|+級別 / 5:+当地|-モータ|+級別 / 6:-モータ,1:-勝率|+当地|-モータ|-ST / 2:-勝率|+当地|-モータ|-ST / 3:-勝率|+当地|-モータ|-ST|-近況 / 4:-勝率|+当地|-モータ|-近況|+級別 / 5:+当地|-モータ|+級別 / 6:-モータ,1-5-3,3970,,,,,,,https://boatrace.jp/owpc/pc/race/resultlist?hd=20260425&jcd=12,2026-04-25 16:55:02 JST,,,100,,,,3連単,3,,1.26,base素材保留,base素材保留 / 当地巧者 / 級別傾向強い,2026-04-25 03:59:01 JST,,0
2026-04-25,16:50,児島,12R,12,official_all,★★★★☆,2-1-4 / 2-4-1 / 2-1-6 / 2-4-6 / 2-6-1 / 2-6-4,5.25,AI★★★★★,2-1-6 / 2-1-4 / 2-1-5 / 2-1-3 / 2-6-1 / 2-6-4,base土台◎ / 当地巧者 / 級別傾向強い / インやや強め,5.37,AI★★★★★,1-2-4 / 2-1-4 / 1-2-3 / 4-2-1 / 2-1-5 / 2-1-3,買い,"朝:base土台◎ / 当地巧者 / 級別傾向強い / インやや強め / base土台を強めに保持 / 直前:展示差あり / 展示タイム差を確認 / 気象安定 / 足:足差あり / 展示F:5注意 / 足:ST気配あり / 部品交換:3,4,6 / 足:1号艇足色良さげ / 整備:チルト:1:-0.5,2:-0.5,3:0,4:-0.5,5:-0.5,6:-0.5 / 部品交換:3:ピストン,リング,ピストンリング,シリンダ,キャリア,キャリアボデー,ギヤケース,電気,電気一式,キャブ,キャブレタ,シャフト,クランク,プロペラ,ペラ,4:ピストン,リング,ピストンリング,6:ピストン,リング,ピストンリング,シリンダ,電気,電気一式,キャブ,キャブレタ / 直前差中で少し動かす / 隊形:1逃げ本線 / 2差し注意",2026-04-25 16:44:56 JST,"[""6.65"", ""6.63"", ""6.77"", ""6.65"", ""6.77"", ""6.83""]",1:2 / 2:1 / 3:4 / 4:2 / 5:4 / 6:6,晴,1.0,1.0,,,0.1,1:0.37 / 2:0.14 / 3:-0.17 / 4:0.02 / 5:-0.23 / 6:-0.42,1:A1 / A1 / A2 / A2 / 2:A1 / A1 / A1 / A1 / 3:B1 / B1 / B1 / B1 / 4:A2 / A2 / B1 / B1 / 5:B1 / B1 / B1 / B1 / 6:A2 / B1 / A2 / A2,1:鈴谷一平 / 2:島村隆幸 / 3:井川大作 / 4:渡邉俊介 / 5:松下哲也 / 6:渡部 悟,1:-勝率|+当地|-モータ|+級別 / 2:-勝率|+当地|-モータ|+級別 / 3:-勝率|+当地|-モータ|-ST|-近況 / 4:-勝率|+当地|-モータ|-近況|+級別 / 5:+当地|-モータ / 6:-モータ|+級別,1:-勝率|+当地|-モータ|+級別 / 2:-勝率|+当地|-モータ|+級別 / 3:-勝率|+当地|-モータ|-ST|-近況 / 4:-勝率|+当地|-モータ|-近況|+級別 / 5:+当地|-モータ / 6:-モータ|+級別,1-2-4,380,,,,,,,https://boatrace.jp/owpc/pc/race/resultlist?hd=20260425&jcd=16,2026-04-25 17:03:53 JST,,,100,,,,3連単,3,,3.87,base素材○,base素材○ / 当地巧者 / 級別傾向強い,2026-04-25 03:59:01 JST,,0
2026-04-25,16:53,福岡,10R,10,official_all,★★★☆☆,1-2-6 / 1-6-2 / 1-2-5 / 1-6-5 / 1-5-2 / 1-5-6,5.39,AI★★★★★,1-6-5 / 1-6-4 / 1-6-3 / 1-6-2 / 1-5-6 / 1-5-4,base土台◎ / 当地巧者 / 級別傾向強い / 1号艇有利 / 差しやや警戒,5.45,AI★★★★★,1-2-3 / 3-2-5 / 2-3-5 / 1-5-4 / 1-6-3 / 1-6-5,買い,"公式低評価AI検証 / 朝:base土台◎ / 当地巧者 / 級別傾向強い / 1号艇有利 / 差しやや警戒 / base土台を強めに保持 / 直前:展示差ややあり / 展示タイム差を確認 / 足:足差ややあり / 足:ST気配あり / 部品交換:1,2,6 / 足:3号艇足色良さげ / 整備:チルト:1:-0.5,2:0,3:-0.5,4:0,5:0,6:-0.5 / 部品交換:1:ピストン,リング,ピストンリング,2:ピストン,6:ピストン,リング,ピストンリング,シリンダ,電気,電気一式,キャブ,キャブレタ / 直前差中で少し動かす / 隊形:3攻め注意 / 2差し注意 / 開催:2日目でやや本命寄り",2026-04-25 16:44:56 JST,"[""6.98"", ""6.89"", ""6.87"", ""6.99"", ""6.90"", ""6.99""]",1:4 / 2:2 / 3:1 / 4:5 / 5:3 / 6:5,晴,4.0,4.0,,,0.0,1:-0.07 / 2:0.09 / 3:0.34 / 4:-0.15 / 5:0.00 / 6:-0.42,1:A1 / A1 / A1 / A1 / 2:B1 / A2 / B1 / B2 / 3:B1 / B1 / B1 / B1 / 4:B1 / B1 / B1 / B1 / 5:B1 / B2 / B1 / A2 / 6:A2 / A2 / A2 / B1,1:原田篤志 / 2:新田洋一 / 3:梅原祥平 / 4:板倉敦史 / 5:孫崎百世 / 6:鈴木智啓,1:-勝率|+当地|-モータ|+級別 / 2:-勝率|+当地|-モータ|-ST / 3:-勝率|+当地|-モータ|-ST|-近況 / 4:-勝率|+当地|-モータ|-ST|-近況 / 5:+当地|-モータ|-級別 / 6:-モータ|+級別,1:-勝率|+当地|-モータ|+級別 / 2:-勝率|+当地|-モータ|-ST / 3:-勝率|+当地|-モータ|-ST|-近況 / 4:-勝率|+当地|-モータ|-ST|-近況 / 5:+当地|-モータ|-級別 / 6:-モータ|+級別,1-2-3,510,,,,,,,https://boatrace.jp/owpc/pc/race/resultlist?hd=20260425&jcd=22,2026-04-25 17:03:53 JST,,,100,,,,3連単,2,,3.25,base素材○,base素材○ / 当地巧者 / 級別傾向強い / 1号艇有利,2026-04-25 03:59:01 JST,,0
2026-04-25,16:55,丸亀,4R,4,official_all,★★★☆☆,6-4-2 / 6-2-4 / 6-4-5 / 6-2-5 / 6-5-4 / 6-5-2,9.42,AI★★★★★,6-4-5 / 6-4-2 / 6-4-3 / 6-4-1 / 6-5-4 / 6-5-2,base保留 / 地力上位 / 級別傾向強い / 攻めやや注意,9.52,AI★★★★★,1-2-3 / 1-2-4 / 1-2-6 / 2-1-3 / 6-4-1 / 6-4-5,買い,"公式低評価AI検証 / 朝:base保留 / 地力上位 / 級別傾向強い / 攻めやや注意 / base保留で買い上げ慎重 / 直前:展示差あり / 展示タイム差を確認 / 風向西 / 足:足差ややあり / 展示F:6注意 / 部品交換:5 / 足:5号艇足色良さげ / 整備:チルト:1:-0.5,2:-0.5,3:-0.5,4:-0.5,5:-0.5,6:-0.5 / 部品交換:5:キャブ / 直前差小で朝寄り / 朝評価をやや優先 / 隊形:1逃げ本線 / 2差し注意 / 開催:2日目でやや本命寄り",2026-04-25 16:55:02 JST,"[""6.67"", ""6.77"", ""6.80"", ""6.81"", ""6.85"", ""6.78""]",1:1 / 2:2 / 3:4 / 4:5 / 5:6 / 6:3,晴,3.0,3.0,,西,0.0,1:0.29 / 2:0.00 / 3:-0.11 / 4:-0.11 / 5:-0.27 / 6:-0.17,1:B1 / B1 / B1 / B1 / 2:B1 / B1 / B1 / A2 / 3:B1 / B1 / B1 / B2 / 4:A2 / A2 / A1 / A1 / 5:B1 / B1 / B1 / B1 / 6:A1 / A1 / A1 / A1,1:門田 栞 / 2:宮武英司 / 3:石井伸長 / 4:宮崎 奨 / 5:西丸敦基 / 6:中村晃朋,1:-勝率|+当地|-モータ|-ST / 2:-勝率|+当地|-モータ|-ST / 3:-勝率|+当地|-モータ|-ST|-近況|-級別 / 4:-勝率|+当地|-モータ|-近況|+級別 / 5:+当地|-モータ / 6:+勝率|-モータ|+級別,1:-勝率|+当地|-モータ|-ST / 2:-勝率|+当地|-モータ|-ST / 3:-勝率|+当地|-モータ|-ST|-近況|-級別 / 4:-勝率|+当地|-モータ|-近況|+級別 / 5:+当地|-モータ / 6:+勝率|-モータ|+級別,6-4-3,22780,,,,,,,https://boatrace.jp/owpc/pc/race/resultlist?hd=20260425&jcd=15,2026-04-25 17:03:53 JST,,,100,,,,3連単,2,,5.76,base素材○,base素材○ / 地力上位 / 級別傾向強い,2026-04-25 03:59:01 JST,,0
2026-04-25,17:01,桐生,5R,5,official_all,★★★★☆,3-1-2 / 3-2-1 / 3-1-4 / 3-2-4 / 3-4-1 / 3-4-2,5.94,AI★★★★★,1-2-3 / 1-2-6 / 1-2-4 / 1-2-5 / 1-3-2 / 1-3-6,base土台◎ / 当地巧者 / 級別傾向強い / 1号艇有利 / インやや強め,6.09,AI★★★★★,1-2-4 / 4-2-1 / 2-4-1 / 1-4-2 / 1-2-6 / 1-2-3,見送り寄り,"朝:base土台◎ / 当地巧者 / 級別傾向強い / 1号艇有利 / インやや強め / base土台を強めに保持 / 直前:展示差あり / 展示タイム差を確認 / 進入:1-4-2-3-5-6 / 風向東 / 足:足差ややあり / 展示F:3,5,6注意 / 足:ST気配あり / 足:進入変化 / 部品交換:3 / 整備:チルト:1:0,2:-0.5,3:0,4:-0.5,5:-0.5,6:-0.5 / 部品交換:3:キャブ / 進入変化ありで少し動かす / 隊形:4攻め注意 / 2差し注意 / 進入:1-4-2-3-5-6 / 開催:2日目でやや本命寄り",2026-04-25 16:55:02 JST,"[""6.54"", ""6.53"", ""6.71"", ""6.65"", ""6.69"", ""6.61""]",1:2 / 2:1 / 3:6 / 4:4 / 5:5 / 6:3,晴,4.0,3.0,,東,0.0,1:0.01 / 2:0.14 / 3:-0.42 / 4:0.21 / 5:-0.26 / 6:-0.09,1:A1 / A1 / A1 / A1 / 2:A2 / A2 / A1 / A2 / 3:A2 / B1 / A2 / A2 / 4:B1 / B1 / B1 / B1 / 5:B1 / B2 / B2 / B2 / 6:B1 / B1 / B1 / B2,1:東本勝利 / 2:向後龍一 / 3:柏野幸二 / 4:山地正樹 / 5:石村日奈 / 6:一色凌雅,1:-勝率|+当地|-モータ|+級別 / 2:-勝率|+当地|-モータ|-ST|+級別 / 3:-勝率|+当地|-モータ|-ST|-近況|+級別 / 4:-勝率|+当地|-モータ|-ST|-近況 / 5:+当地|-モータ|-級別 / 6:-モータ|-級別,1:-勝率|+当地|-モータ|+級別 / 2:-勝率|+当地|-モータ|-ST|+級別 / 3:-勝率|+当地|-モータ|-ST|-近況|+級別 / 4:-勝率|+当地|-モータ|-ST|-近況 / 5:+当地|-モータ|-級別 / 6:-モータ|-級別,,,,,,,,,,2026-04-25 17:03:53 JST,,,100,,,,3連単,2,,2.81,base素材○,base素材○ / 当地巧者 / 級別傾向強い / 1号艇有利,2026-04-25 03:59:01 JST,,0
2026-04-25,17:06,若松,5R,5,official_all,★★★★★,1-2-4 / 1-4-2 / 1-2-3 / 1-4-3 / 1-3-2 / 1-3-4,5.61,AI★★★★★,2-4-1 / 2-4-5 / 2-4-3 / 2-4-6 / 2-1-4 / 2-1-5,base土台◎ / 当地巧者 / 級別傾向強い / 差しやや警戒,5.65,AI★★★★★,1-5-2 / 5-2-1 / 2-4-5 / 3-5-2 / 2-4-1 / 2-1-5,様子見,"朝:base土台◎ / 当地巧者 / 級別傾向強い / 差しやや警戒 / base土台を強めに保持 / 直前:展示差あり / 展示タイム差を確認 / 足:足差ややあり / 展示F:1,2注意 / 部品交換:5,6 / 足:5号艇足色良さげ / 整備:チルト:1:-0.5,2:-0.5,3:0,4:-0.5,5:0,6:-0.5 / 部品交換:5:ピストン,リング,ピストンリング,6:ピストン,リング,ピストンリング,シリンダ,ギヤケース,電気,電気一式,キャブ,キャブレタ,シャフト,クランク / 直前差中で少し動かす / 隊形:5一撃注意 / 1逃げ本線",2026-04-25 17:03:53 JST,"[""6.90"", ""6.88"", ""6.90"", ""6.90"", ""6.83"", ""7.01""]",1:3 / 2:2 / 3:3 / 4:3 / 5:1 / 6:6,晴,3.0,3.0,,,0.0,1:-0.05 / 2:0.03 / 3:-0.05 / 4:-0.05 / 5:0.22 / 6:-0.42,1:A1 / A1 / A2 / A1 / 2:A1 / A1 / A1 / A1 / 3:B1 / B1 / B1 / B1 / 4:A2 / A1 / A1 / B1 / 5:B1 / B1 / B2 / B2 / 6:B2 / B2 / B2,1:小野生奈 / 2:渡邉優美 / 3:大久保佑 / 4:土屋千明 / 5:冨名腰桃 / 6:久保田凪,1:-勝率|+当地|-モータ|+級別 / 2:-勝率|+当地|-モータ|+級別 / 3:-勝率|+当地|-モータ|-ST|-近況 / 4:-勝率|+当地|-モータ|-近況|+級別 / 5:+当地|-モータ|-級別 / 6:-モータ|-級別,1:-勝率|+当地|-モータ|+級別 / 2:-勝率|+当地|-モータ|+級別 / 3:-勝率|+当地|-モータ|-ST|-近況 / 4:-勝率|+当地|-モータ|-近況|+級別 / 5:+当地|-モータ|-級別 / 6:-モータ|-級別,,,,,,,,,,2026-04-25 17:03:53 JST,,,100,,,,3連単,4,,4.14,base素材○,base素材○ / 当地巧者 / 級別傾向強い,2026-04-25 03:59:01 JST,,0
2026-04-25,17:09,浜名湖,12R,12,official_all,★☆☆☆☆,2-1-5 / 2-5-1 / 2-1-3 / 2-5-3 / 2-3-1 / 2-3-5,3.85,AI★★★★★,2-1-3 / 2-1-5 / 2-1-6 / 2-1-4 / 2-3-1 / 2-3-5,base土台◎ / 当地巧者 / 級別傾向強い,3.91,AI★★★★☆,1-2-5 / 3-2-5 / 2-1-5 / 4-2-5 / 2-1-3 / 2-3-5,買い,"公式低評価AI検証 / 朝:base土台◎ / 当地巧者 / 級別傾向強い / base土台を強めに保持 / 直前:展示差ややあり / 展示タイム差を確認 / 気象安定 / 風向東 / 足:ST気配あり / 部品交換:3,6 / 整備:チルト:1:-0.5,2:-0.5,3:-0.5,4:-0.5,5:0,6:-0.5 / 部品交換:3:ピストン,リング,ピストンリング,6:ピストン,リング,ピストンリング,シリンダ,電気,電気一式,キャブ,キャブレタ / 直前差小で朝寄り / 朝評価をやや優先 / 開催:2日目でやや本命寄り",2026-04-25 17:03:53 JST,"[""6.63"", ""6.68"", ""6.65"", ""6.64"", ""6.60"", ""6.70""]",1:2 / 2:5 / 3:4 / 4:3 / 5:1 / 6:6,晴,4.0,2.0,,東,0.04,1:-0.07 / 2:0.01 / 3:0.01 / 4:-0.01 / 5:0.05 / 6:-0.27,1:A1 / A1 / A1 / A1 / 2:A1 / A1 / A1 / A1 / 3:A1 / A1 / A2 / A2 / 4:A1 / A2 / B1 / B1 / 5:A1 / B1 / A2 / B1 / 6:A2 / A2 / B1 / A2,1:和田兼輔 / 2:佐藤大介 / 3:宇佐見淳 / 4:藤山雅弘 / 5:堀之内紀 / 6:藤田靖弘,1:-勝率|+当地|-モータ|+級別 / 2:-勝率|+当地|-モータ|+級別 / 3:-勝率|+当地|-モータ|-近況|+級別 / 4:-勝率|+当地|-モータ|-近況|+級別 / 5:+当地|-モータ|+級別 / 6:-モータ|+級別,1:-勝率|+当地|-モータ|+級別 / 2:-勝率|+当地|-モータ|+級別 / 3:-勝率|+当地|-モータ|-近況|+級別 / 4:-勝率|+当地|-モータ|-近況|+級別 / 5:+当地|-モータ|+級別 / 6:-モータ|+級別,,,,,,,,,,2026-04-25 17:03:53 JST,,,100,,,,3連単,2,,4.77,base素材○,base素材○ / 当地巧者 / 級別傾向強い,2026-04-25 03:59:01 JST,,0
2026-04-25,17:11,蒲郡,5R,5,official_all,★★☆☆☆,4-2-3 / 4-3-2 / 4-2-6 / 4-3-6 / 4-6-2 / 4-6-3,4.78,AI★★★★★,2-4-6 / 2-4-5 / 2-4-3 / 2-4-1 / 2-6-4 / 2-6-5,base土台◎ / 当地巧者 / 級別傾向強い / インやや強め,4.84,AI★★★★★,1-2-6 / 6-2-4 / 2-4-6 / 4-2-6 / 2-4-5 / 2-6-4,様子見,"公式低評価AI検証 / 朝:base土台◎ / 当地巧者 / 級別傾向強い / インやや強め / base土台を強めに保持 / 直前:気象安定 / 展示F:4注意 / 足:ST気配あり / 部品交換:5,6 / 足:6号艇足色良さげ / 整備:チルト:1:-0.5,2:-0.5,3:-0.5,4:0,5:0,6:-0.5 / 部品交換:5:ピストン,リング,ピストンリング,6:ピストン,リング,ピストンリング,シリンダ,ギヤケース,電気,電気一式,キャブ,キャブレタ,シャフト,クランク / 直前差小で朝寄り / 朝評価をやや優先 / 隊形:6一撃注意 / 1逃げ本線 / 開催:2日目でやや本命寄り",2026-04-25 17:03:53 JST,"[""6.67"", ""6.65"", ""6.70"", ""6.62"", ""6.63"", ""6.66""]",1:5 / 2:3 / 3:6 / 4:1 / 5:2 / 6:4,晴,3.0,1.0,,,0.05,1:0.05 / 2:0.03 / 3:-0.10 / 4:0.08 / 5:-0.12 / 6:0.12,1:B1 / B1 / B1 / B1 / 2:A1 / A1 / A1 / A1 / 3:B1 / B1 / B1 / B1 / 4:A1 / A2 / A1 / A2 / 5:B1 / B1 / B1 / B1 / 6:A2 / A2 / A2 / B1,1:後藤 浩 / 2:前田将太 / 3:樋口範政 / 4:上村純一 / 5:岩下巧斗 / 6:戸敷晃美,1:-勝率|+当地|-モータ|-ST / 2:-勝率|+当地|-モータ|+級別 / 3:-勝率|+当地|-モータ|-ST|-近況 / 4:-勝率|+当地|-モータ|-近況|+級別 / 5:+当地|-モータ / 6:-モータ|+級別,1:-勝率|+当地|-モータ|-ST / 2:-勝率|+当地|-モータ|+級別 / 3:-勝率|+当地|-モータ|-ST|-近況 / 4:-勝率|+当地|-モータ|-近況|+級別 / 5:+当地|-モータ / 6:-モータ|+級別,,,,,,,,,,2026-04-25 17:03:53 JST,,,100,,,,3連単,2,,4.45,base素材○,base素材○ / 当地巧者 / 級別傾向強い,2026-04-25 03:59:01 JST,,0
2026-04-25,17:16,住之江,5R,5,official_all,★★☆☆☆,1-6-3 / 1-3-6 / 1-6-2 / 1-3-2 / 1-2-6 / 1-2-3,5.32,AI★★★★★,6-1-5 / 6-1-4 / 6-1-3 / 6-1-2 / 6-5-1 / 6-5-4,base保留 / 地力上位 / 級別傾向強い / 攻めやや注意,5.46,AI★★★★★,1-4-3 / 3-1-6 / 1-4-6 / 4-1-3 / 6-1-4 / 6-1-3,買い,"公式低評価AI検証 / 朝:base保留 / 地力上位 / 級別傾向強い / 攻めやや注意 / base保留で買い上げ慎重 / 直前:展示差ややあり / 展示タイム差を確認 / 進入:1-2-4-6-3-5 / 前づけで波乱含み / 気象安定 / 風向北 / 足:足差ややあり / 足:ST気配あり / 足:進入変化 / 部品交換:5,6 / 整備:チルト:1:-0.5,2:-0.5,3:0,4:-0.5,5:-0.5,6:-0.5 / 部品交換:5:ピストン,リング,ピストンリング,6:ピストン,リング,ピストンリング,シリンダ,ギヤケース,電気,電気一式,キャブ,キャブレタ,シャフト,クランク / 進入変化ありで少し動かす / 隊形:1逃げ本線 / 3攻め注意 / 進入:1-2-4-6-3-5",2026-04-25 17:03:53 JST,"[""6.78"", ""6.88"", ""6.80"", ""6.88"", ""6.91"", ""6.87""]",1:1 / 2:4 / 3:2 / 4:4 / 5:6 / 6:3,晴,0.0,1.0,,北,0.1,1:0.35 / 2:-0.15 / 3:0.15 / 4:0.09 / 5:-0.42 / 6:0.05,1:A2 / A1 / A1 / A2 / 2:B1 / B1 / B1 / B1 / 3:B1 / B1 / B1 / B1 / 4:B1 / B1 / A2 / B1 / 5:B1 / B1 / B1 / B1 / 6:A2 / A1 / A1 / A2,1:篠田優也 / 2:杢野誓良 / 3:福岡泉水 / 4:米田隆弘 / 5:山戸信二 / 6:北川潤二,1:-勝率|+当地|-モータ|-ST|+級別 / 2:-勝率|+当地|-モータ|-ST / 3:-勝率|+当地|-モータ|-ST|-近況 / 4:-勝率|+当地|-モータ|-ST|-近況 / 5:+当地|-モータ / 6:+勝率|-モータ|+級別,1:-勝率|+当地|-モータ|-ST|+級別 / 2:-勝率|+当地|-モータ|-ST / 3:-勝率|+当地|-モータ|-ST|-近況 / 4:-勝率|+当地|-モータ|-ST|-近況 / 5:+当地|-モータ / 6:+勝率|-モータ|+級別,,,,,,,,,,2026-04-25 17:03:53 JST,,,100,,,,3連単,3,,2.83,base素材○,base素材○ / 地力上位 / 級別傾向強い,2026-04-25 03:59:01 JST,,0
2026-04-25,17:22,丸亀,5R,5,official_all,★☆☆☆☆,6-4-2 / 6-2-4 / 6-4-3 / 6-2-3 / 6-3-4 / 6-3-2,7.16,AI★★★★★,4-6-5 / 4-6-2 / 4-6-3 / 4-6-1 / 4-5-6 / 4-5-2,base土台○ / 地力上位 / 当地巧者 / 級別傾向強い / 中枠攻め候補 / 攻めやや注意,7.19,AI★★★★★,1-3-2 / 3-1-2 / 4-6-5 / 2-3-5 / 4-6-1 / 4-6-2,様子見,"公式低評価AI検証 / 朝:base土台○ / 地力上位 / 当地巧者 / 級別傾向強い / 中枠攻め候補 / 攻めやや注意 / base土台をやや保持 / 直前:風向西 / 部品交換:5,6 / 整備:チルト:1:0,2:0,3:-0.5,4:0,5:-0.5,6:-0.5 / 部品交換:5:ピストン,リング,ピストンリング,電気,電気一式,6:ピストン,リング,ピストンリング,シリンダ,ギヤケース,電気,電気一式,キャブ,キャブレタ,シャフト,クランク / 直前差小で朝寄り / 朝評価をやや優先 / 隊形:1逃げ本線 / 開催:2日目でやや本命寄り",2026-04-25 17:03:53 JST,[],,晴,3.0,3.0,,西,0.0,1:0.00 / 2:0.00 / 3:0.00 / 4:0.00 / 5:-0.02 / 6:-0.02,1:B1 / B1 / B1 / B1 / 2:A2 / B1 / A2 / B1 / 3:B1 / B1 / B1 / B1 / 4:A1 / A1 / A1 / A1 / 5:B1 / B1 / B1 / B1 / 6:A1 / A2 / A2 / B1,1:木村光宏 / 2:水谷理人 / 3:嶋田貴支 / 4:石丸海渡 / 5:谷口佳蓮 / 6:西丸侑太,1:-勝率|+当地|-モータ|-ST / 2:-勝率|+当地|-モータ|-ST|+級別 / 3:-勝率|+当地|-モータ|-ST|-近況 / 4:+勝率|+当地|-モータ|-近況|+級別 / 5:+当地|-モータ / 6:+勝率|-モータ|+級別,1:-勝率|+当地|-モータ|-ST / 2:-勝率|+当地|-モータ|-ST|+級別 / 3:-勝率|+当地|-モータ|-ST|-近況 / 4:+勝率|+当地|-モータ|-近況|+級別 / 5:+当地|-モータ / 6:+勝率|-モータ|+級別,,,,,,,,,,2026-04-25 17:03:53 JST,,,100,,,,3連単,2,,5.24,base素材○,base素材○ / 地力上位 / 当地巧者 / 級別傾向強い / 中枠攻め候補,2026-04-25 03:59:01 JST,,0
2026-04-25,17:25,福岡,11R,11,official_all,★★★★☆,2-5-1 / 2-1-5 / 2-5-4 / 2-1-4 / 2-4-5 / 2-4-1,4.29,AI★★★★★,2-1-6 / 2-1-5 / 2-1-4 / 2-1-3 / 2-6-1 / 2-6-5,base土台◎ / 当地巧者 / 級別傾向強い / 差しやや警戒,4.32,AI★★★★★,1-3-5 / 3-1-5 / 2-1-6 / 4-3-5 / 2-1-3 / 2-1-5,見送り寄り,"朝:base土台◎ / 当地巧者 / 級別傾向強い / 差しやや警戒 / base土台を強めに保持 / 直前:風向北 / 部品交換:1,2,4,6 / 整備:チルト:1:-0.5,2:0,3:0,4:0,5:-0.5,6:0 / 部品交換:1:ピストン,リング,ピストンリング,シリンダ,キャリア,キャリアボデー,ギヤケース,電気,電気一式,キャブ,キャブレタ,シャフト,クランク,プロペラ,ペラ,2:ピストン,リング,ピストンリング,電気,4:ピストン,リング,6:ピストン,リング,ピストンリング,シリンダ,電気,電気一式,キャブ,キャブレタ,シャフト / 直前差小で朝寄り / 朝評価をやや優先 / 隊形:1逃げ本線 / 開催:2日目でやや本命寄り",2026-04-25 17:03:53 JST,[],,晴,4.0,4.0,,北,0.0,1:-0.01 / 2:-0.02 / 3:0.00 / 4:-0.02 / 5:0.00 / 6:-0.02,1:A1 / A1 / A1 / A2 / 2:A1 / A1 / A1 / A1 / 3:B1 / B1 / B1 / B1 / 4:B1 / B1 / B1 / B1 / 5:A2 / A2 / A2 / B1 / 6:A2 / A2 / A2 / A2,1:堀本和也 / 2:北山康介 / 3:池本輝明 / 4:藤丸光一 / 5:百武 翔 / 6:藤田浩人,1:-勝率|+当地|-モータ|+級別 / 2:-勝率|+当地|-モータ|+級別 / 3:-勝率|+当地|-モータ|-ST|-近況 / 4:-勝率|+当地|-モータ|-ST|-近況 / 5:+当地|-モータ|+級別 / 6:-モータ|+級別,1:-勝率|+当地|-モータ|+級別 / 2:-勝率|+当地|-モータ|+級別 / 3:-勝率|+当地|-モータ|-ST|-近況 / 4:-勝率|+当地|-モータ|-ST|-近況 / 5:+当地|-モータ|+級別 / 6:-モータ|+級別,,,,,,,,,,2026-04-25 17:03:53 JST,,,100,,,,3連単,2,,4.45,base素材○,base素材○ / 当地巧者 / 級別傾向強い,2026-04-25 03:59:01 JST,,0
2026-04-25,17:27,桐生,6R,6,official_all,★★★★★,1-2-4 / 1-4-2 / 1-2-3 / 1-4-3 / 1-3-2 / 1-3-4,6.48,AI★★★★★,1-5-4 / 1-5-2 / 1-5-3 / 1-5-6 / 1-4-5 / 1-4-2,base土台◎ / 当地巧者 / 級別傾向強い / 1号艇有利 / インやや強め,6.52,AI★★★★★,1-5-4 / 3-5-6 / 1-5-2 / 2-5-6 / 4-5-6 / 1-5-3,様子見,"朝:base土台◎ / 当地巧者 / 級別傾向強い / 1号艇有利 / インやや強め / base土台を強めに保持 / 直前:風向東 / 部品交換:2,4,5,6 / 整備:部品交換:2:ピストン,リング,ピストンリング,電気,電気一式,キャブ,キャブレタ,4:ピストン,リング,ピストンリング,シリンダ,電気,電気一式,キャブ,キャブレタ,5:ピストン,リング,ピストンリング,6:ピストン,リング,ピストンリング,シリンダ,キャリア,キャリアボデー,ギヤケース,電気,電気一式,キャブ,キャブレタ,シャフト,クランク / 直前差小で朝寄り / 朝評価をやや優先 / 開催:2日目でやや本命寄り",2026-04-25 17:03:53 JST,[],,晴,4.0,3.0,,東,0.0,1:-0.05 / 2:-0.02 / 3:0.00 / 4:-0.02 / 5:0.08 / 6:-0.02,1:A1 / A1 / A1 / A1 / 2:B1 / A2 / B1 / A1 / 3:B1 / B1 / B1 / B1 / 4:B1 / A2 / B1 / B1 / 5:B1 / B1 / B1 / B1 / 6:B2 / B2 / B2 / B1,1:豊田健士 / 2:藤生雄人 / 3:土井歩夢 / 4:川原 涼 / 5:本岡勝利 / 6:三松直美,1:-勝率|+当地|-モータ|+級別 / 2:-勝率|+当地|-モータ|-ST|+級別 / 3:-勝率|+当地|-モータ|-ST|-近況 / 4:-勝率|+当地|-モータ|-ST|-近況 / 5:+当地|-モータ / 6:-モータ|-級別,1:-勝率|+当地|-モータ|+級別 / 2:-勝率|+当地|-モータ|-ST|+級別 / 3:-勝率|+当地|-モータ|-ST|-近況 / 4:-勝率|+当地|-モータ|-ST|-近況 / 5:+当地|-モータ / 6:-モータ|-級別,,,,,,,,,,2026-04-25 17:03:53 JST,,,100,,,,3連単,2,,2.4,base素材○,base素材○ / 当地巧者 / 級別傾向強い / 1号艇有利,2026-04-25 03:59:01 JST,,0
2026-04-25,17:32,若松,6R,6,official_all,★★★★★,4-3-1 / 4-1-3 / 4-3-5 / 4-1-5 / 4-5-3 / 4-5-1,8.1,AI★★★★★,4-3-1 / 4-3-5 / 4-3-2 / 4-3-6 / 4-1-3 / 4-1-5,base土台○ / 地力上位 / 当地巧者 / 級別傾向強い / 中枠攻め候補 / 差しやや警戒,8.1,AI★★★★★,1-2-6 / 3-2-6 / 4-3-1 / 2-3-6 / 4-1-3 / 4-3-5,様子見,"朝:base土台○ / 地力上位 / 当地巧者 / 級別傾向強い / 中枠攻め候補 / 差しやや警戒 / base土台をやや保持 / 直前:部品交換:5,6 / 整備:チルト:1:-0.5,2:-0.5,3:-0.5,4:-0.5,5:-0.5,6:-0.5 / 部品交換:5:ピストン,リング,ピストンリング,電気,電気一式,6:ピストン,リング,ピストンリング,シリンダ,ギヤケース,電気,電気一式,キャブ,キャブレタ,シャフト,クランク / 直前差小で朝寄り / 朝評価をやや優先 / 隊形:1逃げ本線",2026-04-25 17:03:53 JST,[],,晴,3.0,3.0,,,0.0,1:0.01 / 2:0.01 / 3:0.00 / 4:0.00 / 5:-0.02 / 6:-0.02,1:A2 / A2 / A1 / A1 / 2:B1 / B2 / B1 / B2 / 3:A2 / A2 / A2 / A1 / 4:A1 / A1 / A1 / A1 / 5:B1 / B1 / B1 / B1 / 6:B2 / B2 / B2 / B2,1:喜井つか / 2:植木美帆 / 3:魚谷香織 / 4:三浦永理 / 5:藤田美代 / 6:赤井星璃,1:-勝率|+当地|-モータ|-ST|+級別 / 2:-勝率|+当地|-モータ|-ST|-級別 / 3:-勝率|+当地|-モータ|-ST|-近況|+級別 / 4:+勝率|+当地|-モータ|-近況|+級別 / 5:+当地|-モータ / 6:-モータ|-級別,1:-勝率|+当地|-モータ|-ST|+級別 / 2:-勝率|+当地|-モータ|-ST|-級別 / 3:-勝率|+当地|-モータ|-ST|-近況|+級別 / 4:+勝率|+当地|-モータ|-近況|+級別 / 5:+当地|-モータ / 6:-モータ|-級別,,,,,,,,,,2026-04-25 17:03:53 JST,,,100,,,,3連単,4,,4.43,base素材○,base素材○ / 地力上位 / 当地巧者 / 級別傾向強い / 中枠攻め候補,2026-04-25 03:59:01 JST,,0
2026-04-25,17:37,蒲郡,6R,6,official_all,★★★★★,6-2-1 / 6-1-2 / 6-2-3 / 6-1-3 / 6-3-2 / 6-3-1,9.24,AI★★★★★,6-1-2 / 6-1-4 / 6-1-3 / 6-1-5 / 6-2-1 / 6-2-4,base土台○ / 地力上位 / 級別傾向強い / インやや強め,9.3,AI★★★★★,1-6-5 / 6-1-2 / 6-1-4 / 3-6-5 / 2-6-5 / 6-1-3,様子見,"朝:base土台○ / 地力上位 / 級別傾向強い / インやや強め / base土台をやや保持 / 直前:気象安定 / 風向東 / 足:ST気配あり / 部品交換:2,5,6 / 足:6号艇足色良さげ / 整備:部品交換:2:ピストン,リング,ピストンリング,電気,電気一式,キャブ,キャブレタ,5:ピストン,リング,ピストンリング,6:ピストン,リング,ピストンリング,シリンダ,電気,電気一式,キャブ,キャブレタ / 直前差小で朝寄り / 朝評価をやや優先 / 隊形:6一撃注意 / 開催:2日目でやや本命寄り",2026-04-25 17:03:53 JST,[],,晴,3.0,1.0,,東,0.05,1:-0.07 / 2:-0.02 / 3:0.00 / 4:-0.01 / 5:-0.00 / 6:0.12,1:A1 / A2 / A1 / A1 / 2:A2 / A1 / A2 / B1 / 3:B1 / B1 / B1 / B1 / 4:B1 / B1 / B1 / B1 / 5:B2 / B2 / B2 / 6:A1 / A1 / A1 / A1,1:横澤剛治 / 2:田路朋史 / 3:東口 晃 / 4:福田 理 / 5:塚越陸斗 / 6:久田敏之,1:-勝率|+当地|-モータ|+級別 / 2:-勝率|+当地|-モータ|-ST|+級別 / 3:-勝率|+当地|-モータ|-ST|-近況 / 4:-勝率|+当地|-モータ|-ST|-近況 / 5:+当地|-モータ|-級別 / 6:+勝率|-モータ|+級別,1:-勝率|+当地|-モータ|+級別 / 2:-勝率|+当地|-モータ|-ST|+級別 / 3:-勝率|+当地|-モータ|-ST|-近況 / 4:-勝率|+当地|-モータ|-ST|-近況 / 5:+当地|-モータ|-級別 / 6:+勝率|-モータ|+級別,,,,,,,,,,2026-04-25 17:03:53 JST,,,100,,,,3連単,2,,5.81,base素材○,base素材○ / 地力上位 / 級別傾向強い,2026-04-25 03:59:01 JST,,0
2026-04-25,17:42,住之江,6R,6,official_all,★★★☆☆,4-2-3 / 4-3-2 / 4-2-1 / 4-3-1 / 4-1-2 / 4-1-3,2.39,AI★★★★☆,2-5-4 / 2-5-3 / 2-5-6 / 2-5-1 / 2-4-5 / 2-4-3,base土台○ / 当地巧者 / 級別傾向強い / 攻めやや注意,2.43,AI★★★☆☆,1-2-6 / 2-5-6 / 2-5-4 / 3-2-6 / 4-2-6 / 2-5-3,買い,"公式低評価AI検証 / 朝:base土台○ / 当地巧者 / 級別傾向強い / 攻めやや注意 / base土台をやや保持 / 直前:気象安定 / 足:ST気配あり / 部品交換:1,2,6 / 足:2号艇足色良さげ / 整備:部品交換:1:ピストン,リング,ピストンリング,2:ピストン,リング,ピストンリング,電気,電気一式,6:ピストン,リング,ピストンリング,シリンダ,電気,電気一式,キャブ,キャブレタ,シャフト,クランク / 直前差小で朝寄り / 朝評価をやや優先 / 隊形:2差し注意 / 1逃げ本線",2026-04-25 17:03:53 JST,[],,晴,0.0,1.0,,,0.1,1:-0.04 / 2:0.14 / 3:0.00 / 4:-0.03 / 5:-0.03 / 6:-0.01,1:B1 / B1 / B1 / B1 / 2:A1 / A2 / A2 / A2 / 3:B1 / B1 / B1 / B1 / 4:B1 / B1 / A2 / A2 / 5:B1 / B1 / B1 / B1 / 6:B2 / B2,1:宇土泰就 / 2:深川麻奈 / 3:宮村勇哉 / 4:小野寺智 / 5:泉 具巳 / 6:薗頭 心,1:-勝率|+当地|-モータ|-ST / 2:-勝率|+当地|-モータ|+級別 / 3:-勝率|+当地|-モータ|-ST|-近況 / 4:-勝率|+当地|-モータ|-ST|-近況 / 5:+当地|-モータ / 6:-モータ|-級別,1:-勝率|+当地|-モータ|-ST / 2:-勝率|+当地|-モータ|+級別 / 3:-勝率|+当地|-モータ|-ST|-近況 / 4:-勝率|+当地|-モータ|-ST|-近況 / 5:+当地|-モータ / 6:-モータ|-級別,,,,,,,,,,2026-04-25 17:03:53 JST,,,100,,,,3連単,3,,0.14,base素材危険,base素材危険 / 当地巧者 / 級別傾向強い,2026-04-25 03:59:01 JST,,0
2026-04-25,17:47,丸亀,6R,6,official_all,★★★☆☆,5-3-1 / 5-1-3 / 5-3-4 / 5-1-4 / 5-4-3 / 5-4-1,9.71,AI★★★★★,5-6-1 / 5-6-3 / 5-6-4 / 5-6-2 / 5-1-6 / 5-1-3,base土台○ / 地力上位 / 当地巧者 / 級別傾向強い / 攻めやや注意,9.74,AI★★★★★,1-3-2 / 3-1-2 / 1-3-5 / 5-6-2 / 5-6-3 / 5-6-1,様子見,"公式低評価AI検証 / 朝:base土台○ / 地力上位 / 当地巧者 / 級別傾向強い / 攻めやや注意 / base土台をやや保持 / 直前:風向西 / 部品交換:5,6 / 整備:部品交換:5:ピストン,リング,ピストンリング,電気,電気一式,キャブ,キャブレタ,6:ピストン,リング,ピストンリング,シリンダ,キャリア,キャリアボデー,ギヤケース,電気,電気一式,キャブ,キャブレタ,シャフト,クランク / 直前差小で朝寄り / 朝評価をやや優先 / 隊形:1逃げ本線 / 開催:2日目でやや本命寄り",2026-04-25 17:03:53 JST,[],,晴,3.0,3.0,,西,0.0,1:0.00 / 2:0.00 / 3:0.00 / 4:0.00 / 5:-0.02 / 6:-0.02,1:A2 / A2 / A2 / A2 / 2:B1 / B1 / B1 / B1 / 3:A1 / B1 / B2 / B2 / 4:B1 / B1 / B1 / B1 / 5:A1 / A1 / A1 / A1 / 6:B1 / B1 / B1 / B1,1:中越博紀 / 2:塩田雄一 / 3:中村桃佳 / 4:西原明生 / 5:片岡雅裕 / 6:下田哲也,1:-勝率|+当地|-モータ|-ST|+級別 / 2:-勝率|+当地|-モータ|-ST / 3:-勝率|+当地|-モータ|-近況|+級別 / 4:-勝率|+当地|-モータ|-ST|-近況 / 5:+勝率|+当地|-モータ|+級別 / 6:-モータ,1:-勝率|+当地|-モータ|-ST|+級別 / 2:-勝率|+当地|-モータ|-ST / 3:-勝率|+当地|-モータ|-近況|+級別 / 4:-勝率|+当地|-モータ|-ST|-近況 / 5:+勝率|+当地|-モータ|+級別 / 6:-モータ,,,,,,,,,,2026-04-25 17:03:53 JST,,,100,,,,3連単,2,,4.57,base素材○,base素材○ / 地力上位 / 当地巧者 / 級別傾向強い,2026-04-25 03:59:01 JST,,0
2026-04-25,17:52,桐生,7R,7,official_all,★★★☆☆,1-3-5 / 1-5-3 / 1-3-2 / 1-5-2 / 1-2-3 / 1-2-5,6.3,AI★★★★★,1-6-5 / 1-6-3 / 1-6-4 / 1-6-2 / 1-5-6 / 1-5-3,base土台◎ / 当地巧者 / 級別傾向強い / 1号艇有利 / インやや強め,6.33,AI★★★★★,1-6-5 / 3-1-2 / 1-6-3 / 2-3-5 / 4-3-2 / 1-6-2,様子見,"公式低評価AI検証 / 朝:base土台◎ / 当地巧者 / 級別傾向強い / 1号艇有利 / インやや強め / base土台を強めに保持 / 直前:風向東 / 部品交換:1,4,5,6 / 整備:部品交換:1:ピストン,リング,ピストンリング,電気,電気一式,キャブ,キャブレタ,4:ピストン,リング,ピストンリング,シリンダ,電気,電気一式,キャブ,キャブレタ,5:ピストン,リング,ピストンリング,6:ピストン,リング,ピストンリング,シリンダ,キャリア,キャリアボデー,ギヤケース,電気,電気一式,キャブ,キャブレタ,シャフト,クランク / 直前差小で朝寄り / 朝評価をやや優先 / 隊形:1逃げ本線 / 開催:2日目でやや本命寄り",2026-04-25 17:03:53 JST,[],,晴,4.0,3.0,,東,0.0,1:-0.02 / 2:0.00 / 3:0.00 / 4:-0.02 / 5:-0.02 / 6:-0.02,1:A1 / A1 / A1 / A1 / 2:B1 / B1 / A2 / B1 / 3:A2 / B1 / B1 / B1 / 4:B1 / B1 / B1 / B1 / 5:B1 / B1 / B1 / B1 / 6:B1 / B1 / B1 / B1,1:重木輝彦 / 2:山崎昂介 / 3:都築正治 / 4:上村慎太 / 5:岡部貴司 / 6:品川賢次,1:-勝率|+当地|-モータ|+級別 / 2:-勝率|+当地|-モータ|-ST / 3:-勝率|+当地|-モータ|-ST|-近況|+級別 / 4:-勝率|+当地|-モータ|-ST|-近況 / 5:+当地|-モータ / 6:-モータ,1:-勝率|+当地|-モータ|+級別 / 2:-勝率|+当地|-モータ|-ST / 3:-勝率|+当地|-モータ|-ST|-近況|+級別 / 4:-勝率|+当地|-モータ|-ST|-近況 / 5:+当地|-モータ / 6:-モータ,,,,,,,,,,2026-04-25 17:03:53 JST,,,100,,,,3連単,2,,2.56,base素材○,base素材○ / 当地巧者 / 級別傾向強い / 1号艇有利,2026-04-25 03:59:01 JST,,0
2026-04-25,17:58,若松,7R,7,official_all,★☆☆☆☆,4-1-3 / 4-3-1 / 4-1-6 / 4-3-6 / 4-6-1 / 4-6-3,0.85,AI★★☆☆☆,4-6-3 / 4-6-5 / 4-6-1 / 4-6-2 / 4-3-6 / 4-3-5,base危険 / 当地巧者 / 級別傾向強い / 中枠攻め候補 / 差しやや警戒,0.87,AI★★☆☆☆,1-4-3 / 4-6-3 / 4-3-6 / 3-4-6 / 2-4-3 / 4-6-5,見送り寄り,"公式低評価AI検証 / 朝:base危険 / 当地巧者 / 級別傾向強い / 中枠攻め候補 / 差しやや警戒 / base危険で買い上げ抑制 / 直前:風向西 / 足:ST気配あり / 部品交換:3,5,6 / 足:4号艇足色良さげ / 整備:部品交換:3:ピストン,5:ピストン,リング,ピストンリング,電気,電気一式,キャブ,キャブレタ,6:ピストン,リング,ピストンリング,シリンダ,キャリア,キャリアボデー,ギヤケース,電気,電気一式,キャブ,キャブレタ,シャフト,クランク / 直前差小で朝寄り / 隊形:4攻め注意",2026-04-25 17:03:53 JST,[],,晴,3.0,3.0,,西,0.0,1:-0.11 / 2:0.00 / 3:0.01 / 4:0.15 / 5:-0.02 / 6:-0.02,1:A2 / B1 / B1 / B1 / 2:B1 / B2 / B1 / B1 / 3:A2 / A2 / B1 / A2 / 4:A2 / B1 / A2 / A2 / 5:B1 / B1 / B1 / B1 / 6:B1 / B1 / B1 / A2,1:柴田百恵 / 2:田村美和 / 3:西村 歩 / 4:落合直子 / 5:池 千夏 / 6:犬童千秋,1:-勝率|+当地|-モータ|-ST|+級別 / 2:-勝率|+当地|-モータ|-ST|-級別 / 3:-勝率|+当地|-モータ|-ST|-近況|+級別 / 4:-勝率|+当地|-モータ|-近況|+級別 / 5:+当地|-モータ / 6:-モータ,1:-勝率|+当地|-モータ|-ST|+級別 / 2:-勝率|+当地|-モータ|-ST|-級別 / 3:-勝率|+当地|-モータ|-ST|-近況|+級別 / 4:-勝率|+当地|-モータ|-近況|+級別 / 5:+当地|-モータ / 6:-モータ,,,,,,,,,,2026-04-25 17:03:53 JST,,,100,,,,3連単,4,,-0.07,base素材危険,base素材危険 / 当地巧者 / 級別傾向強い / 中枠攻め候補,2026-04-25 03:59:01 JST,,0
2026-04-25,18:00,福岡,12R,12,official_all,★★☆☆☆,1-3-5 / 1-5-3 / 1-3-4 / 1-5-4 / 1-4-3 / 1-4-5,5.23,AI★★★★★,4-3-1 / 4-3-5 / 4-3-2 / 4-3-6 / 4-1-3 / 4-1-5,base土台○ / 地力上位 / 当地巧者 / 級別傾向強い / 中枠攻め候補 / 差しやや警戒,5.26,AI★★★★★,1-3-2 / 4-3-1 / 4-3-5 / 3-1-2 / 2-1-5 / 4-1-3,様子見,"公式低評価AI検証 / 朝:base土台○ / 地力上位 / 当地巧者 / 級別傾向強い / 中枠攻め候補 / 差しやや警戒 / base土台をやや保持 / 直前:部品交換:5,6 / 整備:部品交換:5:ピストン,リング,ピストンリング,電気,電気一式,キャブ,キャブレタ,6:ピストン,リング,ピストンリング,シリンダ,キャリア,キャリアボデー,ギヤケース,電気,電気一式,キャブ,キャブレタ,シャフト,クランク / 直前差小で朝寄り / 朝評価をやや優先 / 隊形:1逃げ本線 / 開催:2日目でやや本命寄り",2026-04-25 17:03:53 JST,[],,晴,4.0,4.0,,,0.0,1:0.00 / 2:0.00 / 3:0.00 / 4:0.00 / 5:-0.02 / 6:-0.02,1:A1 / A1 / A1 / A1 / 2:A1 / A1 / A2 / B1 / 3:A1 / A1 / A1 / A1 / 4:A1 / A1 / A1 / A1 / 5:A2 / A1 / A2 / A1 / 6:B1 / A2 / B1 / B1,1:篠崎元志 / 2:中野希一 / 3:大上卓人 / 4:杉山裕也 / 5:安達裕樹 / 6:大賀龍之,1:+別格|-勝率|+当地|-モータ|+級別 / 2:-勝率|+当地|-モータ|+級別 / 3:-勝率|+当地|-モータ|-近況|+級別 / 4:+勝率|+当地|-モータ|-近況|+級別 / 5:+当地|-モータ|+級別 / 6:-モータ,1:+別格|-勝率|+当地|-モータ|+級別 / 2:-勝率|+当地|-モータ|+級別 / 3:-勝率|+当地|-モータ|-近況|+級別 / 4:+勝率|+当地|-モータ|-近況|+級別 / 5:+当地|-モータ|+級別 / 6:-モータ,,,,,,,,,,2026-04-25 17:03:53 JST,,,100,,,,3連単,2,,6.32,base素材○,base素材○ / 地力上位 / 当地巧者 / 級別傾向強い / 中枠攻め候補,2026-04-25 03:59:01 JST,,0
2026-04-25,18:04,蒲郡,7R,7,official_all,★★★★★,3-1-5 / 3-5-1 / 3-1-4 / 3-5-4 / 3-4-1 / 3-4-5,4.72,AI★★★★★,1-4-3 / 1-4-5 / 1-4-6 / 1-4-2 / 1-3-4 / 1-3-5,base土台◎ / 当地巧者 / 級別傾向強い / 1号艇有利 / インやや強め,4.76,AI★★★★★,1-4-3 / 1-4-5 / 1-4-6 / 3-1-2 / 2-1-3 / 2-3-1,様子見,"朝:base土台◎ / 当地巧者 / 級別傾向強い / 1号艇有利 / インやや強め / base土台を強めに保持 / 直前:気象安定 / 風向西 / 部品交換:5,6 / 整備:部品交換:5:ピストン,リング,ピストンリング,電気,電気一式,キャブ,キャブレタ,6:ピストン,リング,ピストンリング,シリンダ,キャリア,キャリアボデー,ギヤケース,電気,電気一式,キャブ,キャブレタ,シャフト,クランク / 直前差小で朝寄り / 朝評価をやや優先 / 隊形:1逃げ本線 / 2差し注意 / 開催:2日目でやや本命寄り",2026-04-25 17:03:53 JST,[],,晴,3.0,1.0,,西,0.05,1:0.04 / 2:0.00 / 3:0.00 / 4:-0.01 / 5:-0.03 / 6:-0.03,1:A1 / A1 / A1 / A1 / 2:B2 / B1 / B2 / B2 / 3:A1 / A2 / A2 / B1 / 4:A2 / A1 / A1 / A1 / 5:B1 / B1 / B1 / B1 / 6:B2 / B2,1:金子拓矢 / 2:宮崎心之 / 3:西野雄貴 / 4:島田賢人 / 5:加藤 翔,1:-勝率|+当地|-モータ|+級別 / 2:-勝率|+当地|-モータ|-ST|-級別 / 3:-勝率|+当地|-モータ|-近況|+級別 / 4:-勝率|+当地|-モータ|-近況|+級別 / 5:+当地|-モータ / 6:-モータ|-級別,1:-勝率|+当地|-モータ|+級別 / 2:-勝率|+当地|-モータ|-ST|-級別 / 3:-勝率|+当地|-モータ|-近況|+級別 / 4:-勝率|+当地|-モータ|-近況|+級別 / 5:+当地|-モータ / 6:-モータ|-級別,,,,,,,,,,2026-04-25 17:03:53 JST,,,100,,,,3連単,2,,4.03,base素材○,base素材○ / 当地巧者 / 級別傾向強い / 1号艇有利,2026-04-25 03:59:01 JST,,0
2026-04-25,18:10,住之江,7R,7,official_all,★★★★★,2-4-3 / 2-3-4 / 2-4-1 / 2-3-1 / 2-1-4 / 2-1-3,8.59,AI★★★★★,4-2-3 / 4-2-5 / 4-2-1 / 4-2-6 / 4-3-2 / 4-3-5,base土台○ / 地力上位 / 当地巧者 / 級別傾向強い / 中枠攻め候補 / 攻めやや注意,8.63,AI★★★★★,1-2-5 / 2-1-5 / 1-2-3 / 4-2-1 / 4-2-5 / 4-2-3,買い,"朝:base土台○ / 地力上位 / 当地巧者 / 級別傾向強い / 中枠攻め候補 / 攻めやや注意 / base土台をやや保持 / 直前:気象安定 / 足:ST気配あり / 部品交換:3,4,5,6 / 足:2号艇足色良さげ / 整備:部品交換:3:ピストン,リング,ピストンリング,シリンダ,キャリア,キャリアボデー,ギヤケース,電気,電気一式,キャブ,キャブレタ,シャフト,クランク,4:ピストン,リング,ピストンリング,シリンダ,キャリア,キャリアボデー,ギヤケース,電気,電気一式,キャブ,キャブレタ,シャフト,クランク,プロペラ,ペラ,5:ピストン,リング,ピストンリング,6:ピストン,リング,ピストンリング,シリンダ,電気,電気一式,キャブ,キャブレタ,シャフト,クランク / 直前差小で朝寄り / 朝評価をやや優先 / 隊形:2差し注意 / 1逃げ本線",2026-04-25 17:03:53 JST,[],,晴,0.0,1.0,,,0.1,1:0.08 / 2:0.15 / 3:-0.02 / 4:-0.15 / 5:-0.01 / 6:-0.04,1:B1 / B1 / B1 / B1 / 2:A2 / A2 / A2 / A1 / 3:B1 / A2 / A2 / B1 / 4:A1 / A1 / A1 / A1 / 5:B1 / B2 / B1 / B1 / 6:B2 / B2 / B2 / B2,1:守屋大地 / 2:村松修二 / 3:松下直也 / 4:永井 源 / 5:越智照浩 / 6:出口舞有,1:-勝率|+当地|-モータ|-ST / 2:-勝率|+当地|-モータ|-ST|+級別 / 3:-勝率|+当地|-モータ|-ST|-近況|+級別 / 4:+勝率|+当地|-モータ|-近況|+級別 / 5:+当地|-モータ|-級別 / 6:-モータ|-級別,1:-勝率|+当地|-モータ|-ST / 2:-勝率|+当地|-モータ|-ST|+級別 / 3:-勝率|+当地|-モータ|-ST|-近況|+級別 / 4:+勝率|+当地|-モータ|-近況|+級別 / 5:+当地|-モータ|-級別 / 6:-モータ|-級別,,,,,,,,,,2026-04-25 17:03:53 JST,,,100,,,,3連単,3,,3.99,base素材○,base素材○ / 地力上位 / 当地巧者 / 級別傾向強い / 中枠攻め候補,2026-04-25 03:59:01 JST,,0
2026-04-25,18:16,丸亀,7R,7,official_all,★☆☆☆☆,1-3-6 / 1-6-3 / 1-3-5 / 1-6-5 / 1-5-3 / 1-5-6,8.63,AI★★★★★,6-3-5 / 6-3-1 / 6-3-4 / 6-3-2 / 6-5-3 / 6-5-1,base保留 / 地力上位 / 級別傾向強い / 攻めやや注意,8.67,AI★★★★★,1-2-5 / 1-2-6 / 1-3-2 / 6-3-2 / 6-3-5 / 6-3-1,様子見,"公式低評価AI検証 / 朝:base保留 / 地力上位 / 級別傾向強い / 攻めやや注意 / base保留で買い上げ慎重 / 直前:部品交換:5,6 / 足:1号艇足色良さげ / 整備:部品交換:5:ピストン,リング,ピストンリング,電気,電気一式,キャブ,キャブレタ,6:ピストン / 直前差小で朝寄り / 朝評価をやや優先 / 隊形:1逃げ本線 / 開催:2日目でやや本命寄り",2026-04-25 17:03:53 JST,[],,晴,3.0,3.0,,,0.0,1:0.10 / 2:0.00 / 3:0.00 / 4:0.00 / 5:-0.02 / 6:-0.02,1:A2 / A2 / A2 / A2 / 2:B1 / B1 / B1 / B1 / 3:A1 / A1 / A2 / A1 / 4:B1 / B2 / B1 / B1 / 5:B1 / A2 / B1 / A2 / 6:A1 / A1 / A1 / A1,1:秋山広一 / 2:松下知幸 / 3:松尾夏海 / 4:中岡健人 / 5:嶋 義信 / 6:中村日向,1:-勝率|+当地|-モータ|-ST|+級別 / 2:-勝率|+当地|-モータ|-ST / 3:-勝率|+当地|-モータ|-近況|+級別 / 4:-勝率|+当地|-モータ|-ST|-近況|-級別 / 5:+当地|-モータ / 6:+勝率|-モータ|+級別,1:-勝率|+当地|-モータ|-ST|+級別 / 2:-勝率|+当地|-モータ|-ST / 3:-勝率|+当地|-モータ|-近況|+級別 / 4:-勝率|+当地|-モータ|-ST|-近況|-級別 / 5:+当地|-モータ / 6:+勝率|-モータ|+級別,,,,,,,,,,2026-04-25 17:03:53 JST,,,100,,,,3連単,2,,6.18,base素材○,base素材○ / 地力上位 / 級別傾向強い,2026-04-25 03:59:01 JST,,0
2026-04-25,18:22,桐生,8R,8,official_all,★★★★★,1-5-6 / 1-6-5 / 1-5-4 / 1-6-4 / 1-4-5 / 1-4-6,5.97,AI★★★★★,1-5-6 / 1-5-4 / 1-5-3 / 1-5-2 / 1-6-5 / 1-6-4,base土台◎ / 当地巧者 / 級別傾向強い / 1号艇有利 / インやや強め,6.01,AI★★★★★,1-5-6 / 3-5-1 / 1-5-3 / 2-3-5 / 4-3-5 / 1-5-4,買い,"朝:base土台◎ / 当地巧者 / 級別傾向強い / 1号艇有利 / インやや強め / base土台を強めに保持 / 直前:風向東 / 部品交換:2,3,4,6 / 整備:部品交換:2:ピストン,リング,ピストンリング,3:ピストン,リング,ピストンリング,電気,電気一式,4:ピストン,リング,ピストンリング,シリンダ,キャリア,キャリアボデー,ギヤケース,電気,電気一式,キャブ,キャブレタ,シャフト,クランク,6:ピストン,リング,ピストンリング,シリンダ,電気,電気一式,キャブ,キャブレタ,シャフト,クランク / 直前差小で朝寄り / 朝評価をやや優先 / 隊形:3攻め注意 / 開催:2日目でやや本命寄り",2026-04-25 17:03:53 JST,[],,晴,4.0,3.0,,東,0.0,1:0.00 / 2:-0.02 / 3:0.08 / 4:-0.02 / 5:0.00 / 6:-0.07,1:A1 / A1 / A1 / A1 / 2:B1 / B1 / B1 / B1 / 3:B1 / B1 / B1 / B1 / 4:B1 / B1 / B1 / B2 / 5:A2 / A2 / B1 / B1 / 6:B1 / B1 / B1 / A2,1:畑田汰一 / 2:増田 進 / 3:佐藤駿介 / 4:谷本幸司,1:-勝率|+当地|-モータ|+級別 / 2:-勝率|+当地|-モータ|-ST / 3:-勝率|+当地|-モータ|-ST|-近況 / 4:-勝率|+当地|-モータ|-ST|-近況|-級別 / 5:+当地|-モータ|+級別 / 6:-モータ,1:-勝率|+当地|-モータ|+級別 / 2:-勝率|+当地|-モータ|-ST / 3:-勝率|+当地|-モータ|-ST|-近況 / 4:-勝率|+当地|-モータ|-ST|-近況|-級別 / 5:+当地|-モータ|+級別 / 6:-モータ,,,,,,,,,,2026-04-25 17:03:53 JST,,,100,,,,3連単,2,,3.12,base素材○,base素材○ / 当地巧者 / 級別傾向強い / 1号艇有利,2026-04-25 03:59:01 JST,,0
2026-04-25,18:28,若松,8R,8,official_all,★★☆☆☆,3-1-2 / 3-2-1 / 3-1-6 / 3-2-6 / 3-6-1 / 3-6-2,0.49,AI★★☆☆☆,1-3-6 / 1-3-5 / 1-3-2 / 1-3-4 / 1-6-3 / 1-6-5,base土台○ / 当地巧者 / 級別傾向強い / 1号艇有利,0.5,AI★☆☆☆☆,1-3-6 / 4-2-5 / 1-3-5 / 3-4-5 / 2-4-5 / 1-3-4,見送り寄り,"公式低評価AI検証 / 朝:base土台○ / 当地巧者 / 級別傾向強い / 1号艇有利 / base土台をやや保持 / 直前:部品交換:1,2,4,6 / 整備:部品交換:1:ピストン,リング,ピストンリング,電気,電気一式,2:ピストン,リング,ピストンリング,シリンダ,キャリア,キャリアボデー,ギヤケース,電気,電気一式,キャブ,キャブレタ,シャフト,クランク,4:ピストン,リング,ピストンリング,6:ピストン,リング,ピストンリング,シリンダ,電気,電気一式,キャブ,キャブレタ,シャフト,クランク / 直前差小で朝寄り / 朝評価をやや優先 / 隊形:1逃げ本線 / 4攻め注意",2026-04-25 17:03:53 JST,[],,晴,3.0,3.0,,,0.0,1:-0.02 / 2:-0.02 / 3:0.00 / 4:0.05 / 5:0.00 / 6:-0.02,1:A1 / A2 / B1 / A2 / 2:A2 / B1 / A2 / B1 / 3:A1 / A2 / B1 / B2 / 4:B1 / B1 / B1 / B1 / 5:B1 / B1 / B1 / B1 / 6:B1 / B1 / A2 / B1,1:米丸乃絵 / 2:津田裕絵 / 3:小芦るり / 4:神里琴音 / 5:加藤奈月 / 6:松瀬弘美,1:-勝率|+当地|-モータ|+級別 / 2:-勝率|+当地|-モータ|-ST|+級別 / 3:-勝率|+当地|-モータ|-近況|+級別 / 4:-勝率|+当地|-モータ|-ST|-近況 / 5:+当地|-モータ / 6:-モータ,1:-勝率|+当地|-モータ|+級別 / 2:-勝率|+当地|-モータ|-ST|+級別 / 3:-勝率|+当地|-モータ|-近況|+級別 / 4:-勝率|+当地|-モータ|-ST|-近況 / 5:+当地|-モータ / 6:-モータ,,,,,,,,,,2026-04-25 17:03:53 JST,,,100,,,,3連単,4,,-0.0,base素材危険,base素材危険 / 当地巧者 / 級別傾向強い / 1号艇有利,2026-04-25 03:59:01 JST,,0
2026-04-25,18:34,蒲郡,8R,8,official_all,★★★★★,4-1-6 / 4-6-1 / 4-1-5 / 4-6-5 / 4-5-1 / 4-5-6,7.37,AI★★★★★,4-6-1 / 4-6-5 / 4-6-2 / 4-6-3 / 4-1-6 / 4-1-5,base土台◎ / 地力上位 / 当地巧者 / 級別傾向強い / 中枠攻め候補 / インやや強め,7.42,AI★★★★★,1-5-2 / 1-5-6 / 1-5-4 / 4-1-5 / 4-6-1 / 4-6-5,様子見,"朝:base土台◎ / 地力上位 / 当地巧者 / 級別傾向強い / 中枠攻め候補 / インやや強め / base土台を強めに保持 / 直前:気象安定 / 風向西 / 足:ST気配あり / 部品交換:1,5,6 / 足:5号艇足色良さげ / 整備:部品交換:1:ピストン,リング,ピストンリング,電気,電気一式,キャブ,キャブレタ,5:ピストン,リング,ピストンリング,6:ピストン,リング,ピストンリング,シリンダ,キャリア,キャリアボデー,ギヤケース,電気,電気一式,キャブ,キャブレタ,シャフト,クランク / 直前差小で朝寄り / 朝評価をやや優先 / 隊形:1逃げ本線 / 5一撃注意 / 開催:2日目でやや本命寄り",2026-04-25 17:03:53 JST,[],,晴,3.0,1.0,,西,0.05,1:0.05 / 2:0.00 / 3:-0.11 / 4:-0.01 / 5:0.12 / 6:-0.03,1:A2 / A2 / A1 / A1 / 2:B1 / B1 / B1 / B1 / 3:B2 / B2 / B2 / B2 / 4:A1 / A1 / A1 / A1 / 5:B1 / B1 / B1 / B1 / 6:A2 / A2 / A2 / A2,1:石田章央 / 2:宮野 仁 / 3:根岸真優 / 4:吉田拡郎 / 5:西尾亮輔 / 6:清埜翔子,1:-勝率|+当地|-モータ|-ST|+級別 / 2:-勝率|+当地|-モータ|-ST / 3:-勝率|+当地|-モータ|-ST|-近況|-級別 / 4:+勝率|+当地|-モータ|-近況|+級別 / 5:+当地|-モータ / 6:-モータ|+級別,1:-勝率|+当地|-モータ|-ST|+級別 / 2:-勝率|+当地|-モータ|-ST / 3:-勝率|+当地|-モータ|-ST|-近況|-級別 / 4:+勝率|+当地|-モータ|-近況|+級別 / 5:+当地|-モータ / 6:-モータ|+級別,,,,,,,,,,2026-04-25 17:03:53 JST,,,100,,,,3連単,2,,4.98,base素材○,base素材○ / 地力上位 / 当地巧者 / 級別傾向強い / 中枠攻め候補,2026-04-25 03:59:01 JST,,0
2026-04-25,18:40,住之江,8R,8,official_all,★☆☆☆☆,3-5-6 / 3-6-5 / 3-5-2 / 3-6-2 / 3-2-5 / 3-2-6,6.66,AI★★★★★,5-3-6 / 5-3-4 / 5-3-2 / 5-3-1 / 5-6-3 / 5-6-4,base土台○ / 地力上位 / 当地巧者 / 級別傾向強い / 攻めやや注意,6.68,AI★★★★★,1-3-2 / 3-1-2 / 5-3-6 / 2-1-6 / 5-3-2 / 5-3-1,様子見,"公式低評価AI検証 / 朝:base土台○ / 地力上位 / 当地巧者 / 級別傾向強い / 攻めやや注意 / base土台をやや保持 / 直前:気象安定 / 部品交換:1,5,6 / 整備:部品交換:1:ピストン,5:ピストン,リング,ピストンリング,電気,電気一式,キャブ,キャブレタ,6:ピストン,リング,ピストンリング,シリンダ,キャリア,キャリアボデー,ギヤケース,電気,電気一式,キャブ,キャブレタ,シャフト,クランク / 直前差小で朝寄り / 朝評価をやや優先 / 隊形:1逃げ本線",2026-04-25 17:03:53 JST,[],,晴,0.0,1.0,,,0.1,1:0.06 / 2:0.00 / 3:0.00 / 4:-0.03 / 5:-0.04 / 6:-0.04,1:B1 / B1 / B1 / B1 / 2:B1 / B1 / B1 / B1 / 3:A2 / A2 / A2 / A1 / 4:B1 / B1 / B1 / B1 / 5:A1 / A2 / A1 / A1 / 6:B1 / B1 / A2 / B1,1:幸田智裕 / 2:上之晃弘 / 3:照屋厚仁 / 4:島田一生 / 5:河村 了 / 6:岡部大輝,1:-勝率|+当地|-モータ|-ST / 2:-勝率|+当地|-モータ|-ST / 3:-勝率|+当地|-モータ|-ST|-近況|+級別 / 4:-勝率|+当地|-モータ|-ST|-近況 / 5:+勝率|+当地|-モータ|+級別 / 6:-モータ,1:-勝率|+当地|-モータ|-ST / 2:-勝率|+当地|-モータ|-ST / 3:-勝率|+当地|-モータ|-ST|-近況|+級別 / 4:-勝率|+当地|-モータ|-ST|-近況 / 5:+勝率|+当地|-モータ|+級別 / 6:-モータ,,,,,,,,,,2026-04-25 17:03:53 JST,,,100,,,,3連単,3,,3.51,base素材○,base素材○ / 地力上位 / 当地巧者 / 級別傾向強い,2026-04-25 03:59:01 JST,,0
2026-04-25,18:46,丸亀,8R,8,official_all,★★☆☆☆,1-4-2 / 1-2-4 / 1-4-5 / 1-2-5 / 1-5-4 / 1-5-2,5.66,AI★★★★★,1-4-5 / 1-4-2 / 1-4-6 / 1-4-3 / 1-5-4 / 1-5-2,base土台◎ / 当地巧者 / 級別傾向強い / 1号艇有利 / 攻めやや注意,5.69,AI★★★★★,1-4-5 / 3-5-6 / 1-4-2 / 2-3-5 / 4-3-5 / 1-4-3,買い,"公式低評価AI検証 / 朝:base土台◎ / 当地巧者 / 級別傾向強い / 1号艇有利 / 攻めやや注意 / base土台を強めに保持 / 直前:風向西 / 部品交換:2,3,4,6 / 整備:部品交換:2:ピストン,リング,ピストンリング,電気,電気一式,3:ピストン,リング,ピストンリング,4:ピストン,リング,ピストンリング,シリンダ,キャリア,キャリアボデー,ギヤケース,電気,電気一式,キャブ,キャブレタ,シャフト,クランク,プロペラ,ペラ,6:ピストン,リング,ピストンリング,シリンダ,電気,電気一式,キャブ,キャブレタ,シャフト,クランク / 直前差小で朝寄り / 朝評価をやや優先 / 開催:2日目でやや本命寄り",2026-04-25 17:03:53 JST,[],,晴,3.0,3.0,,西,0.0,1:0.00 / 2:-0.02 / 3:0.02 / 4:-0.07 / 5:0.00 / 6:-0.02,1:A1 / A1 / A1 / A1 / 2:A2 / B1 / A2 / A2 / 3:B1 / B1 / B1 / B1 / 4:A2 / A2 / A2 / B1 / 5:B1 / B1 / B1 / B1 / 6:B1 / B1 / B1 / B2,1:中田元泰 / 2:村越 篤 / 3:大西隆洋 / 4:山田理央 / 5:谷口知優 / 6:大廣咲季,1:-勝率|+当地|-モータ|+級別 / 2:-勝率|+当地|-モータ|-ST|+級別 / 3:-勝率|+当地|-モータ|-ST|-近況 / 4:-勝率|+当地|-モータ|-近況|+級別 / 5:+当地|-モータ / 6:-モータ|-級別,1:-勝率|+当地|-モータ|+級別 / 2:-勝率|+当地|-モータ|-ST|+級別 / 3:-勝率|+当地|-モータ|-ST|-近況 / 4:-勝率|+当地|-モータ|-近況|+級別 / 5:+当地|-モータ / 6:-モータ|-級別,,,,,,,,,,2026-04-25 17:03:53 JST,,,100,,,,3連単,2,,2.94,base素材○,base素材○ / 当地巧者 / 級別傾向強い / 1号艇有利,2026-04-25 03:59:01 JST,,0
2026-04-25,18:52,桐生,9R,9,official_all,★★★★★,2-4-3 / 2-3-4 / 2-4-5 / 2-3-5 / 2-5-4 / 2-5-3,0.56,AI★★☆☆☆,4-2-3 / 4-2-6 / 4-2-5 / 4-2-1 / 4-3-2 / 4-3-6,base危険 / 当地巧者 / 中枠攻め候補 / インやや強め,0.61,AI★☆☆☆☆,1-5-3 / 1-5-6 / 1-5-2 / 4-2-6 / 4-2-5 / 4-2-3,見送り寄り,"朝:base危険 / 当地巧者 / 中枠攻め候補 / インやや強め / base危険で買い上げ抑制 / 直前:風向東 / 足:ST気配あり / 部品交換:3,5,6 / 足:5号艇足色良さげ / 整備:部品交換:3:ピストン,リング,ピストンリング,電気,電気一式,キャブ,キャブレタ,5:ピストン,リング,ピストンリング,6:ピストン,リング,ピストンリング,シリンダ,電気,電気一式,キャブ,キャブレタ / 直前差小で朝寄り / 隊形:5一撃注意 / 開催:2日目でやや本命寄り",2026-04-25 17:03:53 JST,[],,晴,4.0,3.0,,東,0.0,1:0.00 / 2:0.00 / 3:0.01 / 4:-0.11 / 5:0.14 / 6:-0.02,1:B2 / B2 / B2 / B2 / 2:A2 / B1 / B1 / B1 / 3:B1 / B1 / B1 / B1 / 4:A2 / B1 / B1 / B1 / 5:B1 / B2 / B2 / B2 / 6:B1 / B2 / B2 / B2,1:田中瀬里 / 2:藤原早菜 / 3:福島陽子 / 4:大橋栄里 / 5:高木茉白 / 6:石村日奈,1:-勝率|+当地|-モータ|-ST|-級別 / 2:-勝率|+当地|-モータ|-ST|+級別 / 3:-勝率|+当地|-モータ|-ST|-近況 / 4:-勝率|+当地|-モータ|-近況|+級別 / 5:+当地|-モータ|-級別 / 6:-モータ|-級別,1:-勝率|+当地|-モータ|-ST|-級別 / 2:-勝率|+当地|-モータ|-ST|+級別 / 3:-勝率|+当地|-モータ|-ST|-近況 / 4:-勝率|+当地|-モータ|-近況|+級別 / 5:+当地|-モータ|-級別 / 6:-モータ|-級別,,,,,,,,,,2026-04-25 17:03:53 JST,,,100,,,,3連単,2,,-1.92,base素材危険,base素材危険 / 当地巧者 / 中枠攻め候補,2026-04-25 03:59:01 JST,,0
2026-04-25,18:58,若松,9R,9,official_all,★★★★★,1-3-5 / 1-5-3 / 1-3-2 / 1-5-2 / 1-2-3 / 1-2-5,8.34,AI★★★★★,5-1-3 / 5-1-2 / 5-1-4 / 5-1-6 / 5-3-1 / 5-3-2,base土台○ / 地力上位 / 当地巧者 / 級別傾向強い / 差しやや警戒,8.34,AI★★★★★,1-3-6 / 3-4-6 / 4-3-6 / 5-1-2 / 5-1-3 / 5-1-4,様子見,"朝:base土台○ / 地力上位 / 当地巧者 / 級別傾向強い / 差しやや警戒 / base土台をやや保持 / 直前:風向西 / 部品交換:1,2,5,6 / 整備:部品交換:1:ピストン,リング,ピストンリング,シリンダ,キャリア,キャリアボデー,ギヤケース,電気,電気一式,キャブ,キャブレタ,シャフト,クランク,2:ピストン,リング,ピストンリング,シリンダ,キャリア,キャリアボデー,ギヤケース,電気,電気一式,キャブ,キャブレタ,シャフト,クランク,プロペラ,ペラ,5:ピストン,リング,ピストンリング,6:ピストン,リング,ピストンリング,シリンダ,電気,電気一式,キャブ,キャブレタ,シャフト,クランク / 直前差小で朝寄り / 朝評価をやや優先",2026-04-25 17:03:53 JST,[],,晴,3.0,3.0,,西,0.0,1:-0.02 / 2:-0.02 / 3:0.00 / 4:0.00 / 5:-0.02 / 6:-0.02,1:A1 / A1 / A1 / A1 / 2:B1 / B1 / B1 / B1 / 3:A2 / A1 / A1 / B1 / 4:B1 / B2 / B2 / B2 / 5:A1 / A1 / A1 / A1 / 6:B2 / B2 / B2 / B2,1:川野芽唯 / 2:西澤日花 / 3:土屋千明 / 4:岩崎麗子 / 5:西橋奈未 / 6:坂本奈央,1:-勝率|+当地|-モータ|+級別 / 2:-勝率|+当地|-モータ|-ST / 3:-勝率|+当地|-モータ|-ST|-近況|+級別 / 4:-勝率|+当地|-モータ|-ST|-近況|-級別 / 5:+勝率|+当地|-モータ|+級別 / 6:-モータ|-級別,1:-勝率|+当地|-モータ|+級別 / 2:-勝率|+当地|-モータ|-ST / 3:-勝率|+当地|-モータ|-ST|-近況|+級別 / 4:-勝率|+当地|-モータ|-ST|-近況|-級別 / 5:+勝率|+当地|-モータ|+級別 / 6:-モータ|-級別,,,,,,,,,,2026-04-25 17:03:53 JST,,,100,,,,3連単,4,,6.4,base素材○,base素材○ / 地力上位 / 当地巧者 / 級別傾向強い,2026-04-25 03:59:01 JST,,0
2026-04-25,19:04,蒲郡,9R,9,official_all,★★★★☆,6-3-1 / 6-1-3 / 6-3-2 / 6-1-2 / 6-2-3 / 6-2-1,7.87,AI★★★★★,6-3-5 / 6-3-1 / 6-3-4 / 6-3-2 / 6-5-3 / 6-5-1,base土台○ / 地力上位 / 級別傾向強い / インやや強め,,,,,,,,,,,,,,,,1:A2 / A2 / A2 / A2 / 2:B1 / B1 / B1 / B1 / 3:A1 / A1 / A1 / A1 / 4:B1 / B1 / B1 / B1 / 5:B1 / B1 / B1 / B1 / 6:A1 / A1 / A1 / A1,1:津久井拓 / 2:天野 誠 / 3:秋元 哲 / 4:樋口範政 / 5:山口 亮 / 6:黒井達矢,1:-勝率|+当地|-モータ|-ST|+級別 / 2:-勝率|+当地|-モータ|-ST / 3:-勝率|+当地|-モータ|-近況|+級別 / 4:-勝率|+当地|-モータ|-ST|-近況 / 5:+当地|-モータ / 6:+勝率|-モータ|+級別,1:-勝率|+当地|-モータ|-ST|+級別 / 2:-勝率|+当地|-モータ|-ST / 3:-勝率|+当地|-モータ|-近況|+級別 / 4:-勝率|+当地|-モータ|-ST|-近況 / 5:+当地|-モータ / 6:+勝率|-モータ|+級別,,,,,,,,,,2026-04-25 03:59:01 JST,,,100,,,,3連単,2,,6.63,base素材○,base素材○ / 地力上位 / 級別傾向強い,2026-04-25 03:59:01 JST,,
2026-04-25,19:10,住之江,9R,9,official_all,★☆☆☆☆,1-3-5 / 1-5-3 / 1-3-4 / 1-5-4 / 1-4-3 / 1-4-5,5.25,AI★★★★★,5-3-6 / 5-3-1 / 5-3-4 / 5-3-2 / 5-6-3 / 5-6-1,base土台○ / 地力上位 / 当地巧者 / 級別傾向強い / 攻めやや注意,,,,,,,,,,,,,,,,1:A2 / A2 / A2 / B1 / 2:B1 / B1 / B1 / B1 / 3:A2 / A1 / A1 / A2 / 4:B1 / A2 / B1 / B2 / 5:A1 / A2 / A2 / A1 / 6:B1 / B1 / B1 / B1,1:山口真喜 / 2:谷 勝幸 / 3:篠田優也 / 4:小池礼乃 / 5:高橋正男 / 6:坂東 満,1:-勝率|+当地|-モータ|-ST|+級別 / 2:-勝率|+当地|-モータ|-ST / 3:-勝率|+当地|-モータ|-ST|-近況|+級別 / 4:-勝率|+当地|-モータ|-ST|-近況 / 5:+勝率|+当地|-モータ|+級別 / 6:-モータ,1:-勝率|+当地|-モータ|-ST|+級別 / 2:-勝率|+当地|-モータ|-ST / 3:-勝率|+当地|-モータ|-ST|-近況|+級別 / 4:-勝率|+当地|-モータ|-ST|-近況 / 5:+勝率|+当地|-モータ|+級別 / 6:-モータ,,,,,,,,,,2026-04-25 03:59:01 JST,,,100,,,,3連単,3,,3.39,base素材○,base素材○ / 地力上位 / 当地巧者 / 級別傾向強い,2026-04-25 03:59:01 JST,,
2026-04-25,19:16,丸亀,9R,9,official_all,★☆☆☆☆,1-2-5 / 1-5-2 / 1-2-4 / 1-5-4 / 1-4-2 / 1-4-5,4.61,AI★★★★★,1-5-2 / 1-5-4 / 1-5-3 / 1-5-6 / 1-2-5 / 1-2-4,base土台◎ / 当地巧者 / 級別傾向強い / 1号艇有利 / 攻めやや注意,,,,,,,,,,,,,,,,1:A1 / A1 / A1 / A1 / 2:A1 / A1 / A2 / A2 / 3:B1 / B1 / B1 / B1 / 4:B1 / B1 / B1 / B1 / 5:A2 / A1 / A2 / A1 / 6:B2 / B2 / B2 / A2,1:三嶌誠司 / 2:川原祐明 / 3:川上清人 / 4:西丸敦基 / 5:濱野斗馬 / 6:西村美智,1:-勝率|+当地|-モータ|+級別 / 2:-勝率|+当地|-モータ|+級別 / 3:-勝率|+当地|-モータ|-ST|-近況 / 4:-勝率|+当地|-モータ|-ST|-近況 / 5:+当地|-モータ|+級別 / 6:-モータ|-級別,1:-勝率|+当地|-モータ|+級別 / 2:-勝率|+当地|-モータ|+級別 / 3:-勝率|+当地|-モータ|-ST|-近況 / 4:-勝率|+当地|-モータ|-ST|-近況 / 5:+当地|-モータ|+級別 / 6:-モータ|-級別,,,,,,,,,,2026-04-25 03:59:01 JST,,,100,,,,3連単,2,,4.25,base素材○,base素材○ / 当地巧者 / 級別傾向強い / 1号艇有利,2026-04-25 03:59:01 JST,,
2026-04-25,19:23,桐生,10R,10,official_all,★★★★★,3-2-1 / 3-1-2 / 3-2-4 / 3-1-4 / 3-4-2 / 3-4-1,5.39,AI★★★★★,3-2-6 / 3-2-5 / 3-2-4 / 3-2-1 / 3-6-2 / 3-6-5,base土台◎ / 当地巧者 / 級別傾向強い / 中枠攻め候補 / インやや強め,,,,,,,,,,,,,,,,1:B1 / B1 / B1 / A2 / 2:A1 / A1 / A1 / A1 / 3:A1 / A1 / A1 / A1 / 4:B1 / B1 / B1 / B2 / 5:B1 / B1 / B1 / B1 / 6:B1 / B1 / B1 / B1,1:木場悠介 / 2:東本勝利 / 3:豊田健士 / 4:一色凌雅 / 5:小森信雄 / 6:井上尚悟,1:-勝率|+当地|-モータ|-ST / 2:-勝率|+当地|-モータ|+級別 / 3:-勝率|+当地|-モータ|-近況|+級別 / 4:-勝率|+当地|-モータ|-ST|-近況|-級別 / 5:+当地|-モータ / 6:-モータ,1:-勝率|+当地|-モータ|-ST / 2:-勝率|+当地|-モータ|+級別 / 3:-勝率|+当地|-モータ|-近況|+級別 / 4:-勝率|+当地|-モータ|-ST|-近況|-級別 / 5:+当地|-モータ / 6:-モータ,,,,,,,,,,2026-04-25 03:59:01 JST,,,100,,,,3連単,2,,4.89,base素材○,base素材○ / 当地巧者 / 級別傾向強い / 中枠攻め候補,2026-04-25 03:59:01 JST,,
2026-04-25,19:29,若松,10R,10,official_all,★★★★☆,5-1-4 / 5-4-1 / 5-1-3 / 5-4-3 / 5-3-1 / 5-3-4,7.37,AI★★★★★,5-1-4 / 5-1-3 / 5-1-6 / 5-1-2 / 5-4-1 / 5-4-3,base土台○ / 地力上位 / 当地巧者 / 級別傾向強い / 差しやや警戒,,,,,,,,,,,,,,,,1:A1 / A1 / A1 / A1 / 2:B2 / B2 / B2 / B1 / 3:A2 / A1 / A2 / A2 / 4:A1 / A2 / A1 / A2 / 5:A1 / A1 / A1 / A1 / 6:B1 / B1 / B1 / B1,1:平山智加 / 2:深見亜由 / 3:今井裕梨 / 4:前田紗希 / 5:三浦永理 / 6:大久保佑,1:-勝率|+当地|-モータ|+級別 / 2:-勝率|+当地|-モータ|-ST|-級別 / 3:-勝率|+当地|-モータ|-ST|-近況|+級別 / 4:-勝率|+当地|-モータ|-近況|+級別 / 5:+勝率|+当地|-モータ|+級別 / 6:-モータ,1:-勝率|+当地|-モータ|+級別 / 2:-勝率|+当地|-モータ|-ST|-級別 / 3:-勝率|+当地|-モータ|-ST|-近況|+級別 / 4:-勝率|+当地|-モータ|-近況|+級別 / 5:+勝率|+当地|-モータ|+級別 / 6:-モータ,,,,,,,,,,2026-04-25 03:59:01 JST,,,100,,,,3連単,4,,6.68,base素材○,base素材○ / 地力上位 / 当地巧者 / 級別傾向強い,2026-04-25 03:59:01 JST,,
2026-04-25,19:35,蒲郡,10R,10,official_all,★★★★☆,1-3-4 / 1-4-3 / 1-3-6 / 1-4-6 / 1-6-3 / 1-6-4,4.21,AI★★★★★,1-6-4 / 1-6-5 / 1-6-3 / 1-6-2 / 1-4-6 / 1-4-5,base土台◎ / 当地巧者 / 級別傾向強い / 1号艇有利,,,,,,,,,,,,,,,,1:A1 / A1 / A1 / A1 / 2:B1 / B1 / B1 / B1 / 3:B1 / A2 / A2 / A2 / 4:A1 / A2 / A2 / A2 / 5:B1 / B1 / B1 / B1 / 6:A2 / A1 / A1 / A2,1:前田将太 / 2:木下陽介 / 3:金田幸子 / 4:宮下元胤 / 5:東口 晃 / 6:金子和之,1:-勝率|+当地|-モータ|+級別 / 2:-勝率|+当地|-モータ|-ST / 3:-勝率|+当地|-モータ|-ST|-近況|+級別 / 4:-勝率|+当地|-モータ|-近況|+級別 / 5:+当地|-モータ / 6:+勝率|-モータ|+級別,1:-勝率|+当地|-モータ|+級別 / 2:-勝率|+当地|-モータ|-ST / 3:-勝率|+当地|-モータ|-ST|-近況|+級別 / 4:-勝率|+当地|-モータ|-近況|+級別 / 5:+当地|-モータ / 6:+勝率|-モータ|+級別,,,,,,,,,,2026-04-25 03:59:01 JST,,,100,,,,3連単,2,,4.47,base素材○,base素材○ / 当地巧者 / 級別傾向強い / 1号艇有利,2026-04-25 03:59:01 JST,,
2026-04-25,19:42,住之江,10R,10,official_all,★★★★☆,2-4-1 / 2-1-4 / 2-4-6 / 2-1-6 / 2-6-4 / 2-6-1,3.97,AI★★★★★,5-6-4 / 5-6-2 / 5-6-3 / 5-6-1 / 5-4-6 / 5-4-2,base保留 / 当地巧者 / 級別傾向強い / 攻めやや注意,,,,,,,,,,,,,,,,1:A2 / A1 / B1 / B1 / 2:A2 / A1 / B1 / A2 / 3:B1 / A2 / A2 / A2 / 4:B1 / A2 / A2 / A2 / 5:A1 / A2 / A2 / A2 / 6:A2 / A2 / A2 / B1,1:庄司樹良 / 2:興津 藍 / 3:立間充宏 / 4:岡田憲行 / 5:深川麻奈 / 6:西舘 健,1:-勝率|+当地|-モータ|-ST|+級別 / 2:-勝率|+当地|-モータ|-ST|+級別 / 3:-勝率|+当地|-モータ|-ST|-近況|+級別 / 4:-勝率|+当地|-モータ|-ST|-近況|+級別 / 5:+当地|-モータ|+級別 / 6:-モータ|+級別,1:-勝率|+当地|-モータ|-ST|+級別 / 2:-勝率|+当地|-モータ|-ST|+級別 / 3:-勝率|+当地|-モータ|-ST|-近況|+級別 / 4:-勝率|+当地|-モータ|-ST|-近況|+級別 / 5:+当地|-モータ|+級別 / 6:-モータ|+級別,,,,,,,,,,2026-04-25 03:59:01 JST,,,100,,,,3連単,3,,2.99,base素材○,base素材○ / 当地巧者 / 級別傾向強い,2026-04-25 03:59:01 JST,,
2026-04-25,19:49,丸亀,10R,10,official_all,★★★☆☆,3-1-2 / 3-2-1 / 3-1-6 / 3-2-6 / 3-6-1 / 3-6-2,4.16,AI★★★★★,1-3-6 / 1-3-2 / 1-3-5 / 1-3-4 / 1-6-3 / 1-6-2,base土台◎ / 当地巧者 / 級別傾向強い / 1号艇有利,,,,,,,,,,,,,,,,1:A1 / A1 / A1 / A1 / 2:A2 / A2 / A2 / A2 / 3:A1 / A1 / A1 / B1 / 4:B1 / B1 / B1 / B2 / 5:B1 / B1 / B1 / A2 / 6:B1 / A2 / B1 / B1,1:石丸海渡 / 2:中越博紀 / 3:西岡顕心 / 4:三嶌ここ / 5:宮武英司 / 6:深川和仁,1:-勝率|+当地|-モータ|+級別 / 2:-勝率|+当地|-モータ|-ST|+級別 / 3:-勝率|+当地|-モータ|-近況|+級別 / 4:-勝率|+当地|-モータ|-ST|-近況|-級別 / 5:+当地|-モータ / 6:-モータ,1:-勝率|+当地|-モータ|+級別 / 2:-勝率|+当地|-モータ|-ST|+級別 / 3:-勝率|+当地|-モータ|-近況|+級別 / 4:-勝率|+当地|-モータ|-ST|-近況|-級別 / 5:+当地|-モータ / 6:-モータ,,,,,,,,,,2026-04-25 03:59:01 JST,,,100,,,,3連単,2,,4.08,base素材○,base素材○ / 当地巧者 / 級別傾向強い / 1号艇有利,2026-04-25 03:59:01 JST,,
2026-04-25,19:56,桐生,11R,11,official_all,★★☆☆☆,3-1-4 / 3-4-1 / 3-1-2 / 3-4-2 / 3-2-1 / 3-2-4,7.33,AI★★★★★,4-1-3 / 4-1-6 / 4-1-5 / 4-1-2 / 4-3-1 / 4-3-6,base土台◎ / 地力上位 / 当地巧者 / 級別傾向強い / 中枠攻め候補 / インやや強め,,,,,,,,,,,,,,,,1:A1 / A1 / A2 / A2 / 2:A2 / B1 / B1 / B1 / 3:A2 / A2 / A1 / A2 / 4:A1 / A1 / A1 / A1 / 5:B1 / B1 / B1 / B1 / 6:B1 / B1 / B1 / B1,1:鶴本崇文 / 2:都築正治 / 3:向後龍一 / 4:重木輝彦 / 5:梶山涼斗 / 6:佐竹太一,1:-勝率|+当地|-モータ|+級別 / 2:-勝率|+当地|-モータ|-ST|+級別 / 3:-勝率|+当地|-モータ|-ST|-近況|+級別 / 4:+勝率|+当地|-モータ|-近況|+級別 / 5:+当地|-モータ / 6:-モータ,1:-勝率|+当地|-モータ|+級別 / 2:-勝率|+当地|-モータ|-ST|+級別 / 3:-勝率|+当地|-モータ|-ST|-近況|+級別 / 4:+勝率|+当地|-モータ|-近況|+級別 / 5:+当地|-モータ / 6:-モータ,,,,,,,,,,2026-04-25 03:59:01 JST,,,100,,,,3連単,2,,4.75,base素材○,base素材○ / 地力上位 / 当地巧者 / 級別傾向強い / 中枠攻め候補,2026-04-25 03:59:01 JST,,
2026-04-25,20:02,若松,11R,11,official_all,★★★★☆,4-1-6 / 4-6-1 / 4-1-3 / 4-6-3 / 4-3-1 / 4-3-6,4.29,AI★★★★★,4-6-1 / 4-6-3 / 4-6-5 / 4-6-2 / 4-1-6 / 4-1-3,base土台○ / 当地巧者 / 級別傾向強い / 中枠攻め候補 / 差しやや警戒,,,,,,,,,,,,,,,,1:A1 / A2 / B1 / A2 / 2:A2 / B1 / B1 / B1 / 3:B1 / A2 / A1 / A2 / 4:A1 / A1 / A2 / A1 / 5:B1 / B1 / B1 / B1 / 6:A2 / A2 / A2 / A1,1:山本梨菜 / 2:柴田百恵 / 3:中谷朋子 / 4:小野生奈 / 5:山下友貴 / 6:魚谷香織,1:-勝率|+当地|-モータ|+級別 / 2:-勝率|+当地|-モータ|-ST|+級別 / 3:-勝率|+当地|-モータ|-ST|-近況|+級別 / 4:-勝率|+当地|-モータ|-近況|+級別 / 5:+当地|-モータ / 6:-モータ|+級別,1:-勝率|+当地|-モータ|+級別 / 2:-勝率|+当地|-モータ|-ST|+級別 / 3:-勝率|+当地|-モータ|-ST|-近況|+級別 / 4:-勝率|+当地|-モータ|-近況|+級別 / 5:+当地|-モータ / 6:-モータ|+級別,,,,,,,,,,2026-04-25 03:59:01 JST,,,100,,,,3連単,4,,3.58,base素材○,base素材○ / 当地巧者 / 級別傾向強い / 中枠攻め候補,2026-04-25 03:59:01 JST,,
2026-04-25,20:07,蒲郡,11R,11,official_all,★★★★★,4-1-2 / 4-2-1 / 4-1-6 / 4-2-6 / 4-6-1 / 4-6-2,5.94,AI★★★★★,4-1-6 / 4-1-5 / 4-1-3 / 4-1-2 / 4-6-1 / 4-6-5,base土台◎ / 地力上位 / 当地巧者 / 級別傾向強い / 中枠攻め候補 / インやや強め,,,,,,,,,,,,,,,,1:A1 / A1 / A1 / A1 / 2:B1 / B1 / B1 / B1 / 3:B1 / B1 / B1 / B1 / 4:A1 / A1 / A1 / A1 / 5:A2 / A2 / A2 / B1 / 6:A2 / B1 / A2 / A2,1:稲田浩二 / 2:西川新太 / 3:加藤 翔 / 4:久田敏之 / 5:戸敷晃美 / 6:高橋英之,1:-勝率|+当地|-モータ|+級別 / 2:-勝率|+当地|-モータ|-ST / 3:-勝率|+当地|-モータ|-ST|-近況 / 4:+勝率|+当地|-モータ|-近況|+級別 / 5:+当地|-モータ|+級別 / 6:-モータ|+級別,1:-勝率|+当地|-モータ|+級別 / 2:-勝率|+当地|-モータ|-ST / 3:-勝率|+当地|-モータ|-ST|-近況 / 4:+勝率|+当地|-モータ|-近況|+級別 / 5:+当地|-モータ|+級別 / 6:-モータ|+級別,,,,,,,,,,2026-04-25 03:59:01 JST,,,100,,,,3連単,2,,5.69,base素材○,base素材○ / 地力上位 / 当地巧者 / 級別傾向強い / 中枠攻め候補,2026-04-25 03:59:01 JST,,
2026-04-25,20:12,住之江,11R,11,official_all,★★★★☆,4-1-2 / 4-2-1 / 4-1-5 / 4-2-5 / 4-5-1 / 4-5-2,7.8,AI★★★★★,4-2-5 / 4-2-6 / 4-2-1 / 4-2-3 / 4-5-2 / 4-5-6,base土台○ / 地力上位 / 当地巧者 / 級別傾向強い / 中枠攻め候補 / 攻めやや注意,,,,,,,,,,,,,,,,1:A2 / B1 / A2 / A2 / 2:A2 / A1 / A1 / A2 / 3:B1 / B1 / B1 / B1 / 4:A1 / A1 / A1 / A1 / 5:B1 / B1 / B1 / A2 / 6:B1 / B1 / B1 / B1,1:三好勇人 / 2:中野仁照 / 3:井手良太 / 4:藤岡俊介 / 5:久永祥平 / 6:庄司孝輔,1:-勝率|+当地|-モータ|-ST|+級別 / 2:-勝率|+当地|-モータ|-ST|+級別 / 3:-勝率|+当地|-モータ|-ST|-近況 / 4:+勝率|+当地|-モータ|-近況|+級別 / 5:+当地|-モータ / 6:-モータ,1:-勝率|+当地|-モータ|-ST|+級別 / 2:-勝率|+当地|-モータ|-ST|+級別 / 3:-勝率|+当地|-モータ|-ST|-近況 / 4:+勝率|+当地|-モータ|-近況|+級別 / 5:+当地|-モータ / 6:-モータ,,,,,,,,,,2026-04-25 03:59:01 JST,,,100,,,,3連単,3,,4.53,base素材○,base素材○ / 地力上位 / 当地巧者 / 級別傾向強い / 中枠攻め候補,2026-04-25 03:59:01 JST,,
2026-04-25,20:17,丸亀,11R,11,official_all,★☆☆☆☆,3-2-1 / 3-1-2 / 3-2-5 / 3-1-5 / 3-5-2 / 3-5-1,5.24,AI★★★★★,3-5-1 / 3-5-4 / 3-5-6 / 3-5-2 / 3-1-5 / 3-1-4,base土台○ / 当地巧者 / 級別傾向強い / 中枠攻め候補 / 攻めやや注意,,,,,,,,,,,,,,,,1:A1 / A2 / A1 / A2 / 2:A1 / B1 / B2 / B2 / 3:A1 / A1 / A1 / A1 / 4:A2 / A2 / A2 / A1 / 5:A2 / A2 / A1 / A1 / 6:A2 / B1 / A2 / B1,1:木谷賢太 / 2:中村桃佳 / 3:中村日向 / 4:松尾 祭 / 5:宮崎 奨 / 6:水谷理人,1:-勝率|+当地|-モータ|+級別 / 2:-勝率|+当地|-モータ|+級別 / 3:-勝率|+当地|-モータ|-近況|+級別 / 4:-勝率|+当地|-モータ|-近況|+級別 / 5:+当地|-モータ|+級別 / 6:-モータ|+級別,1:-勝率|+当地|-モータ|+級別 / 2:-勝率|+当地|-モータ|+級別 / 3:-勝率|+当地|-モータ|-近況|+級別 / 4:-勝率|+当地|-モータ|-近況|+級別 / 5:+当地|-モータ|+級別 / 6:-モータ|+級別,,,,,,,,,,2026-04-25 03:59:01 JST,,,100,,,,3連単,2,,4.8,base素材○,base素材○ / 当地巧者 / 級別傾向強い / 中枠攻め候補,2026-04-25 03:59:01 JST,,
2026-04-25,20:30,桐生,12R,12,official_all,★★☆☆☆,1-4-3 / 1-3-4 / 1-4-2 / 1-3-2 / 1-2-4 / 1-2-3,5.03,AI★★★★★,4-3-2 / 4-3-1 / 4-3-5 / 4-3-6 / 4-2-3 / 4-2-1,base土台◎ / 地力上位 / 当地巧者 / 級別傾向強い / 中枠攻め候補 / インやや強め,,,,,,,,,,,,,,,,1:A1 / A1 / A1 / A1 / 2:A1 / A1 / A1 / A1 / 3:A1 / A1 / A1 / A1 / 4:A1 / A1 / A1 / A1 / 5:A2 / A1 / A1 / B2 / 6:B1 / A2 / A2 / A2,1:丸野一樹 / 2:松本純平 / 3:塩田北斗 / 4:常住 蓮 / 5:山田晃大 / 6:黄金井力,1:-勝率|+当地|-モータ|+級別 / 2:-勝率|+当地|-モータ|+級別 / 3:-勝率|+当地|-モータ|-近況|+級別 / 4:+勝率|+当地|-モータ|-近況|+級別 / 5:+当地|-モータ|+級別 / 6:-モータ|+級別,1:-勝率|+当地|-モータ|+級別 / 2:-勝率|+当地|-モータ|+級別 / 3:-勝率|+当地|-モータ|-近況|+級別 / 4:+勝率|+当地|-モータ|-近況|+級別 / 5:+当地|-モータ|+級別 / 6:-モータ|+級別,,,,,,,,,,2026-04-25 03:59:01 JST,,,100,,,,3連単,2,,6.3,base素材○,base素材○ / 地力上位 / 当地巧者 / 級別傾向強い / 中枠攻め候補,2026-04-25 03:59:01 JST,,
2026-04-25,20:34,若松,12R,12,official_all,★★★★☆,4-1-5 / 4-5-1 / 4-1-2 / 4-5-2 / 4-2-1 / 4-2-5,6.89,AI★★★★★,4-5-6 / 4-5-1 / 4-5-3 / 4-5-2 / 4-6-5 / 4-6-1,base土台○ / 地力上位 / 当地巧者 / 級別傾向強い / 中枠攻め候補 / 差しやや警戒,,,,,,,,,,,,,,,,1:A1 / A2 / B1 / B2 / 2:B1 / B1 / B1 / A2 / 3:B1 / B1 / B1 / B1 / 4:A1 / A1 / A1 / A1 / 5:A2 / A2 / A1 / A1 / 6:A2 / B1 / B1 / B1,1:小芦るり / 2:犬童千秋 / 3:中里優子 / 4:渡邉優美 / 5:喜井つか / 6:湯淺紀香,1:-勝率|+当地|-モータ|+級別 / 2:-勝率|+当地|-モータ|-ST / 3:-勝率|+当地|-モータ|-ST|-近況 / 4:+勝率|+当地|-モータ|-近況|+級別 / 5:+当地|-モータ|+級別 / 6:-モータ|+級別,1:-勝率|+当地|-モータ|+級別 / 2:-勝率|+当地|-モータ|-ST / 3:-勝率|+当地|-モータ|-ST|-近況 / 4:+勝率|+当地|-モータ|-近況|+級別 / 5:+当地|-モータ|+級別 / 6:-モータ|+級別,,,,,,,,,,2026-04-25 03:59:01 JST,,,100,,,,3連単,4,,5.28,base素材○,base素材○ / 地力上位 / 当地巧者 / 級別傾向強い / 中枠攻め候補,2026-04-25 03:59:01 JST,,
2026-04-25,20:38,蒲郡,12R,12,official_all,★☆☆☆☆,1-4-5 / 1-5-4 / 1-4-6 / 1-5-6 / 1-6-4 / 1-6-5,5.6,AI★★★★★,4-5-1 / 4-5-6 / 4-5-2 / 4-5-3 / 4-1-5 / 4-1-6,base土台◎ / 地力上位 / 当地巧者 / 級別傾向強い / 中枠攻め候補 / インやや強め,,,,,,,,,,,,,,,,1:A1 / A1 / A1 / A1 / 2:A2 / B1 / B1 / A2 / 3:B1 / A2 / B1 / B1 / 4:A1 / A1 / A1 / A1 / 5:A1 / A2 / A1 / A2 / 6:A2 / A1 / A2 / B1,1:吉田拡郎 / 2:平川香織 / 3:齊藤 優 / 4:金子拓矢 / 5:上村純一 / 6:田路朋史,1:-勝率|+当地|-モータ|+級別 / 2:-勝率|+当地|-モータ|-ST|+級別 / 3:-勝率|+当地|-モータ|-ST|-近況 / 4:+勝率|+当地|-モータ|-近況|+級別 / 5:+勝率|+当地|-モータ|+級別 / 6:-モータ|+級別,1:-勝率|+当地|-モータ|+級別 / 2:-勝率|+当地|-モータ|-ST|+級別 / 3:-勝率|+当地|-モータ|-ST|-近況 / 4:+勝率|+当地|-モータ|-近況|+級別 / 5:+勝率|+当地|-モータ|+級別 / 6:-モータ|+級別,,,,,,,,,,2026-04-25 03:59:01 JST,,,100,,,,3連単,2,,6.08,base素材○,base素材○ / 地力上位 / 当地巧者 / 級別傾向強い / 中枠攻め候補,2026-04-25 03:59:01 JST,,
2026-04-25,20:42,住之江,12R,12,official_all,★☆☆☆☆,3-1-5 / 3-5-1 / 3-1-6 / 3-5-6 / 3-6-1 / 3-6-5,4.55,AI★★★★★,1-6-3 / 1-6-4 / 1-6-5 / 1-6-2 / 1-3-6 / 1-3-4,base土台◎ / 当地巧者 / 級別傾向強い / 1号艇有利 / 攻めやや注意,,,,,,,,,,,,,,,,1:A1 / A1 / A1 / A1 / 2:B1 / B1 / A2 / B1 / 3:A2 / A1 / A1 / A2 / 4:A2 / A2 / A2 / A2 / 5:B1 / B1 / A2 / A2 / 6:A2 / A2 / A2 / A2,1:永井 源 / 2:岡部大輝 / 3:北川潤二 / 4:小坂宗司 / 5:小野寺智 / 6:中山 将,1:-勝率|+当地|-モータ|+級別 / 2:-勝率|+当地|-モータ|-ST / 3:-勝率|+当地|-モータ|-ST|-近況|+級別 / 4:-勝率|+当地|-モータ|-近況|+級別 / 5:+当地|-モータ / 6:-モータ|+級別,1:-勝率|+当地|-モータ|+級別 / 2:-勝率|+当地|-モータ|-ST / 3:-勝率|+当地|-モータ|-ST|-近況|+級別 / 4:-勝率|+当地|-モータ|-近況|+級別 / 5:+当地|-モータ / 6:-モータ|+級別,,,,,,,,,,2026-04-25 03:59:01 JST,,,100,,,,3連単,3,,3.83,base素材○,base素材○ / 当地巧者 / 級別傾向強い / 1号艇有利,2026-04-25 03:59:01 JST,,
2026-04-25,20:45,丸亀,12R,12,official_all,★☆☆☆☆,1-2-3 / 1-3-2 / 1-2-5 / 1-3-5 / 1-5-2 / 1-5-3,6.37,AI★★★★★,6-4-5 / 6-4-2 / 6-4-1 / 6-4-3 / 6-5-4 / 6-5-2,base保留 / 地力上位 / 級別傾向強い / 攻めやや注意,,,,,,,,,,,,,,,,1:A1 / A1 / A1 / A1 / 2:A1 / A1 / A1 / A1 / 3:A1 / A2 / A2 / B1 / 4:A1 / A1 / A1 / A1 / 5:A1 / A1 / A2 / A1 / 6:A1 / A1 / A1 / A1,1:片岡雅裕 / 2:中村晃朋 / 3:西丸侑太 / 4:中田元泰 / 5:松尾夏海 / 6:竹田和哉,1:-勝率|+当地|-モータ|+級別 / 2:-勝率|+当地|-モータ|+級別 / 3:-勝率|+当地|-モータ|-近況|+級別 / 4:+勝率|+当地|-モータ|-近況|+級別 / 5:+勝率|+当地|-モータ|+級別 / 6:+勝率|-モータ|+級別,1:-勝率|+当地|-モータ|+級別 / 2:-勝率|+当地|-モータ|+級別 / 3:-勝率|+当地|-モータ|-近況|+級別 / 4:+勝率|+当地|-モータ|-近況|+級別 / 5:+勝率|+当地|-モータ|+級別 / 6:+勝率|-モータ|+級別,,,,,,,,,,2026-04-25 03:59:01 JST,,,100,,,,3連単,2,,7.68,base素材○,base素材○ / 地力上位 / 級別傾向強い,2026-04-25 03:59:01 JST,,
